ISO-10303-21;
HEADER;
/* Generated by software containing ST-Developer
 * from STEP Tools, Inc. (www.steptools.com) 
 */

FILE_DESCRIPTION(
/* description */ (''),
/* implementation_level */ '2;1');

FILE_NAME(
/* name */ 'Bridge-fix-groove.step',
/* time_stamp */ '2025-06-23T18:58:29+02:00',
/* author */ (''),
/* organization */ (''),
/* preprocessor_version */ 'ST-DEVELOPER v20.1',
/* originating_system */ 'Autodesk Translation Framework v14.10.0.0',
/* authorisation */ '');

FILE_SCHEMA (('AUTOMOTIVE_DESIGN { 1 0 10303 214 3 1 1 }'));
ENDSEC;

DATA;
#10=MECHANICAL_DESIGN_GEOMETRIC_PRESENTATION_REPRESENTATION('',(#13),#7689);
#11=SHAPE_REPRESENTATION_RELATIONSHIP('SRR','None',#7696,#12);
#12=ADVANCED_BREP_SHAPE_REPRESENTATION('',(#14),#7688);
#13=STYLED_ITEM('',(#7705),#14);
#14=MANIFOLD_SOLID_BREP('mold',#4233);
#15=FACE_BOUND('',#452,.T.);
#16=FACE_BOUND('',#453,.T.);
#17=FACE_BOUND('',#454,.T.);
#18=FACE_BOUND('',#455,.T.);
#19=B_SPLINE_CURVE_WITH_KNOTS('',3,(#6113,#6114,#6115,#6116,#6117,#6118,
#6119,#6120,#6121,#6122),.UNSPECIFIED.,.F.,.F.,(4,2,2,2,4),(0.978512291471929,
1.07200414295284,1.1572609210268,1.23378176930031,1.30375896728643),
 .UNSPECIFIED.);
#20=B_SPLINE_CURVE_WITH_KNOTS('',3,(#6126,#6127,#6128,#6129,#6130,#6131,
#6132,#6133,#6134,#6135),.UNSPECIFIED.,.F.,.F.,(4,2,2,2,4),(0.,0.0688174168384578,
0.146089993118629,0.234905603092049,0.334898742681172),.UNSPECIFIED.);
#21=B_SPLINE_CURVE_WITH_KNOTS('',3,(#6146,#6147,#6148,#6149,#6150,#6151,
#6152,#6153,#6154,#6155),.UNSPECIFIED.,.F.,.F.,(4,2,2,2,4),(0.345280461739652,
0.441605357061603,0.537930252383554,0.612431398422757,0.686932544461961),
 .UNSPECIFIED.);
#22=B_SPLINE_CURVE_WITH_KNOTS('',3,(#6159,#6160,#6161,#6162,#6163,#6164,
#6165,#6166,#6167,#6168),.UNSPECIFIED.,.F.,.F.,(4,2,2,2,4),(0.,0.0745011460392031,
0.149002292078406,0.245327187400358,0.34165208272231),.UNSPECIFIED.);
#23=B_SPLINE_CURVE_WITH_KNOTS('',3,(#6213,#6214,#6215,#6216,#6217,#6218,
#6219,#6220,#6221,#6222),.UNSPECIFIED.,.F.,.F.,(4,2,2,2,4),(-0.341652082722306,
-0.245327187400356,-0.149002292078407,-0.0745011460392033,0.),
 .UNSPECIFIED.);
#24=B_SPLINE_CURVE_WITH_KNOTS('',3,(#6225,#6226,#6227,#6228,#6229,#6230,
#6231,#6232,#6233,#6234),.UNSPECIFIED.,.F.,.F.,(4,2,2,2,4),(0.686783619542663,
0.761284765581867,0.83578591162107,0.932110806943019,1.02843570226497),
 .UNSPECIFIED.);
#25=B_SPLINE_CURVE_WITH_KNOTS('',3,(#6271,#6272,#6273,#6274,#6275,#6276,
#6277,#6278,#6279,#6280),.UNSPECIFIED.,.F.,.F.,(4,2,2,2,4),(0.305387186486469,
0.383160543056066,0.460933899625663,0.53617976189612,0.611425624166577),
 .UNSPECIFIED.);
#26=B_SPLINE_CURVE_WITH_KNOTS('',3,(#6284,#6285,#6286,#6287,#6288,#6289,
#6290,#6291,#6292,#6293),.UNSPECIFIED.,.F.,.F.,(4,2,2,2,4),(0.,0.0752458622704568,
0.150491724540914,0.228265081110511,0.306038437680108),.UNSPECIFIED.);
#27=B_SPLINE_CURVE_WITH_KNOTS('',3,(#6297,#6298,#6299,#6300,#6301,#6302,
#6303,#6304,#6305,#6306),.UNSPECIFIED.,.F.,.F.,(4,2,2,2,4),(-0.301476588207093,
-0.2260701768202,-0.150663765433307,-0.0753318827166534,0.),
 .UNSPECIFIED.);
#28=B_SPLINE_CURVE_WITH_KNOTS('',3,(#6309,#6310,#6311,#6312,#6313,#6314,
#6315,#6316,#6317,#6318),.UNSPECIFIED.,.F.,.F.,(4,2,2,2,4),(0.603076892982658,
0.678408775699311,0.753740658415964,0.829147069802857,0.90455348118975),
 .UNSPECIFIED.);
#29=B_SPLINE_CURVE_WITH_KNOTS('',3,(#6323,#6324,#6325,#6326,#6327,#6328,
#6329,#6330,#6331,#6332),.UNSPECIFIED.,.F.,.F.,(4,2,2,2,4),(0.,0.0753318827166532,
0.150663765433306,0.226070176820199,0.301476588207093),.UNSPECIFIED.);
#30=B_SPLINE_CURVE_WITH_KNOTS('',3,(#6336,#6337,#6338,#6339,#6340,#6341,
#6342,#6343,#6344,#6345),.UNSPECIFIED.,.F.,.F.,(4,2,2,2,4),(-0.306038437680109,
-0.228265081110511,-0.150491724540914,-0.0752458622704568,0.),
 .UNSPECIFIED.);
#31=B_SPLINE_CURVE_WITH_KNOTS('',3,(#6349,#6350,#6351,#6352,#6353,#6354,
#6355,#6356,#6357,#6358),.UNSPECIFIED.,.F.,.F.,(4,2,2,2,4),(0.611425624166578,
0.686671486437035,0.761917348707492,0.83969070527709,0.917464061846687),
 .UNSPECIFIED.);
#32=B_SPLINE_CURVE_WITH_KNOTS('',3,(#6361,#6362,#6363,#6364,#6365,#6366,
#6367,#6368,#6369,#6370),.UNSPECIFIED.,.F.,.F.,(4,2,2,2,4),(0.301600304775566,
0.377006716162459,0.452413127549352,0.527745010266005,0.603076892982658),
 .UNSPECIFIED.);
#33=B_SPLINE_CURVE_WITH_KNOTS('',3,(#6375,#6376,#6377,#6378,#6379,#6380,
#6381,#6382,#6383,#6384),.UNSPECIFIED.,.F.,.F.,(4,2,2,2,4),(0.,0.0750936387167776,
0.150187277433555,0.230107371507964,0.310027465582373),.UNSPECIFIED.);
#34=B_SPLINE_CURVE_WITH_KNOTS('',3,(#6388,#6389,#6390,#6391,#6392,#6393,
#6394,#6395,#6396,#6397),.UNSPECIFIED.,.F.,.F.,(4,2,2,2,4),(-0.328579296039232,
-0.239164921723609,-0.149750547407987,-0.0748752737039933,0.),
 .UNSPECIFIED.);
#35=B_SPLINE_CURVE_WITH_KNOTS('',3,(#6401,#6402,#6403,#6404,#6405,#6406,
#6407,#6408,#6409,#6410),.UNSPECIFIED.,.F.,.F.,(4,2,2,2,4),(0.654939440804339,
0.729814714508332,0.804689988212325,0.894104362527948,0.983518736843571),
 .UNSPECIFIED.);
#36=B_SPLINE_CURVE_WITH_KNOTS('',3,(#6413,#6414,#6415,#6416,#6417,#6418,
#6419,#6420,#6421,#6422),.UNSPECIFIED.,.F.,.F.,(4,2,2,2,4),(0.311049867920875,
0.390969961995284,0.470890056069693,0.54598369478647,0.621077333503248),
 .UNSPECIFIED.);
#37=B_SPLINE_CURVE_WITH_KNOTS('',3,(#6427,#6428,#6429,#6430,#6431,#6432,
#6433,#6434,#6435,#6436),.UNSPECIFIED.,.F.,.F.,(4,2,2,2,4),(0.,0.0748752737039935,
0.149750547407987,0.239164921723608,0.328579296039229),.UNSPECIFIED.);
#38=B_SPLINE_CURVE_WITH_KNOTS('',3,(#6440,#6441,#6442,#6443,#6444,#6445,
#6446,#6447,#6448,#6449),.UNSPECIFIED.,.F.,.F.,(4,2,2,2,4),(-0.310027465582372,
-0.230107371507963,-0.150187277433555,-0.0750936387167773,0.),
 .UNSPECIFIED.);
#39=B_SPLINE_CURVE_WITH_KNOTS('',3,(#6453,#6454,#6455,#6456,#6457,#6458,
#6459,#6460,#6461,#6462),.UNSPECIFIED.,.F.,.F.,(4,2,2,2,4),(0.621077333503246,
0.696170972220023,0.7712646109368,0.851184705011209,0.931104799085617),
 .UNSPECIFIED.);
#40=B_SPLINE_CURVE_WITH_KNOTS('',3,(#6465,#6466,#6467,#6468,#6469,#6470,
#6471,#6472,#6473,#6474),.UNSPECIFIED.,.F.,.F.,(4,2,2,2,4),(0.326360144765104,
0.415774519080726,0.505188893396348,0.580064167100341,0.654939440804334),
 .UNSPECIFIED.);
#41=B_SPLINE_CURVE_WITH_KNOTS('',3,(#6477,#6478,#6479,#6480,#6481,#6482,
#6483,#6484,#6485,#6486),.UNSPECIFIED.,.F.,.F.,(4,2,2,2,4),(0.904509044183879,
0.982012547393861,1.05812076800173,1.13263750918522,1.20588514245341),
 .UNSPECIFIED.);
#42=B_SPLINE_CURVE_WITH_KNOTS('',3,(#6489,#6490,#6491,#6492,#6493,#6494,
#6495,#6496,#6497,#6498),.UNSPECIFIED.,.F.,.F.,(4,2,2,2,4),(0.,0.0728142641099495,
0.147587965577434,0.22483921446912,0.304283014351587),.UNSPECIFIED.);
#43=B_SPLINE_CURVE_WITH_KNOTS('',3,(#6501,#6502,#6503,#6504,#6505,#6506,
#6507,#6508,#6509,#6510),.UNSPECIFIED.,.F.,.F.,(4,2,2,2,4),(0.888778091732144,
0.962869742423531,1.03694401989275,1.11099814351691,1.18503595211455),
 .UNSPECIFIED.);
#44=B_SPLINE_CURVE_WITH_KNOTS('',3,(#6513,#6514,#6515,#6516,#6517,#6518,
#6519,#6520,#6521,#6522),.UNSPECIFIED.,.F.,.F.,(4,2,2,2,4),(0.,0.0740378085976375,
0.148091932221794,0.222166209691012,0.296257860382401),.UNSPECIFIED.);
#45=B_SPLINE_CURVE_WITH_KNOTS('',3,(#6525,#6526,#6527,#6528,#6529,#6530,
#6531,#6532,#6533,#6534),.UNSPECIFIED.,.F.,.F.,(4,2,2,2,4),(0.913463997699141,
0.992907797581608,1.07015904647329,1.14493274794078,1.21774701205073),
 .UNSPECIFIED.);
#46=B_SPLINE_CURVE_WITH_KNOTS('',3,(#6537,#6538,#6539,#6540,#6541,#6542,
#6543,#6544,#6545,#6546),.UNSPECIFIED.,.F.,.F.,(4,2,2,2,4),(0.,0.0732476332681883,
0.147764374451678,0.223872595059547,0.301376098269527),.UNSPECIFIED.);
#47=B_SPLINE_CURVE_WITH_KNOTS('',3,(#6549,#6550,#6551,#6552,#6553,#6554,
#6555,#6556,#6557,#6558),.UNSPECIFIED.,.F.,.F.,(4,2,2,2,4),(1.0087579807973,
1.10875112038642,1.19756673035984,1.27483930664001,1.34365672347847),
 .UNSPECIFIED.);
#48=B_SPLINE_CURVE_WITH_KNOTS('',3,(#6561,#6562,#6563,#6564,#6565,#6566,
#6567,#6568,#6569,#6570),.UNSPECIFIED.,.F.,.F.,(4,2,2,2,4),(0.,0.069977197986121,
0.146498046259635,0.231754824333589,0.325246675814502),.UNSPECIFIED.);
#49=B_SPLINE_CURVE_WITH_KNOTS('',3,(#6573,#6574,#6575,#6576,#6577,#6578,
#6579,#6580,#6581,#6582),.UNSPECIFIED.,.F.,.F.,(4,2,2,2,4),(0.978512291471921,
1.07200414295283,1.15726092102679,1.2337817693003,1.30375896728642),
 .UNSPECIFIED.);
#50=B_SPLINE_CURVE_WITH_KNOTS('',3,(#6585,#6586,#6587,#6588,#6589,#6590,
#6591,#6592,#6593,#6594),.UNSPECIFIED.,.F.,.F.,(4,2,2,2,4),(0.,0.0688174168384591,
0.146089993118629,0.23490560309205,0.334898742681168),.UNSPECIFIED.);
#51=B_SPLINE_CURVE_WITH_KNOTS('',3,(#6597,#6598,#6599,#6600,#6601,#6602,
#6603,#6604,#6605,#6606),.UNSPECIFIED.,.F.,.F.,(4,2,2,2,4),(0.904509044183879,
0.982012547393859,1.05812076800173,1.13263750918522,1.20588514245341),
 .UNSPECIFIED.);
#52=B_SPLINE_CURVE_WITH_KNOTS('',3,(#6609,#6610,#6611,#6612,#6613,#6614,
#6615,#6616,#6617,#6618),.UNSPECIFIED.,.F.,.F.,(4,2,2,2,4),(0.,0.0728142641099499,
0.147587965577433,0.224839214469119,0.304283014351585),.UNSPECIFIED.);
#53=B_SPLINE_CURVE_WITH_KNOTS('',3,(#6621,#6622,#6623,#6624,#6625,#6626,
#6627,#6628,#6629,#6630),.UNSPECIFIED.,.F.,.F.,(4,2,2,2,4),(0.888778091732144,
0.962869742423533,1.03694401989275,1.11099814351691,1.18503595211455),
 .UNSPECIFIED.);
#54=B_SPLINE_CURVE_WITH_KNOTS('',3,(#6633,#6634,#6635,#6636,#6637,#6638,
#6639,#6640,#6641,#6642),.UNSPECIFIED.,.F.,.F.,(4,2,2,2,4),(0.,0.0740378085976375,
0.148091932221794,0.222166209691014,0.296257860382401),.UNSPECIFIED.);
#55=B_SPLINE_CURVE_WITH_KNOTS('',3,(#6645,#6646,#6647,#6648,#6649,#6650,
#6651,#6652,#6653,#6654),.UNSPECIFIED.,.F.,.F.,(4,2,2,2,4),(0.913463997699145,
0.992907797581611,1.0701590464733,1.14493274794078,1.21774701205073),
 .UNSPECIFIED.);
#56=B_SPLINE_CURVE_WITH_KNOTS('',3,(#6657,#6658,#6659,#6660,#6661,#6662,
#6663,#6664,#6665,#6666),.UNSPECIFIED.,.F.,.F.,(4,2,2,2,4),(0.,0.0732476332681883,
0.147764374451678,0.223872595059547,0.301376098269529),.UNSPECIFIED.);
#57=B_SPLINE_CURVE_WITH_KNOTS('',3,(#6669,#6670,#6671,#6672,#6673,#6674,
#6675,#6676,#6677,#6678),.UNSPECIFIED.,.F.,.F.,(4,2,2,2,4),(1.00875798079731,
1.10875112038644,1.19756673035986,1.27483930664003,1.34365672347848),
 .UNSPECIFIED.);
#58=B_SPLINE_CURVE_WITH_KNOTS('',3,(#6681,#6682,#6683,#6684,#6685,#6686,
#6687,#6688,#6689,#6690),.UNSPECIFIED.,.F.,.F.,(4,2,2,2,4),(0.,0.069977197986121,
0.146498046259634,0.23175482433359,0.325246675814504),.UNSPECIFIED.);
#59=B_SPLINE_CURVE_WITH_KNOTS('',3,(#6903,#6904,#6905,#6906,#6907,#6908,
#6909,#6910,#6911,#6912),.UNSPECIFIED.,.F.,.F.,(4,2,2,2,4),(0.338506596758477,
0.431720535016372,0.524934473274267,0.59952808034357,0.674121687412872),
 .UNSPECIFIED.);
#60=B_SPLINE_CURVE_WITH_KNOTS('',3,(#6926,#6927,#6928,#6929,#6930,#6931,
#6932,#6933,#6934,#6935),.UNSPECIFIED.,.F.,.F.,(4,2,2,2,4),(1.34803592387017,
1.42262953093948,1.49722313800878,1.59043707626667,1.68365101452457),
 .UNSPECIFIED.);
#61=B_SPLINE_CURVE_WITH_KNOTS('',3,(#6939,#6940,#6941,#6942,#6943,#6944,
#6945,#6946,#6947,#6948),.UNSPECIFIED.,.F.,.F.,(4,2,2,2,4),(0.647876983063238,
0.722794546924387,0.797712110785536,0.885227299711141,0.972742488636746),
 .UNSPECIFIED.);
#62=B_SPLINE_CURVE_WITH_KNOTS('',3,(#6959,#6960,#6961,#6962,#6963,#6964,
#6965,#6966,#6967,#6968),.UNSPECIFIED.,.F.,.F.,(4,2,2,2,4),(0.970888460552965,
1.05840364947857,1.14591883840417,1.22083640226532,1.29575396612647),
 .UNSPECIFIED.);
#63=B_SPLINE_CURVE_WITH_KNOTS('',3,(#6972,#6973,#6974,#6975,#6976,#6977,
#6978,#6979,#6980,#6981),.UNSPECIFIED.,.F.,.F.,(4,2,2,2,4),(1.23784173014477,
1.31296245434952,1.38808317855427,1.46746906458183,1.54685495060939),
 .UNSPECIFIED.);
#64=B_SPLINE_CURVE_WITH_KNOTS('',3,(#6984,#6985,#6986,#6987,#6988,#6989,
#6990,#6991,#6992,#6993),.UNSPECIFIED.,.F.,.F.,(4,2,2,2,4),(0.3099049422694,
0.389290828296963,0.468676714324525,0.543797438529274,0.618918162734023),
 .UNSPECIFIED.);
#65=B_SPLINE_CURVE_WITH_KNOTS('',3,(#7001,#7002,#7003,#7004,#7005,#7006,
#7007,#7008,#7009,#7010),.UNSPECIFIED.,.F.,.F.,(4,2,2,2,4),(0.610444377399939,
0.685699874288862,0.760955371177786,0.838454677899627,0.915953984621469),
 .UNSPECIFIED.);
#66=B_SPLINE_CURVE_WITH_KNOTS('',3,(#7020,#7021,#7022,#7023,#7024,#7025,
#7026,#7027,#7028,#7029),.UNSPECIFIED.,.F.,.F.,(4,2,2,2,4),(0.301573170817508,
0.376972123457256,0.452371076097003,0.527703548019631,0.60303601994226),
 .UNSPECIFIED.);
#67=B_SPLINE_CURVE_WITH_KNOTS('',3,(#7037,#7038,#7039,#7040,#7041,#7042,
#7043,#7044,#7045,#7046),.UNSPECIFIED.,.F.,.F.,(4,2,2,2,4),(0.60303601994226,
0.678368491864889,0.753700963787517,0.829099916427265,0.904498869067012),
 .UNSPECIFIED.);
#68=B_SPLINE_CURVE_WITH_KNOTS('',3,(#7056,#7057,#7058,#7059,#7060,#7061,
#7062,#7063,#7064,#7065),.UNSPECIFIED.,.F.,.F.,(4,2,2,2,4),(0.304934770178408,
0.38243407690025,0.459933383622091,0.535188880511015,0.610444377399939),
 .UNSPECIFIED.);
#69=B_SPLINE_CURVE_WITH_KNOTS('',3,(#7073,#7074,#7075,#7076,#7077,#7078,
#7079,#7080,#7081,#7082),.UNSPECIFIED.,.F.,.F.,(4,2,2,2,4),(0.618918162734023,
0.694038886938771,0.76915961114352,0.848545497171083,0.927931383198646),
 .UNSPECIFIED.);
#70=B_SPLINE_CURVE_WITH_KNOTS('',3,(#7092,#7093,#7094,#7095,#7096,#7097,
#7098,#7099,#7100,#7101),.UNSPECIFIED.,.F.,.F.,(4,2,2,2,4),(0.323011477489729,
0.410526666415333,0.498041855340938,0.572959419202087,0.647876983063237),
 .UNSPECIFIED.);
#71=B_SPLINE_CURVE_WITH_KNOTS('',3,(#7108,#7109,#7110,#7111,#7112,#7113,
#7114,#7115,#7116,#7117),.UNSPECIFIED.,.F.,.F.,(4,2,2,2,4),(0.674017961935087,
0.74861156900439,0.823205176073692,0.916419114331587,1.00963305258948),
 .UNSPECIFIED.);
#72=B_SPLINE_CURVE_WITH_KNOTS('',3,(#7122,#7123,#7124,#7125,#7126,#7127,
#7128,#7129,#7130,#7131),.UNSPECIFIED.,.F.,.F.,(4,2,2,2,4),(1.01242083321578,
1.10563477147367,1.19884870973157,1.27344231680087,1.34803592387017),
 .UNSPECIFIED.);
#73=B_SPLINE_CURVE_WITH_KNOTS('',3,(#7139,#7140,#7141,#7142,#7143,#7144,
#7145,#7146,#7147,#7148),.UNSPECIFIED.,.F.,.F.,(4,2,2,2,4),(1.29578172365162,
1.37069928751277,1.44561685137392,1.53313204029952,1.62064722922513),
 .UNSPECIFIED.);
#74=B_SPLINE_CURVE_WITH_KNOTS('',3,(#7155,#7156,#7157,#7158,#7159,#7160,
#7161,#7162,#7163,#7164),.UNSPECIFIED.,.F.,.F.,(4,2,2,2,4),(0.928828509680144,
1.00821439570771,1.08760028173527,1.16272100594002,1.23784173014477),
 .UNSPECIFIED.);
#75=B_SPLINE_CURVE_WITH_KNOTS('',3,(#7171,#7172,#7173,#7174,#7175,#7176,
#7177,#7178,#7179,#7180),.UNSPECIFIED.,.F.,.F.,(4,2,2,2,4),(1.22088875479988,
1.2961442516888,1.37139974857772,1.44889905529957,1.52639836202141),
 .UNSPECIFIED.);
#76=B_SPLINE_CURVE_WITH_KNOTS('',3,(#7187,#7188,#7189,#7190,#7191,#7192,
#7193,#7194,#7195,#7196),.UNSPECIFIED.,.F.,.F.,(4,2,2,2,4),(0.904609190759768,
0.980008143399515,1.05540709603926,1.13073956796189,1.20607203988452),
 .UNSPECIFIED.);
#77=B_SPLINE_CURVE_WITH_KNOTS('',3,(#7203,#7204,#7205,#7206,#7207,#7208,
#7209,#7210,#7211,#7212),.UNSPECIFIED.,.F.,.F.,(4,2,2,2,4),(1.20607203988452,
1.28140451180715,1.35673698372978,1.43213593636952,1.50753488900927),
 .UNSPECIFIED.);
#78=B_SPLINE_CURVE_WITH_KNOTS('',3,(#7219,#7220,#7221,#7222,#7223,#7224,
#7225,#7226,#7227,#7228),.UNSPECIFIED.,.F.,.F.,(4,2,2,2,4),(0.915379905557751,
0.992879212279593,1.07037851900143,1.14563401589036,1.22088951277928),
 .UNSPECIFIED.);
#79=TOROIDAL_SURFACE('',#4315,100.18181818182,2.);
#80=TOROIDAL_SURFACE('',#4347,100.18181818182,2.);
#81=TOROIDAL_SURFACE('',#4349,100.18181818182,2.);
#82=TOROIDAL_SURFACE('',#4351,100.18181818182,2.);
#83=TOROIDAL_SURFACE('',#4353,100.18181818182,2.);
#84=TOROIDAL_SURFACE('',#4355,100.18181818182,2.);
#85=TOROIDAL_SURFACE('',#4357,100.18181818182,2.);
#86=TOROIDAL_SURFACE('',#4359,100.18181818182,2.);
#87=TOROIDAL_SURFACE('',#4361,100.18181818182,2.);
#88=TOROIDAL_SURFACE('',#4363,100.18181818182,2.);
#89=PLANE('',#4250);
#90=PLANE('',#4254);
#91=PLANE('',#4259);
#92=PLANE('',#4260);
#93=PLANE('',#4265);
#94=PLANE('',#4267);
#95=PLANE('',#4271);
#96=PLANE('',#4272);
#97=PLANE('',#4279);
#98=PLANE('',#4281);
#99=PLANE('',#4286);
#100=PLANE('',#4292);
#101=PLANE('',#4299);
#102=PLANE('',#4302);
#103=PLANE('',#4306);
#104=PLANE('',#4311);
#105=PLANE('',#4368);
#106=PLANE('',#4382);
#107=PLANE('',#4396);
#108=PLANE('',#4397);
#109=PLANE('',#4402);
#110=PLANE('',#4403);
#111=PLANE('',#4409);
#112=PLANE('',#4410);
#113=PLANE('',#4411);
#114=PLANE('',#4412);
#115=PLANE('',#4413);
#116=PLANE('',#4414);
#117=PLANE('',#4415);
#118=PLANE('',#4417);
#119=PLANE('',#4422);
#120=PLANE('',#4427);
#121=PLANE('',#4429);
#122=PLANE('',#4431);
#123=PLANE('',#4434);
#124=PLANE('',#4436);
#125=PLANE('',#4439);
#126=PLANE('',#4441);
#127=PLANE('',#4445);
#128=PLANE('',#4448);
#129=PLANE('',#4450);
#130=PLANE('',#4453);
#131=PLANE('',#4455);
#132=PLANE('',#4458);
#133=PLANE('',#4460);
#134=PLANE('',#4464);
#135=PLANE('',#4470);
#136=PLANE('',#4475);
#137=PLANE('',#4487);
#138=PLANE('',#4499);
#139=PLANE('',#4511);
#140=PLANE('',#4523);
#141=PLANE('',#4534);
#142=PLANE('',#4539);
#143=PLANE('',#4546);
#144=PLANE('',#4553);
#145=PLANE('',#4564);
#146=PLANE('',#4567);
#147=PLANE('',#4574);
#148=PLANE('',#4580);
#149=PLANE('',#4585);
#150=PLANE('',#4589);
#151=PLANE('',#4592);
#152=PLANE('',#4595);
#153=PLANE('',#4598);
#154=PLANE('',#4603);
#155=PLANE('',#4606);
#156=PLANE('',#4609);
#157=PLANE('',#4612);
#158=PLANE('',#4615);
#159=PLANE('',#4616);
#160=PLANE('',#4617);
#161=PLANE('',#4618);
#162=PLANE('',#4619);
#163=PLANE('',#4620);
#164=PLANE('',#4621);
#165=PLANE('',#4622);
#166=PLANE('',#4623);
#167=PLANE('',#4625);
#168=PLANE('',#4626);
#169=PLANE('',#4627);
#170=PLANE('',#4628);
#171=PLANE('',#4629);
#172=PLANE('',#4633);
#173=PLANE('',#4634);
#174=PLANE('',#4635);
#175=PLANE('',#4636);
#176=PLANE('',#4637);
#177=PLANE('',#4638);
#178=PLANE('',#4639);
#179=PLANE('',#4640);
#180=PLANE('',#4641);
#181=PLANE('',#4642);
#182=PLANE('',#4643);
#183=PLANE('',#4644);
#184=PLANE('',#4645);
#185=PLANE('',#4646);
#186=PLANE('',#4647);
#187=PLANE('',#4648);
#188=PLANE('',#4649);
#189=PLANE('',#4650);
#190=PLANE('',#4651);
#191=PLANE('',#4652);
#192=PLANE('',#4653);
#193=PLANE('',#4654);
#194=PLANE('',#4655);
#195=PLANE('',#4656);
#196=PLANE('',#4657);
#197=PLANE('',#4658);
#198=PLANE('',#4659);
#199=PLANE('',#4660);
#200=PLANE('',#4661);
#201=PLANE('',#4662);
#202=FACE_OUTER_BOUND('',#422,.T.);
#203=FACE_OUTER_BOUND('',#423,.T.);
#204=FACE_OUTER_BOUND('',#424,.T.);
#205=FACE_OUTER_BOUND('',#425,.T.);
#206=FACE_OUTER_BOUND('',#426,.T.);
#207=FACE_OUTER_BOUND('',#427,.T.);
#208=FACE_OUTER_BOUND('',#428,.T.);
#209=FACE_OUTER_BOUND('',#429,.T.);
#210=FACE_OUTER_BOUND('',#430,.T.);
#211=FACE_OUTER_BOUND('',#431,.T.);
#212=FACE_OUTER_BOUND('',#432,.T.);
#213=FACE_OUTER_BOUND('',#433,.T.);
#214=FACE_OUTER_BOUND('',#434,.T.);
#215=FACE_OUTER_BOUND('',#435,.T.);
#216=FACE_OUTER_BOUND('',#436,.T.);
#217=FACE_OUTER_BOUND('',#437,.T.);
#218=FACE_OUTER_BOUND('',#438,.T.);
#219=FACE_OUTER_BOUND('',#439,.T.);
#220=FACE_OUTER_BOUND('',#440,.T.);
#221=FACE_OUTER_BOUND('',#441,.T.);
#222=FACE_OUTER_BOUND('',#442,.T.);
#223=FACE_OUTER_BOUND('',#443,.T.);
#224=FACE_OUTER_BOUND('',#444,.T.);
#225=FACE_OUTER_BOUND('',#445,.T.);
#226=FACE_OUTER_BOUND('',#446,.T.);
#227=FACE_OUTER_BOUND('',#447,.T.);
#228=FACE_OUTER_BOUND('',#448,.T.);
#229=FACE_OUTER_BOUND('',#449,.T.);
#230=FACE_OUTER_BOUND('',#450,.T.);
#231=FACE_OUTER_BOUND('',#451,.T.);
#232=FACE_OUTER_BOUND('',#456,.T.);
#233=FACE_OUTER_BOUND('',#457,.T.);
#234=FACE_OUTER_BOUND('',#458,.T.);
#235=FACE_OUTER_BOUND('',#459,.T.);
#236=FACE_OUTER_BOUND('',#460,.T.);
#237=FACE_OUTER_BOUND('',#461,.T.);
#238=FACE_OUTER_BOUND('',#462,.T.);
#239=FACE_OUTER_BOUND('',#463,.T.);
#240=FACE_OUTER_BOUND('',#464,.T.);
#241=FACE_OUTER_BOUND('',#465,.T.);
#242=FACE_OUTER_BOUND('',#466,.T.);
#243=FACE_OUTER_BOUND('',#467,.T.);
#244=FACE_OUTER_BOUND('',#468,.T.);
#245=FACE_OUTER_BOUND('',#469,.T.);
#246=FACE_OUTER_BOUND('',#470,.T.);
#247=FACE_OUTER_BOUND('',#471,.T.);
#248=FACE_OUTER_BOUND('',#472,.T.);
#249=FACE_OUTER_BOUND('',#473,.T.);
#250=FACE_OUTER_BOUND('',#474,.T.);
#251=FACE_OUTER_BOUND('',#475,.T.);
#252=FACE_OUTER_BOUND('',#476,.T.);
#253=FACE_OUTER_BOUND('',#477,.T.);
#254=FACE_OUTER_BOUND('',#478,.T.);
#255=FACE_OUTER_BOUND('',#479,.T.);
#256=FACE_OUTER_BOUND('',#480,.T.);
#257=FACE_OUTER_BOUND('',#481,.T.);
#258=FACE_OUTER_BOUND('',#482,.T.);
#259=FACE_OUTER_BOUND('',#483,.T.);
#260=FACE_OUTER_BOUND('',#484,.T.);
#261=FACE_OUTER_BOUND('',#485,.T.);
#262=FACE_OUTER_BOUND('',#486,.T.);
#263=FACE_OUTER_BOUND('',#487,.T.);
#264=FACE_OUTER_BOUND('',#488,.T.);
#265=FACE_OUTER_BOUND('',#489,.T.);
#266=FACE_OUTER_BOUND('',#490,.T.);
#267=FACE_OUTER_BOUND('',#491,.T.);
#268=FACE_OUTER_BOUND('',#492,.T.);
#269=FACE_OUTER_BOUND('',#493,.T.);
#270=FACE_OUTER_BOUND('',#494,.T.);
#271=FACE_OUTER_BOUND('',#495,.T.);
#272=FACE_OUTER_BOUND('',#496,.T.);
#273=FACE_OUTER_BOUND('',#497,.T.);
#274=FACE_OUTER_BOUND('',#498,.T.);
#275=FACE_OUTER_BOUND('',#499,.T.);
#276=FACE_OUTER_BOUND('',#500,.T.);
#277=FACE_OUTER_BOUND('',#501,.T.);
#278=FACE_OUTER_BOUND('',#502,.T.);
#279=FACE_OUTER_BOUND('',#503,.T.);
#280=FACE_OUTER_BOUND('',#504,.T.);
#281=FACE_OUTER_BOUND('',#505,.T.);
#282=FACE_OUTER_BOUND('',#506,.T.);
#283=FACE_OUTER_BOUND('',#507,.T.);
#284=FACE_OUTER_BOUND('',#508,.T.);
#285=FACE_OUTER_BOUND('',#509,.T.);
#286=FACE_OUTER_BOUND('',#510,.T.);
#287=FACE_OUTER_BOUND('',#511,.T.);
#288=FACE_OUTER_BOUND('',#512,.T.);
#289=FACE_OUTER_BOUND('',#513,.T.);
#290=FACE_OUTER_BOUND('',#514,.T.);
#291=FACE_OUTER_BOUND('',#515,.T.);
#292=FACE_OUTER_BOUND('',#516,.T.);
#293=FACE_OUTER_BOUND('',#517,.T.);
#294=FACE_OUTER_BOUND('',#518,.T.);
#295=FACE_OUTER_BOUND('',#519,.T.);
#296=FACE_OUTER_BOUND('',#520,.T.);
#297=FACE_OUTER_BOUND('',#521,.T.);
#298=FACE_OUTER_BOUND('',#522,.T.);
#299=FACE_OUTER_BOUND('',#523,.T.);
#300=FACE_OUTER_BOUND('',#524,.T.);
#301=FACE_OUTER_BOUND('',#525,.T.);
#302=FACE_OUTER_BOUND('',#526,.T.);
#303=FACE_OUTER_BOUND('',#527,.T.);
#304=FACE_OUTER_BOUND('',#528,.T.);
#305=FACE_OUTER_BOUND('',#529,.T.);
#306=FACE_OUTER_BOUND('',#530,.T.);
#307=FACE_OUTER_BOUND('',#531,.T.);
#308=FACE_OUTER_BOUND('',#532,.T.);
#309=FACE_OUTER_BOUND('',#533,.T.);
#310=FACE_OUTER_BOUND('',#534,.T.);
#311=FACE_OUTER_BOUND('',#535,.T.);
#312=FACE_OUTER_BOUND('',#536,.T.);
#313=FACE_OUTER_BOUND('',#537,.T.);
#314=FACE_OUTER_BOUND('',#538,.T.);
#315=FACE_OUTER_BOUND('',#539,.T.);
#316=FACE_OUTER_BOUND('',#540,.T.);
#317=FACE_OUTER_BOUND('',#541,.T.);
#318=FACE_OUTER_BOUND('',#542,.T.);
#319=FACE_OUTER_BOUND('',#543,.T.);
#320=FACE_OUTER_BOUND('',#544,.T.);
#321=FACE_OUTER_BOUND('',#545,.T.);
#322=FACE_OUTER_BOUND('',#546,.T.);
#323=FACE_OUTER_BOUND('',#547,.T.);
#324=FACE_OUTER_BOUND('',#548,.T.);
#325=FACE_OUTER_BOUND('',#549,.T.);
#326=FACE_OUTER_BOUND('',#550,.T.);
#327=FACE_OUTER_BOUND('',#551,.T.);
#328=FACE_OUTER_BOUND('',#552,.T.);
#329=FACE_OUTER_BOUND('',#553,.T.);
#330=FACE_OUTER_BOUND('',#554,.T.);
#331=FACE_OUTER_BOUND('',#555,.T.);
#332=FACE_OUTER_BOUND('',#556,.T.);
#333=FACE_OUTER_BOUND('',#557,.T.);
#334=FACE_OUTER_BOUND('',#558,.T.);
#335=FACE_OUTER_BOUND('',#559,.T.);
#336=FACE_OUTER_BOUND('',#560,.T.);
#337=FACE_OUTER_BOUND('',#561,.T.);
#338=FACE_OUTER_BOUND('',#562,.T.);
#339=FACE_OUTER_BOUND('',#563,.T.);
#340=FACE_OUTER_BOUND('',#564,.T.);
#341=FACE_OUTER_BOUND('',#565,.T.);
#342=FACE_OUTER_BOUND('',#566,.T.);
#343=FACE_OUTER_BOUND('',#567,.T.);
#344=FACE_OUTER_BOUND('',#568,.T.);
#345=FACE_OUTER_BOUND('',#569,.T.);
#346=FACE_OUTER_BOUND('',#570,.T.);
#347=FACE_OUTER_BOUND('',#571,.T.);
#348=FACE_OUTER_BOUND('',#572,.T.);
#349=FACE_OUTER_BOUND('',#573,.T.);
#350=FACE_OUTER_BOUND('',#574,.T.);
#351=FACE_OUTER_BOUND('',#575,.T.);
#352=FACE_OUTER_BOUND('',#576,.T.);
#353=FACE_OUTER_BOUND('',#577,.T.);
#354=FACE_OUTER_BOUND('',#578,.T.);
#355=FACE_OUTER_BOUND('',#579,.T.);
#356=FACE_OUTER_BOUND('',#580,.T.);
#357=FACE_OUTER_BOUND('',#581,.T.);
#358=FACE_OUTER_BOUND('',#582,.T.);
#359=FACE_OUTER_BOUND('',#583,.T.);
#360=FACE_OUTER_BOUND('',#584,.T.);
#361=FACE_OUTER_BOUND('',#585,.T.);
#362=FACE_OUTER_BOUND('',#586,.T.);
#363=FACE_OUTER_BOUND('',#587,.T.);
#364=FACE_OUTER_BOUND('',#588,.T.);
#365=FACE_OUTER_BOUND('',#589,.T.);
#366=FACE_OUTER_BOUND('',#590,.T.);
#367=FACE_OUTER_BOUND('',#591,.T.);
#368=FACE_OUTER_BOUND('',#592,.T.);
#369=FACE_OUTER_BOUND('',#593,.T.);
#370=FACE_OUTER_BOUND('',#594,.T.);
#371=FACE_OUTER_BOUND('',#595,.T.);
#372=FACE_OUTER_BOUND('',#596,.T.);
#373=FACE_OUTER_BOUND('',#597,.T.);
#374=FACE_OUTER_BOUND('',#598,.T.);
#375=FACE_OUTER_BOUND('',#599,.T.);
#376=FACE_OUTER_BOUND('',#600,.T.);
#377=FACE_OUTER_BOUND('',#601,.T.);
#378=FACE_OUTER_BOUND('',#602,.T.);
#379=FACE_OUTER_BOUND('',#603,.T.);
#380=FACE_OUTER_BOUND('',#604,.T.);
#381=FACE_OUTER_BOUND('',#605,.T.);
#382=FACE_OUTER_BOUND('',#606,.T.);
#383=FACE_OUTER_BOUND('',#607,.T.);
#384=FACE_OUTER_BOUND('',#608,.T.);
#385=FACE_OUTER_BOUND('',#609,.T.);
#386=FACE_OUTER_BOUND('',#610,.T.);
#387=FACE_OUTER_BOUND('',#611,.T.);
#388=FACE_OUTER_BOUND('',#612,.T.);
#389=FACE_OUTER_BOUND('',#613,.T.);
#390=FACE_OUTER_BOUND('',#614,.T.);
#391=FACE_OUTER_BOUND('',#615,.T.);
#392=FACE_OUTER_BOUND('',#616,.T.);
#393=FACE_OUTER_BOUND('',#617,.T.);
#394=FACE_OUTER_BOUND('',#618,.T.);
#395=FACE_OUTER_BOUND('',#619,.T.);
#396=FACE_OUTER_BOUND('',#620,.T.);
#397=FACE_OUTER_BOUND('',#621,.T.);
#398=FACE_OUTER_BOUND('',#622,.T.);
#399=FACE_OUTER_BOUND('',#623,.T.);
#400=FACE_OUTER_BOUND('',#624,.T.);
#401=FACE_OUTER_BOUND('',#625,.T.);
#402=FACE_OUTER_BOUND('',#626,.T.);
#403=FACE_OUTER_BOUND('',#627,.T.);
#404=FACE_OUTER_BOUND('',#628,.T.);
#405=FACE_OUTER_BOUND('',#629,.T.);
#406=FACE_OUTER_BOUND('',#630,.T.);
#407=FACE_OUTER_BOUND('',#631,.T.);
#408=FACE_OUTER_BOUND('',#632,.T.);
#409=FACE_OUTER_BOUND('',#633,.T.);
#410=FACE_OUTER_BOUND('',#634,.T.);
#411=FACE_OUTER_BOUND('',#635,.T.);
#412=FACE_OUTER_BOUND('',#636,.T.);
#413=FACE_OUTER_BOUND('',#637,.T.);
#414=FACE_OUTER_BOUND('',#638,.T.);
#415=FACE_OUTER_BOUND('',#639,.T.);
#416=FACE_OUTER_BOUND('',#640,.T.);
#417=FACE_OUTER_BOUND('',#641,.T.);
#418=FACE_OUTER_BOUND('',#642,.T.);
#419=FACE_OUTER_BOUND('',#643,.T.);
#420=FACE_OUTER_BOUND('',#644,.T.);
#421=FACE_OUTER_BOUND('',#645,.T.);
#422=EDGE_LOOP('',(#2648,#2649,#2650,#2651));
#423=EDGE_LOOP('',(#2652,#2653,#2654,#2655,#2656,#2657,#2658));
#424=EDGE_LOOP('',(#2659,#2660,#2661,#2662,#2663,#2664,#2665,#2666));
#425=EDGE_LOOP('',(#2667,#2668,#2669,#2670));
#426=EDGE_LOOP('',(#2671,#2672,#2673,#2674));
#427=EDGE_LOOP('',(#2675,#2676,#2677,#2678,#2679,#2680,#2681,#2682));
#428=EDGE_LOOP('',(#2683,#2684,#2685,#2686));
#429=EDGE_LOOP('',(#2687,#2688,#2689,#2690,#2691,#2692,#2693,#2694));
#430=EDGE_LOOP('',(#2695,#2696,#2697,#2698));
#431=EDGE_LOOP('',(#2699,#2700,#2701,#2702));
#432=EDGE_LOOP('',(#2703,#2704,#2705,#2706));
#433=EDGE_LOOP('',(#2707,#2708,#2709,#2710,#2711,#2712,#2713,#2714));
#434=EDGE_LOOP('',(#2715,#2716,#2717,#2718));
#435=EDGE_LOOP('',(#2719,#2720,#2721,#2722));
#436=EDGE_LOOP('',(#2723,#2724,#2725,#2726,#2727,#2728));
#437=EDGE_LOOP('',(#2729,#2730,#2731,#2732));
#438=EDGE_LOOP('',(#2733,#2734,#2735,#2736));
#439=EDGE_LOOP('',(#2737,#2738,#2739,#2740));
#440=EDGE_LOOP('',(#2741,#2742,#2743,#2744,#2745,#2746,#2747,#2748));
#441=EDGE_LOOP('',(#2749,#2750,#2751,#2752));
#442=EDGE_LOOP('',(#2753,#2754,#2755,#2756,#2757,#2758,#2759,#2760));
#443=EDGE_LOOP('',(#2761,#2762,#2763,#2764));
#444=EDGE_LOOP('',(#2765,#2766,#2767,#2768,#2769,#2770,#2771));
#445=EDGE_LOOP('',(#2772,#2773,#2774,#2775,#2776,#2777));
#446=EDGE_LOOP('',(#2778,#2779,#2780,#2781));
#447=EDGE_LOOP('',(#2782,#2783,#2784,#2785,#2786,#2787,#2788));
#448=EDGE_LOOP('',(#2789,#2790,#2791,#2792));
#449=EDGE_LOOP('',(#2793,#2794,#2795,#2796,#2797,#2798,#2799,#2800));
#450=EDGE_LOOP('',(#2801,#2802,#2803,#2804));
#451=EDGE_LOOP('',(#2805,#2806,#2807,#2808,#2809,#2810,#2811,#2812,#2813,
#2814,#2815,#2816,#2817,#2818,#2819,#2820,#2821,#2822,#2823,#2824,#2825,
#2826,#2827,#2828,#2829,#2830,#2831,#2832,#2833,#2834,#2835,#2836,#2837,
#2838,#2839,#2840,#2841,#2842,#2843,#2844,#2845,#2846,#2847,#2848,#2849,
#2850,#2851,#2852,#2853,#2854,#2855,#2856,#2857,#2858,#2859,#2860));
#452=EDGE_LOOP('',(#2861,#2862,#2863,#2864,#2865,#2866,#2867,#2868));
#453=EDGE_LOOP('',(#2869,#2870,#2871,#2872,#2873,#2874,#2875,#2876));
#454=EDGE_LOOP('',(#2877,#2878,#2879,#2880,#2881,#2882,#2883,#2884));
#455=EDGE_LOOP('',(#2885,#2886,#2887,#2888,#2889,#2890,#2891,#2892));
#456=EDGE_LOOP('',(#2893,#2894,#2895,#2896));
#457=EDGE_LOOP('',(#2897,#2898,#2899,#2900));
#458=EDGE_LOOP('',(#2901,#2902,#2903,#2904));
#459=EDGE_LOOP('',(#2905,#2906,#2907,#2908));
#460=EDGE_LOOP('',(#2909,#2910,#2911,#2912));
#461=EDGE_LOOP('',(#2913,#2914,#2915,#2916));
#462=EDGE_LOOP('',(#2917,#2918,#2919,#2920));
#463=EDGE_LOOP('',(#2921,#2922,#2923,#2924));
#464=EDGE_LOOP('',(#2925,#2926,#2927,#2928));
#465=EDGE_LOOP('',(#2929,#2930,#2931,#2932));
#466=EDGE_LOOP('',(#2933,#2934,#2935,#2936,#2937,#2938,#2939,#2940,#2941,
#2942,#2943,#2944,#2945,#2946,#2947,#2948,#2949,#2950,#2951,#2952,#2953,
#2954,#2955,#2956,#2957,#2958,#2959,#2960,#2961,#2962,#2963,#2964,#2965,
#2966,#2967,#2968,#2969,#2970,#2971,#2972));
#467=EDGE_LOOP('',(#2973,#2974,#2975,#2976));
#468=EDGE_LOOP('',(#2977,#2978,#2979,#2980,#2981,#2982,#2983,#2984,#2985,
#2986,#2987,#2988,#2989,#2990,#2991,#2992,#2993,#2994,#2995,#2996,#2997,
#2998,#2999,#3000,#3001,#3002,#3003,#3004,#3005,#3006,#3007,#3008,#3009,
#3010,#3011,#3012,#3013,#3014,#3015,#3016));
#469=EDGE_LOOP('',(#3017,#3018,#3019,#3020));
#470=EDGE_LOOP('',(#3021,#3022,#3023,#3024,#3025,#3026,#3027,#3028,#3029,
#3030));
#471=EDGE_LOOP('',(#3031,#3032,#3033,#3034,#3035,#3036,#3037,#3038,#3039,
#3040));
#472=EDGE_LOOP('',(#3041,#3042,#3043,#3044));
#473=EDGE_LOOP('',(#3045,#3046,#3047,#3048,#3049,#3050,#3051,#3052,#3053,
#3054));
#474=EDGE_LOOP('',(#3055,#3056,#3057,#3058,#3059,#3060));
#475=EDGE_LOOP('',(#3061,#3062,#3063,#3064));
#476=EDGE_LOOP('',(#3065,#3066,#3067,#3068));
#477=EDGE_LOOP('',(#3069,#3070,#3071,#3072));
#478=EDGE_LOOP('',(#3073,#3074,#3075,#3076));
#479=EDGE_LOOP('',(#3077,#3078,#3079,#3080));
#480=EDGE_LOOP('',(#3081,#3082,#3083,#3084,#3085,#3086));
#481=EDGE_LOOP('',(#3087,#3088,#3089,#3090));
#482=EDGE_LOOP('',(#3091,#3092,#3093,#3094));
#483=EDGE_LOOP('',(#3095,#3096,#3097,#3098,#3099,#3100,#3101,#3102,#3103,
#3104));
#484=EDGE_LOOP('',(#3105,#3106,#3107,#3108));
#485=EDGE_LOOP('',(#3109,#3110,#3111,#3112));
#486=EDGE_LOOP('',(#3113,#3114,#3115,#3116,#3117,#3118));
#487=EDGE_LOOP('',(#3119,#3120,#3121,#3122));
#488=EDGE_LOOP('',(#3123,#3124,#3125,#3126));
#489=EDGE_LOOP('',(#3127,#3128,#3129,#3130,#3131,#3132,#3133,#3134));
#490=EDGE_LOOP('',(#3135,#3136,#3137,#3138));
#491=EDGE_LOOP('',(#3139,#3140,#3141,#3142));
#492=EDGE_LOOP('',(#3143,#3144,#3145,#3146));
#493=EDGE_LOOP('',(#3147,#3148,#3149,#3150));
#494=EDGE_LOOP('',(#3151,#3152,#3153,#3154));
#495=EDGE_LOOP('',(#3155,#3156,#3157,#3158));
#496=EDGE_LOOP('',(#3159,#3160,#3161,#3162));
#497=EDGE_LOOP('',(#3163,#3164,#3165,#3166));
#498=EDGE_LOOP('',(#3167,#3168,#3169,#3170));
#499=EDGE_LOOP('',(#3171,#3172,#3173,#3174));
#500=EDGE_LOOP('',(#3175,#3176,#3177,#3178));
#501=EDGE_LOOP('',(#3179,#3180,#3181,#3182));
#502=EDGE_LOOP('',(#3183,#3184,#3185,#3186));
#503=EDGE_LOOP('',(#3187,#3188,#3189,#3190));
#504=EDGE_LOOP('',(#3191,#3192,#3193,#3194));
#505=EDGE_LOOP('',(#3195,#3196,#3197,#3198,#3199,#3200));
#506=EDGE_LOOP('',(#3201,#3202,#3203,#3204));
#507=EDGE_LOOP('',(#3205,#3206,#3207,#3208));
#508=EDGE_LOOP('',(#3209,#3210,#3211,#3212));
#509=EDGE_LOOP('',(#3213,#3214,#3215,#3216));
#510=EDGE_LOOP('',(#3217,#3218,#3219,#3220));
#511=EDGE_LOOP('',(#3221,#3222,#3223,#3224));
#512=EDGE_LOOP('',(#3225,#3226,#3227,#3228));
#513=EDGE_LOOP('',(#3229,#3230,#3231,#3232));
#514=EDGE_LOOP('',(#3233,#3234,#3235,#3236));
#515=EDGE_LOOP('',(#3237,#3238,#3239,#3240));
#516=EDGE_LOOP('',(#3241,#3242,#3243,#3244));
#517=EDGE_LOOP('',(#3245,#3246,#3247,#3248));
#518=EDGE_LOOP('',(#3249,#3250,#3251,#3252));
#519=EDGE_LOOP('',(#3253,#3254,#3255,#3256));
#520=EDGE_LOOP('',(#3257,#3258,#3259,#3260));
#521=EDGE_LOOP('',(#3261,#3262,#3263,#3264));
#522=EDGE_LOOP('',(#3265,#3266,#3267,#3268));
#523=EDGE_LOOP('',(#3269,#3270,#3271,#3272));
#524=EDGE_LOOP('',(#3273,#3274,#3275,#3276));
#525=EDGE_LOOP('',(#3277,#3278,#3279,#3280));
#526=EDGE_LOOP('',(#3281,#3282,#3283,#3284,#3285,#3286,#3287));
#527=EDGE_LOOP('',(#3288,#3289,#3290,#3291));
#528=EDGE_LOOP('',(#3292,#3293,#3294,#3295,#3296,#3297,#3298,#3299));
#529=EDGE_LOOP('',(#3300,#3301,#3302,#3303));
#530=EDGE_LOOP('',(#3304,#3305,#3306,#3307));
#531=EDGE_LOOP('',(#3308,#3309,#3310,#3311));
#532=EDGE_LOOP('',(#3312,#3313,#3314,#3315,#3316,#3317,#3318,#3319));
#533=EDGE_LOOP('',(#3320,#3321,#3322,#3323));
#534=EDGE_LOOP('',(#3324,#3325,#3326,#3327));
#535=EDGE_LOOP('',(#3328,#3329,#3330,#3331));
#536=EDGE_LOOP('',(#3332,#3333,#3334,#3335,#3336,#3337,#3338,#3339));
#537=EDGE_LOOP('',(#3340,#3341,#3342,#3343));
#538=EDGE_LOOP('',(#3344,#3345,#3346,#3347));
#539=EDGE_LOOP('',(#3348,#3349,#3350,#3351));
#540=EDGE_LOOP('',(#3352,#3353,#3354,#3355,#3356,#3357,#3358,#3359));
#541=EDGE_LOOP('',(#3360,#3361,#3362,#3363));
#542=EDGE_LOOP('',(#3364,#3365,#3366,#3367));
#543=EDGE_LOOP('',(#3368,#3369,#3370,#3371));
#544=EDGE_LOOP('',(#3372,#3373,#3374,#3375,#3376,#3377,#3378));
#545=EDGE_LOOP('',(#3379,#3380,#3381,#3382));
#546=EDGE_LOOP('',(#3383,#3384,#3385,#3386));
#547=EDGE_LOOP('',(#3387,#3388,#3389,#3390));
#548=EDGE_LOOP('',(#3391,#3392,#3393,#3394,#3395,#3396,#3397,#3398));
#549=EDGE_LOOP('',(#3399,#3400,#3401,#3402));
#550=EDGE_LOOP('',(#3403,#3404,#3405,#3406,#3407,#3408,#3409));
#551=EDGE_LOOP('',(#3410,#3411,#3412,#3413));
#552=EDGE_LOOP('',(#3414,#3415,#3416,#3417));
#553=EDGE_LOOP('',(#3418,#3419,#3420,#3421,#3422,#3423,#3424,#3425));
#554=EDGE_LOOP('',(#3426,#3427,#3428,#3429));
#555=EDGE_LOOP('',(#3430,#3431,#3432,#3433,#3434,#3435,#3436,#3437));
#556=EDGE_LOOP('',(#3438,#3439,#3440,#3441));
#557=EDGE_LOOP('',(#3442,#3443,#3444,#3445));
#558=EDGE_LOOP('',(#3446,#3447,#3448,#3449));
#559=EDGE_LOOP('',(#3450,#3451,#3452,#3453,#3454,#3455,#3456));
#560=EDGE_LOOP('',(#3457,#3458,#3459,#3460));
#561=EDGE_LOOP('',(#3461,#3462,#3463,#3464,#3465,#3466,#3467));
#562=EDGE_LOOP('',(#3468,#3469,#3470,#3471));
#563=EDGE_LOOP('',(#3472,#3473,#3474,#3475));
#564=EDGE_LOOP('',(#3476,#3477,#3478,#3479,#3480,#3481,#3482,#3483));
#565=EDGE_LOOP('',(#3484,#3485,#3486,#3487));
#566=EDGE_LOOP('',(#3488,#3489,#3490,#3491,#3492,#3493,#3494));
#567=EDGE_LOOP('',(#3495,#3496,#3497,#3498));
#568=EDGE_LOOP('',(#3499,#3500,#3501,#3502));
#569=EDGE_LOOP('',(#3503,#3504,#3505,#3506,#3507,#3508,#3509));
#570=EDGE_LOOP('',(#3510,#3511,#3512,#3513));
#571=EDGE_LOOP('',(#3514,#3515,#3516,#3517));
#572=EDGE_LOOP('',(#3518,#3519,#3520,#3521));
#573=EDGE_LOOP('',(#3522,#3523,#3524,#3525));
#574=EDGE_LOOP('',(#3526,#3527,#3528,#3529));
#575=EDGE_LOOP('',(#3530,#3531,#3532,#3533));
#576=EDGE_LOOP('',(#3534,#3535,#3536,#3537));
#577=EDGE_LOOP('',(#3538,#3539,#3540,#3541));
#578=EDGE_LOOP('',(#3542,#3543,#3544,#3545));
#579=EDGE_LOOP('',(#3546,#3547,#3548,#3549));
#580=EDGE_LOOP('',(#3550,#3551,#3552,#3553));
#581=EDGE_LOOP('',(#3554,#3555,#3556,#3557));
#582=EDGE_LOOP('',(#3558,#3559,#3560,#3561));
#583=EDGE_LOOP('',(#3562,#3563,#3564,#3565));
#584=EDGE_LOOP('',(#3566,#3567,#3568,#3569));
#585=EDGE_LOOP('',(#3570,#3571,#3572,#3573));
#586=EDGE_LOOP('',(#3574,#3575,#3576,#3577));
#587=EDGE_LOOP('',(#3578,#3579,#3580,#3581));
#588=EDGE_LOOP('',(#3582,#3583,#3584,#3585));
#589=EDGE_LOOP('',(#3586,#3587,#3588,#3589));
#590=EDGE_LOOP('',(#3590,#3591,#3592,#3593));
#591=EDGE_LOOP('',(#3594,#3595,#3596,#3597));
#592=EDGE_LOOP('',(#3598,#3599,#3600,#3601));
#593=EDGE_LOOP('',(#3602,#3603,#3604,#3605));
#594=EDGE_LOOP('',(#3606,#3607,#3608,#3609));
#595=EDGE_LOOP('',(#3610,#3611,#3612,#3613));
#596=EDGE_LOOP('',(#3614,#3615,#3616,#3617));
#597=EDGE_LOOP('',(#3618,#3619,#3620,#3621));
#598=EDGE_LOOP('',(#3622,#3623,#3624,#3625,#3626,#3627,#3628));
#599=EDGE_LOOP('',(#3629,#3630,#3631,#3632));
#600=EDGE_LOOP('',(#3633,#3634,#3635,#3636));
#601=EDGE_LOOP('',(#3637,#3638,#3639,#3640));
#602=EDGE_LOOP('',(#3641,#3642,#3643,#3644,#3645,#3646));
#603=EDGE_LOOP('',(#3647,#3648,#3649,#3650));
#604=EDGE_LOOP('',(#3651,#3652,#3653,#3654,#3655,#3656));
#605=EDGE_LOOP('',(#3657,#3658,#3659,#3660));
#606=EDGE_LOOP('',(#3661,#3662,#3663,#3664));
#607=EDGE_LOOP('',(#3665,#3666,#3667,#3668));
#608=EDGE_LOOP('',(#3669,#3670,#3671,#3672,#3673,#3674));
#609=EDGE_LOOP('',(#3675,#3676,#3677,#3678,#3679,#3680));
#610=EDGE_LOOP('',(#3681,#3682,#3683,#3684,#3685,#3686));
#611=EDGE_LOOP('',(#3687,#3688,#3689,#3690,#3691,#3692));
#612=EDGE_LOOP('',(#3693,#3694,#3695,#3696,#3697,#3698,#3699));
#613=EDGE_LOOP('',(#3700,#3701,#3702,#3703,#3704,#3705,#3706,#3707));
#614=EDGE_LOOP('',(#3708,#3709,#3710,#3711,#3712,#3713,#3714,#3715));
#615=EDGE_LOOP('',(#3716,#3717,#3718,#3719,#3720,#3721,#3722,#3723));
#616=EDGE_LOOP('',(#3724,#3725,#3726,#3727,#3728,#3729,#3730,#3731));
#617=EDGE_LOOP('',(#3732,#3733,#3734,#3735,#3736,#3737));
#618=EDGE_LOOP('',(#3738,#3739,#3740,#3741,#3742,#3743));
#619=EDGE_LOOP('',(#3744,#3745,#3746,#3747,#3748,#3749));
#620=EDGE_LOOP('',(#3750,#3751,#3752,#3753,#3754,#3755));
#621=EDGE_LOOP('',(#3756,#3757,#3758,#3759,#3760,#3761,#3762));
#622=EDGE_LOOP('',(#3763,#3764,#3765,#3766));
#623=EDGE_LOOP('',(#3767,#3768,#3769,#3770,#3771,#3772,#3773));
#624=EDGE_LOOP('',(#3774,#3775,#3776,#3777,#3778,#3779,#3780));
#625=EDGE_LOOP('',(#3781,#3782,#3783,#3784,#3785,#3786,#3787));
#626=EDGE_LOOP('',(#3788,#3789,#3790,#3791,#3792,#3793,#3794));
#627=EDGE_LOOP('',(#3795,#3796,#3797,#3798,#3799,#3800,#3801));
#628=EDGE_LOOP('',(#3802,#3803,#3804,#3805,#3806,#3807,#3808));
#629=EDGE_LOOP('',(#3809,#3810,#3811,#3812,#3813,#3814,#3815));
#630=EDGE_LOOP('',(#3816,#3817,#3818,#3819,#3820,#3821,#3822));
#631=EDGE_LOOP('',(#3823,#3824,#3825,#3826,#3827,#3828,#3829));
#632=EDGE_LOOP('',(#3830,#3831,#3832,#3833,#3834,#3835));
#633=EDGE_LOOP('',(#3836,#3837,#3838,#3839));
#634=EDGE_LOOP('',(#3840,#3841,#3842,#3843,#3844,#3845));
#635=EDGE_LOOP('',(#3846,#3847,#3848,#3849,#3850,#3851));
#636=EDGE_LOOP('',(#3852,#3853,#3854,#3855,#3856,#3857));
#637=EDGE_LOOP('',(#3858,#3859,#3860,#3861,#3862,#3863));
#638=EDGE_LOOP('',(#3864,#3865,#3866,#3867,#3868,#3869));
#639=EDGE_LOOP('',(#3870,#3871,#3872,#3873));
#640=EDGE_LOOP('',(#3874,#3875,#3876,#3877,#3878,#3879,#3880));
#641=EDGE_LOOP('',(#3881,#3882,#3883,#3884,#3885,#3886,#3887));
#642=EDGE_LOOP('',(#3888,#3889,#3890,#3891,#3892,#3893,#3894));
#643=EDGE_LOOP('',(#3895,#3896,#3897,#3898,#3899,#3900,#3901));
#644=EDGE_LOOP('',(#3902,#3903,#3904,#3905,#3906,#3907,#3908));
#645=EDGE_LOOP('',(#3909,#3910,#3911,#3912,#3913,#3914,#3915));
#646=LINE('',#5881,#1024);
#647=LINE('',#5884,#1025);
#648=LINE('',#5887,#1026);
#649=LINE('',#5891,#1027);
#650=LINE('',#5896,#1028);
#651=LINE('',#5899,#1029);
#652=LINE('',#5903,#1030);
#653=LINE('',#5905,#1031);
#654=LINE('',#5907,#1032);
#655=LINE('',#5908,#1033);
#656=LINE('',#5914,#1034);
#657=LINE('',#5917,#1035);
#658=LINE('',#5920,#1036);
#659=LINE('',#5922,#1037);
#660=LINE('',#5923,#1038);
#661=LINE('',#5926,#1039);
#662=LINE('',#5928,#1040);
#663=LINE('',#5930,#1041);
#664=LINE('',#5932,#1042);
#665=LINE('',#5934,#1043);
#666=LINE('',#5941,#1044);
#667=LINE('',#5944,#1045);
#668=LINE('',#5947,#1046);
#669=LINE('',#5951,#1047);
#670=LINE('',#5953,#1048);
#671=LINE('',#5955,#1049);
#672=LINE('',#5957,#1050);
#673=LINE('',#5958,#1051);
#674=LINE('',#5961,#1052);
#675=LINE('',#5962,#1053);
#676=LINE('',#5968,#1054);
#677=LINE('',#5971,#1055);
#678=LINE('',#5974,#1056);
#679=LINE('',#5976,#1057);
#680=LINE('',#5977,#1058);
#681=LINE('',#5980,#1059);
#682=LINE('',#5982,#1060);
#683=LINE('',#5984,#1061);
#684=LINE('',#5986,#1062);
#685=LINE('',#5988,#1063);
#686=LINE('',#5993,#1064);
#687=LINE('',#5999,#1065);
#688=LINE('',#6002,#1066);
#689=LINE('',#6005,#1067);
#690=LINE('',#6009,#1068);
#691=LINE('',#6011,#1069);
#692=LINE('',#6012,#1070);
#693=LINE('',#6015,#1071);
#694=LINE('',#6016,#1072);
#695=LINE('',#6020,#1073);
#696=LINE('',#6024,#1074);
#697=LINE('',#6029,#1075);
#698=LINE('',#6034,#1076);
#699=LINE('',#6037,#1077);
#700=LINE('',#6040,#1078);
#701=LINE('',#6043,#1079);
#702=LINE('',#6049,#1080);
#703=LINE('',#6056,#1081);
#704=LINE('',#6059,#1082);
#705=LINE('',#6062,#1083);
#706=LINE('',#6064,#1084);
#707=LINE('',#6068,#1085);
#708=LINE('',#6071,#1086);
#709=LINE('',#6074,#1087);
#710=LINE('',#6078,#1088);
#711=LINE('',#6079,#1089);
#712=LINE('',#6082,#1090);
#713=LINE('',#6085,#1091);
#714=LINE('',#6088,#1092);
#715=LINE('',#6092,#1093);
#716=LINE('',#6095,#1094);
#717=LINE('',#6099,#1095);
#718=LINE('',#6104,#1096);
#719=LINE('',#6109,#1097);
#720=LINE('',#6139,#1098);
#721=LINE('',#6140,#1099);
#722=LINE('',#6142,#1100);
#723=LINE('',#6157,#1101);
#724=LINE('',#6171,#1102);
#725=LINE('',#6175,#1103);
#726=LINE('',#6179,#1104);
#727=LINE('',#6183,#1105);
#728=LINE('',#6187,#1106);
#729=LINE('',#6191,#1107);
#730=LINE('',#6195,#1108);
#731=LINE('',#6199,#1109);
#732=LINE('',#6203,#1110);
#733=LINE('',#6207,#1111);
#734=LINE('',#6210,#1112);
#735=LINE('',#6211,#1113);
#736=LINE('',#6224,#1114);
#737=LINE('',#6235,#1115);
#738=LINE('',#6237,#1116);
#739=LINE('',#6241,#1117);
#740=LINE('',#6245,#1118);
#741=LINE('',#6249,#1119);
#742=LINE('',#6253,#1120);
#743=LINE('',#6257,#1121);
#744=LINE('',#6261,#1122);
#745=LINE('',#6265,#1123);
#746=LINE('',#6282,#1124);
#747=LINE('',#6308,#1125);
#748=LINE('',#6321,#1126);
#749=LINE('',#6347,#1127);
#750=LINE('',#6373,#1128);
#751=LINE('',#6399,#1129);
#752=LINE('',#6425,#1130);
#753=LINE('',#6451,#1131);
#754=LINE('',#6696,#1132);
#755=LINE('',#6699,#1133);
#756=LINE('',#6702,#1134);
#757=LINE('',#6706,#1135);
#758=LINE('',#6709,#1136);
#759=LINE('',#6711,#1137);
#760=LINE('',#6715,#1138);
#761=LINE('',#6718,#1139);
#762=LINE('',#6720,#1140);
#763=LINE('',#6724,#1141);
#764=LINE('',#6727,#1142);
#765=LINE('',#6729,#1143);
#766=LINE('',#6733,#1144);
#767=LINE('',#6736,#1145);
#768=LINE('',#6738,#1146);
#769=LINE('',#6740,#1147);
#770=LINE('',#6742,#1148);
#771=LINE('',#6744,#1149);
#772=LINE('',#6745,#1150);
#773=LINE('',#6747,#1151);
#774=LINE('',#6749,#1152);
#775=LINE('',#6750,#1153);
#776=LINE('',#6751,#1154);
#777=LINE('',#6754,#1155);
#778=LINE('',#6760,#1156);
#779=LINE('',#6763,#1157);
#780=LINE('',#6766,#1158);
#781=LINE('',#6770,#1159);
#782=LINE('',#6773,#1160);
#783=LINE('',#6775,#1161);
#784=LINE('',#6779,#1162);
#785=LINE('',#6782,#1163);
#786=LINE('',#6784,#1164);
#787=LINE('',#6788,#1165);
#788=LINE('',#6791,#1166);
#789=LINE('',#6793,#1167);
#790=LINE('',#6797,#1168);
#791=LINE('',#6800,#1169);
#792=LINE('',#6802,#1170);
#793=LINE('',#6804,#1171);
#794=LINE('',#6806,#1172);
#795=LINE('',#6808,#1173);
#796=LINE('',#6809,#1174);
#797=LINE('',#6811,#1175);
#798=LINE('',#6813,#1176);
#799=LINE('',#6814,#1177);
#800=LINE('',#6815,#1178);
#801=LINE('',#6818,#1179);
#802=LINE('',#6824,#1180);
#803=LINE('',#6827,#1181);
#804=LINE('',#6829,#1182);
#805=LINE('',#6830,#1183);
#806=LINE('',#6832,#1184);
#807=LINE('',#6834,#1185);
#808=LINE('',#6835,#1186);
#809=LINE('',#6838,#1187);
#810=LINE('',#6840,#1188);
#811=LINE('',#6842,#1189);
#812=LINE('',#6844,#1190);
#813=LINE('',#6850,#1191);
#814=LINE('',#6853,#1192);
#815=LINE('',#6856,#1193);
#816=LINE('',#6858,#1194);
#817=LINE('',#6859,#1195);
#818=LINE('',#6860,#1196);
#819=LINE('',#6861,#1197);
#820=LINE('',#6864,#1198);
#821=LINE('',#6866,#1199);
#822=LINE('',#6868,#1200);
#823=LINE('',#6872,#1201);
#824=LINE('',#6876,#1202);
#825=LINE('',#6881,#1203);
#826=LINE('',#6882,#1204);
#827=LINE('',#6885,#1205);
#828=LINE('',#6886,#1206);
#829=LINE('',#6889,#1207);
#830=LINE('',#6890,#1208);
#831=LINE('',#6893,#1209);
#832=LINE('',#6894,#1210);
#833=LINE('',#6896,#1211);
#834=LINE('',#6898,#1212);
#835=LINE('',#6899,#1213);
#836=LINE('',#6913,#1214);
#837=LINE('',#6914,#1215);
#838=LINE('',#6917,#1216);
#839=LINE('',#6918,#1217);
#840=LINE('',#6923,#1218);
#841=LINE('',#6949,#1219);
#842=LINE('',#6950,#1220);
#843=LINE('',#6954,#1221);
#844=LINE('',#6957,#1222);
#845=LINE('',#6983,#1223);
#846=LINE('',#6995,#1224);
#847=LINE('',#6997,#1225);
#848=LINE('',#7011,#1226);
#849=LINE('',#7012,#1227);
#850=LINE('',#7015,#1228);
#851=LINE('',#7016,#1229);
#852=LINE('',#7030,#1230);
#853=LINE('',#7031,#1231);
#854=LINE('',#7047,#1232);
#855=LINE('',#7048,#1233);
#856=LINE('',#7051,#1234);
#857=LINE('',#7052,#1235);
#858=LINE('',#7066,#1236);
#859=LINE('',#7067,#1237);
#860=LINE('',#7083,#1238);
#861=LINE('',#7084,#1239);
#862=LINE('',#7087,#1240);
#863=LINE('',#7088,#1241);
#864=LINE('',#7102,#1242);
#865=LINE('',#7103,#1243);
#866=LINE('',#7118,#1244);
#867=LINE('',#7121,#1245);
#868=LINE('',#7132,#1246);
#869=LINE('',#7134,#1247);
#870=LINE('',#7149,#1248);
#871=LINE('',#7150,#1249);
#872=LINE('',#7152,#1250);
#873=LINE('',#7165,#1251);
#874=LINE('',#7181,#1252);
#875=LINE('',#7182,#1253);
#876=LINE('',#7184,#1254);
#877=LINE('',#7197,#1255);
#878=LINE('',#7213,#1256);
#879=LINE('',#7214,#1257);
#880=LINE('',#7216,#1258);
#881=LINE('',#7229,#1259);
#882=LINE('',#7233,#1260);
#883=LINE('',#7235,#1261);
#884=LINE('',#7236,#1262);
#885=LINE('',#7239,#1263);
#886=LINE('',#7244,#1264);
#887=LINE('',#7245,#1265);
#888=LINE('',#7249,#1266);
#889=LINE('',#7251,#1267);
#890=LINE('',#7253,#1268);
#891=LINE('',#7260,#1269);
#892=LINE('',#7263,#1270);
#893=LINE('',#7270,#1271);
#894=LINE('',#7274,#1272);
#895=LINE('',#7277,#1273);
#896=LINE('',#7281,#1274);
#897=LINE('',#7285,#1275);
#898=LINE('',#7291,#1276);
#899=LINE('',#7294,#1277);
#900=LINE('',#7301,#1278);
#901=LINE('',#7305,#1279);
#902=LINE('',#7308,#1280);
#903=LINE('',#7312,#1281);
#904=LINE('',#7316,#1282);
#905=LINE('',#7322,#1283);
#906=LINE('',#7325,#1284);
#907=LINE('',#7332,#1285);
#908=LINE('',#7336,#1286);
#909=LINE('',#7339,#1287);
#910=LINE('',#7343,#1288);
#911=LINE('',#7347,#1289);
#912=LINE('',#7353,#1290);
#913=LINE('',#7356,#1291);
#914=LINE('',#7363,#1292);
#915=LINE('',#7367,#1293);
#916=LINE('',#7370,#1294);
#917=LINE('',#7374,#1295);
#918=LINE('',#7378,#1296);
#919=LINE('',#7384,#1297);
#920=LINE('',#7387,#1298);
#921=LINE('',#7391,#1299);
#922=LINE('',#7394,#1300);
#923=LINE('',#7398,#1301);
#924=LINE('',#7404,#1302);
#925=LINE('',#7407,#1303);
#926=LINE('',#7412,#1304);
#927=LINE('',#7416,#1305);
#928=LINE('',#7420,#1306);
#929=LINE('',#7424,#1307);
#930=LINE('',#7427,#1308);
#931=LINE('',#7428,#1309);
#932=LINE('',#7430,#1310);
#933=LINE('',#7436,#1311);
#934=LINE('',#7439,#1312);
#935=LINE('',#7444,#1313);
#936=LINE('',#7448,#1314);
#937=LINE('',#7452,#1315);
#938=LINE('',#7456,#1316);
#939=LINE('',#7463,#1317);
#940=LINE('',#7466,#1318);
#941=LINE('',#7473,#1319);
#942=LINE('',#7477,#1320);
#943=LINE('',#7480,#1321);
#944=LINE('',#7484,#1322);
#945=LINE('',#7488,#1323);
#946=LINE('',#7492,#1324);
#947=LINE('',#7494,#1325);
#948=LINE('',#7495,#1326);
#949=LINE('',#7499,#1327);
#950=LINE('',#7501,#1328);
#951=LINE('',#7502,#1329);
#952=LINE('',#7508,#1330);
#953=LINE('',#7511,#1331);
#954=LINE('',#7516,#1332);
#955=LINE('',#7520,#1333);
#956=LINE('',#7524,#1334);
#957=LINE('',#7528,#1335);
#958=LINE('',#7533,#1336);
#959=LINE('',#7535,#1337);
#960=LINE('',#7536,#1338);
#961=LINE('',#7541,#1339);
#962=LINE('',#7542,#1340);
#963=LINE('',#7546,#1341);
#964=LINE('',#7548,#1342);
#965=LINE('',#7550,#1343);
#966=LINE('',#7553,#1344);
#967=LINE('',#7555,#1345);
#968=LINE('',#7557,#1346);
#969=LINE('',#7559,#1347);
#970=LINE('',#7561,#1348);
#971=LINE('',#7563,#1349);
#972=LINE('',#7565,#1350);
#973=LINE('',#7567,#1351);
#974=LINE('',#7568,#1352);
#975=LINE('',#7570,#1353);
#976=LINE('',#7572,#1354);
#977=LINE('',#7574,#1355);
#978=LINE('',#7576,#1356);
#979=LINE('',#7578,#1357);
#980=LINE('',#7581,#1358);
#981=LINE('',#7583,#1359);
#982=LINE('',#7584,#1360);
#983=LINE('',#7586,#1361);
#984=LINE('',#7588,#1362);
#985=LINE('',#7590,#1363);
#986=LINE('',#7591,#1364);
#987=LINE('',#7593,#1365);
#988=LINE('',#7595,#1366);
#989=LINE('',#7597,#1367);
#990=LINE('',#7598,#1368);
#991=LINE('',#7600,#1369);
#992=LINE('',#7602,#1370);
#993=LINE('',#7604,#1371);
#994=LINE('',#7605,#1372);
#995=LINE('',#7607,#1373);
#996=LINE('',#7609,#1374);
#997=LINE('',#7611,#1375);
#998=LINE('',#7613,#1376);
#999=LINE('',#7615,#1377);
#1000=LINE('',#7616,#1378);
#1001=LINE('',#7618,#1379);
#1002=LINE('',#7619,#1380);
#1003=LINE('',#7621,#1381);
#1004=LINE('',#7623,#1382);
#1005=LINE('',#7629,#1383);
#1006=LINE('',#7631,#1384);
#1007=LINE('',#7633,#1385);
#1008=LINE('',#7635,#1386);
#1009=LINE('',#7637,#1387);
#1010=LINE('',#7638,#1388);
#1011=LINE('',#7640,#1389);
#1012=LINE('',#7645,#1390);
#1013=LINE('',#7647,#1391);
#1014=LINE('',#7648,#1392);
#1015=LINE('',#7650,#1393);
#1016=LINE('',#7651,#1394);
#1017=LINE('',#7653,#1395);
#1018=LINE('',#7654,#1396);
#1019=LINE('',#7656,#1397);
#1020=LINE('',#7657,#1398);
#1021=LINE('',#7659,#1399);
#1022=LINE('',#7672,#1400);
#1023=LINE('',#7677,#1401);
#1024=VECTOR('',#4669,10.);
#1025=VECTOR('',#4672,10.);
#1026=VECTOR('',#4675,10.);
#1027=VECTOR('',#4678,10.);
#1028=VECTOR('',#4683,10.);
#1029=VECTOR('',#4686,10.);
#1030=VECTOR('',#4689,10.);
#1031=VECTOR('',#4690,10.);
#1032=VECTOR('',#4691,10.);
#1033=VECTOR('',#4692,10.);
#1034=VECTOR('',#4697,10.);
#1035=VECTOR('',#4700,10.);
#1036=VECTOR('',#4703,10.);
#1037=VECTOR('',#4704,10.);
#1038=VECTOR('',#4705,10.);
#1039=VECTOR('',#4708,10.);
#1040=VECTOR('',#4709,10.);
#1041=VECTOR('',#4710,10.);
#1042=VECTOR('',#4711,10.);
#1043=VECTOR('',#4712,10.);
#1044=VECTOR('',#4719,10.);
#1045=VECTOR('',#4722,10.);
#1046=VECTOR('',#4725,10.);
#1047=VECTOR('',#4728,10.);
#1048=VECTOR('',#4729,10.);
#1049=VECTOR('',#4730,10.);
#1050=VECTOR('',#4731,10.);
#1051=VECTOR('',#4732,10.);
#1052=VECTOR('',#4735,10.);
#1053=VECTOR('',#4736,10.);
#1054=VECTOR('',#4741,10.);
#1055=VECTOR('',#4744,10.);
#1056=VECTOR('',#4747,10.);
#1057=VECTOR('',#4748,10.);
#1058=VECTOR('',#4749,10.);
#1059=VECTOR('',#4752,10.);
#1060=VECTOR('',#4753,10.);
#1061=VECTOR('',#4754,10.);
#1062=VECTOR('',#4755,10.);
#1063=VECTOR('',#4756,10.);
#1064=VECTOR('',#4763,10.);
#1065=VECTOR('',#4768,10.);
#1066=VECTOR('',#4771,10.);
#1067=VECTOR('',#4774,10.);
#1068=VECTOR('',#4777,10.);
#1069=VECTOR('',#4778,10.);
#1070=VECTOR('',#4779,10.);
#1071=VECTOR('',#4782,10.);
#1072=VECTOR('',#4783,10.);
#1073=VECTOR('',#4788,10.);
#1074=VECTOR('',#4793,10.);
#1075=VECTOR('',#4798,10.);
#1076=VECTOR('',#4803,10.);
#1077=VECTOR('',#4806,10.);
#1078=VECTOR('',#4809,10.);
#1079=VECTOR('',#4812,10.);
#1080=VECTOR('',#4817,10.);
#1081=VECTOR('',#4824,10.);
#1082=VECTOR('',#4827,10.);
#1083=VECTOR('',#4830,10.);
#1084=VECTOR('',#4831,10.);
#1085=VECTOR('',#4834,10.);
#1086=VECTOR('',#4837,10.);
#1087=VECTOR('',#4840,10.);
#1088=VECTOR('',#4843,10.);
#1089=VECTOR('',#4844,10.);
#1090=VECTOR('',#4847,10.);
#1091=VECTOR('',#4850,10.);
#1092=VECTOR('',#4853,10.);
#1093=VECTOR('',#4856,10.);
#1094=VECTOR('',#4859,10.);
#1095=VECTOR('',#4864,10.);
#1096=VECTOR('',#4869,10.);
#1097=VECTOR('',#4874,10.);
#1098=VECTOR('',#4883,10.);
#1099=VECTOR('',#4884,10.);
#1100=VECTOR('',#4885,10.);
#1101=VECTOR('',#4888,10.);
#1102=VECTOR('',#4891,10.);
#1103=VECTOR('',#4894,10.);
#1104=VECTOR('',#4897,10.);
#1105=VECTOR('',#4900,10.);
#1106=VECTOR('',#4903,10.);
#1107=VECTOR('',#4906,10.);
#1108=VECTOR('',#4909,10.);
#1109=VECTOR('',#4912,10.);
#1110=VECTOR('',#4915,10.);
#1111=VECTOR('',#4918,10.);
#1112=VECTOR('',#4921,10.);
#1113=VECTOR('',#4922,10.);
#1114=VECTOR('',#4923,10.);
#1115=VECTOR('',#4924,10.);
#1116=VECTOR('',#4925,10.);
#1117=VECTOR('',#4928,10.);
#1118=VECTOR('',#4931,10.);
#1119=VECTOR('',#4934,10.);
#1120=VECTOR('',#4937,10.);
#1121=VECTOR('',#4940,10.);
#1122=VECTOR('',#4943,10.);
#1123=VECTOR('',#4946,10.);
#1124=VECTOR('',#4951,10.);
#1125=VECTOR('',#4954,10.);
#1126=VECTOR('',#4955,10.);
#1127=VECTOR('',#4958,10.);
#1128=VECTOR('',#4961,10.);
#1129=VECTOR('',#4964,10.);
#1130=VECTOR('',#4967,10.);
#1131=VECTOR('',#4970,10.);
#1132=VECTOR('',#5013,10.);
#1133=VECTOR('',#5016,10.);
#1134=VECTOR('',#5019,10.);
#1135=VECTOR('',#5022,10.);
#1136=VECTOR('',#5025,10.);
#1137=VECTOR('',#5026,10.);
#1138=VECTOR('',#5029,10.);
#1139=VECTOR('',#5032,10.);
#1140=VECTOR('',#5033,10.);
#1141=VECTOR('',#5036,10.);
#1142=VECTOR('',#5039,10.);
#1143=VECTOR('',#5040,10.);
#1144=VECTOR('',#5043,10.);
#1145=VECTOR('',#5046,10.);
#1146=VECTOR('',#5047,10.);
#1147=VECTOR('',#5050,10.);
#1148=VECTOR('',#5051,10.);
#1149=VECTOR('',#5052,10.);
#1150=VECTOR('',#5053,10.);
#1151=VECTOR('',#5054,10.);
#1152=VECTOR('',#5055,10.);
#1153=VECTOR('',#5056,10.);
#1154=VECTOR('',#5057,10.);
#1155=VECTOR('',#5060,10.);
#1156=VECTOR('',#5065,10.);
#1157=VECTOR('',#5068,10.);
#1158=VECTOR('',#5071,10.);
#1159=VECTOR('',#5074,10.);
#1160=VECTOR('',#5077,10.);
#1161=VECTOR('',#5078,10.);
#1162=VECTOR('',#5081,10.);
#1163=VECTOR('',#5084,10.);
#1164=VECTOR('',#5085,10.);
#1165=VECTOR('',#5088,10.);
#1166=VECTOR('',#5091,10.);
#1167=VECTOR('',#5092,10.);
#1168=VECTOR('',#5095,10.);
#1169=VECTOR('',#5098,10.);
#1170=VECTOR('',#5099,10.);
#1171=VECTOR('',#5102,10.);
#1172=VECTOR('',#5103,10.);
#1173=VECTOR('',#5104,10.);
#1174=VECTOR('',#5105,10.);
#1175=VECTOR('',#5106,10.);
#1176=VECTOR('',#5107,10.);
#1177=VECTOR('',#5108,10.);
#1178=VECTOR('',#5109,10.);
#1179=VECTOR('',#5112,10.);
#1180=VECTOR('',#5117,10.);
#1181=VECTOR('',#5120,10.);
#1182=VECTOR('',#5123,10.);
#1183=VECTOR('',#5124,10.);
#1184=VECTOR('',#5125,10.);
#1185=VECTOR('',#5126,10.);
#1186=VECTOR('',#5127,10.);
#1187=VECTOR('',#5130,10.);
#1188=VECTOR('',#5131,10.);
#1189=VECTOR('',#5132,10.);
#1190=VECTOR('',#5135,10.);
#1191=VECTOR('',#5140,10.);
#1192=VECTOR('',#5143,10.);
#1193=VECTOR('',#5146,10.);
#1194=VECTOR('',#5147,10.);
#1195=VECTOR('',#5148,10.);
#1196=VECTOR('',#5149,10.);
#1197=VECTOR('',#5150,10.);
#1198=VECTOR('',#5153,10.);
#1199=VECTOR('',#5154,10.);
#1200=VECTOR('',#5155,10.);
#1201=VECTOR('',#5160,10.);
#1202=VECTOR('',#5165,10.);
#1203=VECTOR('',#5172,10.);
#1204=VECTOR('',#5173,10.);
#1205=VECTOR('',#5176,10.);
#1206=VECTOR('',#5177,10.);
#1207=VECTOR('',#5180,10.);
#1208=VECTOR('',#5181,10.);
#1209=VECTOR('',#5184,10.);
#1210=VECTOR('',#5185,10.);
#1211=VECTOR('',#5188,10.);
#1212=VECTOR('',#5191,10.);
#1213=VECTOR('',#5192,10.);
#1214=VECTOR('',#5195,10.);
#1215=VECTOR('',#5196,10.);
#1216=VECTOR('',#5199,10.);
#1217=VECTOR('',#5200,10.);
#1218=VECTOR('',#5205,10.);
#1219=VECTOR('',#5210,10.);
#1220=VECTOR('',#5211,10.);
#1221=VECTOR('',#5216,10.);
#1222=VECTOR('',#5219,10.);
#1223=VECTOR('',#5222,10.);
#1224=VECTOR('',#5225,10.);
#1225=VECTOR('',#5228,10.);
#1226=VECTOR('',#5231,10.);
#1227=VECTOR('',#5232,10.);
#1228=VECTOR('',#5235,10.);
#1229=VECTOR('',#5236,10.);
#1230=VECTOR('',#5239,10.);
#1231=VECTOR('',#5240,10.);
#1232=VECTOR('',#5247,10.);
#1233=VECTOR('',#5248,10.);
#1234=VECTOR('',#5251,10.);
#1235=VECTOR('',#5252,10.);
#1236=VECTOR('',#5255,10.);
#1237=VECTOR('',#5256,10.);
#1238=VECTOR('',#5263,10.);
#1239=VECTOR('',#5264,10.);
#1240=VECTOR('',#5267,10.);
#1241=VECTOR('',#5268,10.);
#1242=VECTOR('',#5271,10.);
#1243=VECTOR('',#5272,10.);
#1244=VECTOR('',#5279,10.);
#1245=VECTOR('',#5282,10.);
#1246=VECTOR('',#5283,10.);
#1247=VECTOR('',#5286,10.);
#1248=VECTOR('',#5291,10.);
#1249=VECTOR('',#5292,10.);
#1250=VECTOR('',#5295,10.);
#1251=VECTOR('',#5298,10.);
#1252=VECTOR('',#5305,10.);
#1253=VECTOR('',#5306,10.);
#1254=VECTOR('',#5309,10.);
#1255=VECTOR('',#5312,10.);
#1256=VECTOR('',#5319,10.);
#1257=VECTOR('',#5320,10.);
#1258=VECTOR('',#5323,10.);
#1259=VECTOR('',#5326,10.);
#1260=VECTOR('',#5333,10.);
#1261=VECTOR('',#5336,10.);
#1262=VECTOR('',#5337,10.);
#1263=VECTOR('',#5342,10.);
#1264=VECTOR('',#5347,10.);
#1265=VECTOR('',#5348,10.);
#1266=VECTOR('',#5353,10.);
#1267=VECTOR('',#5356,10.);
#1268=VECTOR('',#5357,10.);
#1269=VECTOR('',#5364,10.);
#1270=VECTOR('',#5367,10.);
#1271=VECTOR('',#5374,10.);
#1272=VECTOR('',#5377,10.);
#1273=VECTOR('',#5380,10.);
#1274=VECTOR('',#5385,10.);
#1275=VECTOR('',#5390,10.);
#1276=VECTOR('',#5395,10.);
#1277=VECTOR('',#5398,10.);
#1278=VECTOR('',#5405,10.);
#1279=VECTOR('',#5408,10.);
#1280=VECTOR('',#5411,10.);
#1281=VECTOR('',#5416,10.);
#1282=VECTOR('',#5421,10.);
#1283=VECTOR('',#5426,10.);
#1284=VECTOR('',#5429,10.);
#1285=VECTOR('',#5436,10.);
#1286=VECTOR('',#5439,10.);
#1287=VECTOR('',#5442,10.);
#1288=VECTOR('',#5447,10.);
#1289=VECTOR('',#5452,10.);
#1290=VECTOR('',#5457,10.);
#1291=VECTOR('',#5460,10.);
#1292=VECTOR('',#5467,10.);
#1293=VECTOR('',#5470,10.);
#1294=VECTOR('',#5473,10.);
#1295=VECTOR('',#5478,10.);
#1296=VECTOR('',#5483,10.);
#1297=VECTOR('',#5488,10.);
#1298=VECTOR('',#5491,10.);
#1299=VECTOR('',#5496,10.);
#1300=VECTOR('',#5499,10.);
#1301=VECTOR('',#5504,10.);
#1302=VECTOR('',#5509,10.);
#1303=VECTOR('',#5512,10.);
#1304=VECTOR('',#5517,10.);
#1305=VECTOR('',#5522,10.);
#1306=VECTOR('',#5525,10.);
#1307=VECTOR('',#5528,10.);
#1308=VECTOR('',#5533,10.);
#1309=VECTOR('',#5534,10.);
#1310=VECTOR('',#5537,10.);
#1311=VECTOR('',#5542,10.);
#1312=VECTOR('',#5545,10.);
#1313=VECTOR('',#5550,10.);
#1314=VECTOR('',#5555,10.);
#1315=VECTOR('',#5558,10.);
#1316=VECTOR('',#5561,10.);
#1317=VECTOR('',#5568,10.);
#1318=VECTOR('',#5571,10.);
#1319=VECTOR('',#5578,10.);
#1320=VECTOR('',#5581,10.);
#1321=VECTOR('',#5584,10.);
#1322=VECTOR('',#5589,10.);
#1323=VECTOR('',#5594,10.);
#1324=VECTOR('',#5599,10.);
#1325=VECTOR('',#5602,10.);
#1326=VECTOR('',#5603,10.);
#1327=VECTOR('',#5608,10.);
#1328=VECTOR('',#5611,10.);
#1329=VECTOR('',#5612,10.);
#1330=VECTOR('',#5617,10.);
#1331=VECTOR('',#5620,10.);
#1332=VECTOR('',#5625,10.);
#1333=VECTOR('',#5630,10.);
#1334=VECTOR('',#5633,10.);
#1335=VECTOR('',#5636,10.);
#1336=VECTOR('',#5643,10.);
#1337=VECTOR('',#5646,10.);
#1338=VECTOR('',#5647,10.);
#1339=VECTOR('',#5652,10.);
#1340=VECTOR('',#5653,10.);
#1341=VECTOR('',#5658,10.);
#1342=VECTOR('',#5661,10.);
#1343=VECTOR('',#5662,10.);
#1344=VECTOR('',#5667,10.);
#1345=VECTOR('',#5670,10.);
#1346=VECTOR('',#5673,10.);
#1347=VECTOR('',#5676,10.);
#1348=VECTOR('',#5679,10.);
#1349=VECTOR('',#5682,10.);
#1350=VECTOR('',#5685,10.);
#1351=VECTOR('',#5688,10.);
#1352=VECTOR('',#5689,10.);
#1353=VECTOR('',#5692,10.);
#1354=VECTOR('',#5695,10.);
#1355=VECTOR('',#5698,10.);
#1356=VECTOR('',#5701,10.);
#1357=VECTOR('',#5704,10.);
#1358=VECTOR('',#5709,10.);
#1359=VECTOR('',#5712,10.);
#1360=VECTOR('',#5713,10.);
#1361=VECTOR('',#5716,10.);
#1362=VECTOR('',#5719,10.);
#1363=VECTOR('',#5722,10.);
#1364=VECTOR('',#5723,10.);
#1365=VECTOR('',#5726,10.);
#1366=VECTOR('',#5729,10.);
#1367=VECTOR('',#5732,10.);
#1368=VECTOR('',#5733,10.);
#1369=VECTOR('',#5736,10.);
#1370=VECTOR('',#5739,10.);
#1371=VECTOR('',#5742,10.);
#1372=VECTOR('',#5743,10.);
#1373=VECTOR('',#5746,10.);
#1374=VECTOR('',#5749,10.);
#1375=VECTOR('',#5752,10.);
#1376=VECTOR('',#5755,10.);
#1377=VECTOR('',#5758,10.);
#1378=VECTOR('',#5759,10.);
#1379=VECTOR('',#5762,10.);
#1380=VECTOR('',#5763,10.);
#1381=VECTOR('',#5766,10.);
#1382=VECTOR('',#5769,10.);
#1383=VECTOR('',#5780,10.);
#1384=VECTOR('',#5783,10.);
#1385=VECTOR('',#5786,10.);
#1386=VECTOR('',#5789,10.);
#1387=VECTOR('',#5792,10.);
#1388=VECTOR('',#5793,10.);
#1389=VECTOR('',#5796,10.);
#1390=VECTOR('',#5805,10.);
#1391=VECTOR('',#5808,10.);
#1392=VECTOR('',#5809,10.);
#1393=VECTOR('',#5812,10.);
#1394=VECTOR('',#5813,10.);
#1395=VECTOR('',#5816,10.);
#1396=VECTOR('',#5817,10.);
#1397=VECTOR('',#5820,10.);
#1398=VECTOR('',#5821,10.);
#1399=VECTOR('',#5824,10.);
#1400=VECTOR('',#5849,10.);
#1401=VECTOR('',#5858,10.);
#1402=CIRCLE('',#4248,2.);
#1403=CIRCLE('',#4249,2.);
#1404=CIRCLE('',#4251,2.);
#1405=CIRCLE('',#4252,2.);
#1406=CIRCLE('',#4253,108.181818181818);
#1407=CIRCLE('',#4255,2.);
#1408=CIRCLE('',#4257,2.);
#1409=CIRCLE('',#4258,2.);
#1410=CIRCLE('',#4261,2.);
#1411=CIRCLE('',#4263,2.);
#1412=CIRCLE('',#4264,2.);
#1413=CIRCLE('',#4266,2.);
#1414=CIRCLE('',#4269,2.);
#1415=CIRCLE('',#4270,2.);
#1416=CIRCLE('',#4273,2.);
#1417=CIRCLE('',#4275,2.);
#1418=CIRCLE('',#4277,2.);
#1419=CIRCLE('',#4278,2.);
#1420=CIRCLE('',#4280,2.);
#1421=CIRCLE('',#4283,2.);
#1422=CIRCLE('',#4285,2.);
#1423=CIRCLE('',#4287,102.18181818182);
#1424=CIRCLE('',#4288,2.);
#1425=CIRCLE('',#4289,108.181818181818);
#1426=CIRCLE('',#4291,2.);
#1427=CIRCLE('',#4293,108.181818181818);
#1428=CIRCLE('',#4294,2.);
#1429=CIRCLE('',#4295,102.18181818182);
#1430=CIRCLE('',#4297,2.);
#1431=CIRCLE('',#4298,2.);
#1432=CIRCLE('',#4300,102.18181818182);
#1433=CIRCLE('',#4301,108.181818181818);
#1434=CIRCLE('',#4303,2.);
#1435=CIRCLE('',#4305,2.);
#1436=CIRCLE('',#4307,108.181818181818);
#1437=CIRCLE('',#4308,102.18181818182);
#1438=CIRCLE('',#4310,2.);
#1439=CIRCLE('',#4312,102.18181818182);
#1440=CIRCLE('',#4313,2.);
#1441=CIRCLE('',#4314,108.181818181818);
#1442=CIRCLE('',#4316,100.18181818182);
#1443=CIRCLE('',#4317,102.18181818182);
#1444=CIRCLE('',#4319,102.18181818182);
#1445=CIRCLE('',#4320,102.18181818182);
#1446=CIRCLE('',#4321,102.18181818182);
#1447=CIRCLE('',#4322,102.18181818182);
#1448=CIRCLE('',#4323,102.18181818182);
#1449=CIRCLE('',#4324,102.18181818182);
#1450=CIRCLE('',#4325,102.18181818182);
#1451=CIRCLE('',#4326,102.18181818182);
#1452=CIRCLE('',#4327,102.18181818182);
#1453=CIRCLE('',#4328,102.18181818182);
#1454=CIRCLE('',#4329,102.18181818182);
#1455=CIRCLE('',#4330,102.18181818182);
#1456=CIRCLE('',#4331,102.18181818182);
#1457=CIRCLE('',#4332,102.18181818182);
#1458=CIRCLE('',#4333,102.18181818182);
#1459=CIRCLE('',#4334,102.18181818182);
#1460=CIRCLE('',#4335,102.18181818182);
#1461=CIRCLE('',#4336,102.18181818182);
#1462=CIRCLE('',#4337,102.18181818182);
#1463=CIRCLE('',#4338,102.18181818182);
#1464=CIRCLE('',#4339,102.18181818182);
#1465=CIRCLE('',#4340,102.18181818182);
#1466=CIRCLE('',#4341,102.18181818182);
#1467=CIRCLE('',#4342,102.18181818182);
#1468=CIRCLE('',#4343,102.18181818182);
#1469=CIRCLE('',#4344,102.18181818182);
#1470=CIRCLE('',#4345,102.18181818182);
#1471=CIRCLE('',#4346,102.18181818182);
#1472=CIRCLE('',#4348,100.18181818182);
#1473=CIRCLE('',#4350,100.18181818182);
#1474=CIRCLE('',#4352,100.18181818182);
#1475=CIRCLE('',#4354,100.18181818182);
#1476=CIRCLE('',#4356,100.18181818182);
#1477=CIRCLE('',#4358,100.18181818182);
#1478=CIRCLE('',#4360,100.18181818182);
#1479=CIRCLE('',#4362,100.18181818182);
#1480=CIRCLE('',#4364,100.18181818182);
#1481=CIRCLE('',#4366,2.);
#1482=CIRCLE('',#4367,2.);
#1483=CIRCLE('',#4369,2.);
#1484=CIRCLE('',#4370,2.);
#1485=CIRCLE('',#4371,2.);
#1486=CIRCLE('',#4372,2.);
#1487=CIRCLE('',#4373,2.);
#1488=CIRCLE('',#4374,2.);
#1489=CIRCLE('',#4375,2.);
#1490=CIRCLE('',#4376,2.);
#1491=CIRCLE('',#4377,2.);
#1492=CIRCLE('',#4378,2.);
#1493=CIRCLE('',#4380,2.);
#1494=CIRCLE('',#4381,2.);
#1495=CIRCLE('',#4383,2.);
#1496=CIRCLE('',#4384,2.);
#1497=CIRCLE('',#4385,2.);
#1498=CIRCLE('',#4386,2.);
#1499=CIRCLE('',#4387,2.);
#1500=CIRCLE('',#4388,2.);
#1501=CIRCLE('',#4389,2.);
#1502=CIRCLE('',#4390,2.);
#1503=CIRCLE('',#4391,2.);
#1504=CIRCLE('',#4392,2.);
#1505=CIRCLE('',#4394,2.);
#1506=CIRCLE('',#4395,2.);
#1507=CIRCLE('',#4398,2.);
#1508=CIRCLE('',#4400,2.);
#1509=CIRCLE('',#4401,2.);
#1510=CIRCLE('',#4404,2.);
#1511=CIRCLE('',#4406,2.);
#1512=CIRCLE('',#4408,2.);
#1513=CIRCLE('',#4419,108.181818181818);
#1514=CIRCLE('',#4420,108.181818181818);
#1515=CIRCLE('',#4423,108.181818181818);
#1516=CIRCLE('',#4425,108.181818181818);
#1517=CIRCLE('',#4432,108.181818181818);
#1518=CIRCLE('',#4437,108.181818181818);
#1519=CIRCLE('',#4442,108.181818181818);
#1520=CIRCLE('',#4451,108.181818181818);
#1521=CIRCLE('',#4456,108.181818181818);
#1522=CIRCLE('',#4461,108.181818181818);
#1523=CIRCLE('',#4467,2.);
#1524=CIRCLE('',#4469,108.181818181818);
#1525=CIRCLE('',#4471,2.);
#1526=CIRCLE('',#4473,2.);
#1527=CIRCLE('',#4474,2.);
#1528=CIRCLE('',#4476,108.181818181818);
#1529=CIRCLE('',#4477,2.);
#1530=CIRCLE('',#4478,2.);
#1531=CIRCLE('',#4479,2.);
#1532=CIRCLE('',#4481,108.181818181818);
#1533=CIRCLE('',#4483,2.);
#1534=CIRCLE('',#4485,2.);
#1535=CIRCLE('',#4486,2.);
#1536=CIRCLE('',#4488,108.181818181818);
#1537=CIRCLE('',#4489,2.);
#1538=CIRCLE('',#4490,2.);
#1539=CIRCLE('',#4491,2.);
#1540=CIRCLE('',#4493,108.181818181818);
#1541=CIRCLE('',#4495,2.);
#1542=CIRCLE('',#4497,2.);
#1543=CIRCLE('',#4498,2.);
#1544=CIRCLE('',#4500,108.181818181818);
#1545=CIRCLE('',#4501,2.);
#1546=CIRCLE('',#4502,2.);
#1547=CIRCLE('',#4503,2.);
#1548=CIRCLE('',#4505,108.181818181818);
#1549=CIRCLE('',#4507,2.);
#1550=CIRCLE('',#4509,2.);
#1551=CIRCLE('',#4510,2.);
#1552=CIRCLE('',#4512,108.181818181818);
#1553=CIRCLE('',#4513,2.);
#1554=CIRCLE('',#4514,2.);
#1555=CIRCLE('',#4515,2.);
#1556=CIRCLE('',#4517,108.181818181818);
#1557=CIRCLE('',#4519,2.);
#1558=CIRCLE('',#4521,2.);
#1559=CIRCLE('',#4522,2.);
#1560=CIRCLE('',#4524,2.);
#1561=CIRCLE('',#4525,108.181818181818);
#1562=CIRCLE('',#4527,108.181818181818);
#1563=CIRCLE('',#4529,2.);
#1564=CIRCLE('',#4530,2.);
#1565=CIRCLE('',#4532,108.181818181818);
#1566=CIRCLE('',#4533,108.181818181818);
#1567=CIRCLE('',#4535,2.);
#1568=CIRCLE('',#4536,2.);
#1569=CIRCLE('',#4537,2.);
#1570=CIRCLE('',#4541,2.);
#1571=CIRCLE('',#4542,2.);
#1572=CIRCLE('',#4544,108.181818181818);
#1573=CIRCLE('',#4545,108.181818181818);
#1574=CIRCLE('',#4547,2.);
#1575=CIRCLE('',#4548,2.);
#1576=CIRCLE('',#4549,2.);
#1577=CIRCLE('',#4551,2.);
#1578=CIRCLE('',#4552,2.);
#1579=CIRCLE('',#4554,108.181818181818);
#1580=CIRCLE('',#4555,2.);
#1581=CIRCLE('',#4556,2.);
#1582=CIRCLE('',#4557,2.);
#1583=CIRCLE('',#4559,108.181818181818);
#1584=CIRCLE('',#4561,2.);
#1585=CIRCLE('',#4563,2.);
#1586=CIRCLE('',#4566,2.);
#1587=CIRCLE('',#4569,2.);
#1588=CIRCLE('',#4570,2.);
#1589=CIRCLE('',#4572,108.181818181818);
#1590=CIRCLE('',#4573,108.181818181818);
#1591=CIRCLE('',#4575,2.);
#1592=CIRCLE('',#4576,2.);
#1593=CIRCLE('',#4577,2.);
#1594=CIRCLE('',#4579,2.);
#1595=CIRCLE('',#4582,2.);
#1596=CIRCLE('',#4584,108.181818181818);
#1597=CIRCLE('',#4586,2.);
#1598=VERTEX_POINT('',#5877);
#1599=VERTEX_POINT('',#5878);
#1600=VERTEX_POINT('',#5880);
#1601=VERTEX_POINT('',#5882);
#1602=VERTEX_POINT('',#5886);
#1603=VERTEX_POINT('',#5888);
#1604=VERTEX_POINT('',#5890);
#1605=VERTEX_POINT('',#5892);
#1606=VERTEX_POINT('',#5894);
#1607=VERTEX_POINT('',#5898);
#1608=VERTEX_POINT('',#5900);
#1609=VERTEX_POINT('',#5902);
#1610=VERTEX_POINT('',#5904);
#1611=VERTEX_POINT('',#5906);
#1612=VERTEX_POINT('',#5910);
#1613=VERTEX_POINT('',#5911);
#1614=VERTEX_POINT('',#5913);
#1615=VERTEX_POINT('',#5915);
#1616=VERTEX_POINT('',#5919);
#1617=VERTEX_POINT('',#5921);
#1618=VERTEX_POINT('',#5925);
#1619=VERTEX_POINT('',#5927);
#1620=VERTEX_POINT('',#5929);
#1621=VERTEX_POINT('',#5931);
#1622=VERTEX_POINT('',#5933);
#1623=VERTEX_POINT('',#5937);
#1624=VERTEX_POINT('',#5938);
#1625=VERTEX_POINT('',#5940);
#1626=VERTEX_POINT('',#5942);
#1627=VERTEX_POINT('',#5946);
#1628=VERTEX_POINT('',#5948);
#1629=VERTEX_POINT('',#5950);
#1630=VERTEX_POINT('',#5952);
#1631=VERTEX_POINT('',#5954);
#1632=VERTEX_POINT('',#5956);
#1633=VERTEX_POINT('',#5960);
#1634=VERTEX_POINT('',#5964);
#1635=VERTEX_POINT('',#5965);
#1636=VERTEX_POINT('',#5967);
#1637=VERTEX_POINT('',#5969);
#1638=VERTEX_POINT('',#5973);
#1639=VERTEX_POINT('',#5975);
#1640=VERTEX_POINT('',#5979);
#1641=VERTEX_POINT('',#5981);
#1642=VERTEX_POINT('',#5983);
#1643=VERTEX_POINT('',#5985);
#1644=VERTEX_POINT('',#5987);
#1645=VERTEX_POINT('',#5991);
#1646=VERTEX_POINT('',#5995);
#1647=VERTEX_POINT('',#5996);
#1648=VERTEX_POINT('',#5998);
#1649=VERTEX_POINT('',#6000);
#1650=VERTEX_POINT('',#6004);
#1651=VERTEX_POINT('',#6006);
#1652=VERTEX_POINT('',#6008);
#1653=VERTEX_POINT('',#6010);
#1654=VERTEX_POINT('',#6014);
#1655=VERTEX_POINT('',#6018);
#1656=VERTEX_POINT('',#6022);
#1657=VERTEX_POINT('',#6026);
#1658=VERTEX_POINT('',#6028);
#1659=VERTEX_POINT('',#6030);
#1660=VERTEX_POINT('',#6032);
#1661=VERTEX_POINT('',#6036);
#1662=VERTEX_POINT('',#6038);
#1663=VERTEX_POINT('',#6042);
#1664=VERTEX_POINT('',#6044);
#1665=VERTEX_POINT('',#6046);
#1666=VERTEX_POINT('',#6048);
#1667=VERTEX_POINT('',#6052);
#1668=VERTEX_POINT('',#6053);
#1669=VERTEX_POINT('',#6055);
#1670=VERTEX_POINT('',#6057);
#1671=VERTEX_POINT('',#6061);
#1672=VERTEX_POINT('',#6063);
#1673=VERTEX_POINT('',#6065);
#1674=VERTEX_POINT('',#6067);
#1675=VERTEX_POINT('',#6069);
#1676=VERTEX_POINT('',#6073);
#1677=VERTEX_POINT('',#6075);
#1678=VERTEX_POINT('',#6077);
#1679=VERTEX_POINT('',#6081);
#1680=VERTEX_POINT('',#6083);
#1681=VERTEX_POINT('',#6087);
#1682=VERTEX_POINT('',#6089);
#1683=VERTEX_POINT('',#6091);
#1684=VERTEX_POINT('',#6093);
#1685=VERTEX_POINT('',#6097);
#1686=VERTEX_POINT('',#6101);
#1687=VERTEX_POINT('',#6103);
#1688=VERTEX_POINT('',#6105);
#1689=VERTEX_POINT('',#6107);
#1690=VERTEX_POINT('',#6111);
#1691=VERTEX_POINT('',#6112);
#1692=VERTEX_POINT('',#6123);
#1693=VERTEX_POINT('',#6125);
#1694=VERTEX_POINT('',#6138);
#1695=VERTEX_POINT('',#6141);
#1696=VERTEX_POINT('',#6143);
#1697=VERTEX_POINT('',#6145);
#1698=VERTEX_POINT('',#6156);
#1699=VERTEX_POINT('',#6158);
#1700=VERTEX_POINT('',#6169);
#1701=VERTEX_POINT('',#6172);
#1702=VERTEX_POINT('',#6174);
#1703=VERTEX_POINT('',#6176);
#1704=VERTEX_POINT('',#6178);
#1705=VERTEX_POINT('',#6180);
#1706=VERTEX_POINT('',#6182);
#1707=VERTEX_POINT('',#6184);
#1708=VERTEX_POINT('',#6186);
#1709=VERTEX_POINT('',#6188);
#1710=VERTEX_POINT('',#6190);
#1711=VERTEX_POINT('',#6192);
#1712=VERTEX_POINT('',#6194);
#1713=VERTEX_POINT('',#6196);
#1714=VERTEX_POINT('',#6198);
#1715=VERTEX_POINT('',#6200);
#1716=VERTEX_POINT('',#6202);
#1717=VERTEX_POINT('',#6204);
#1718=VERTEX_POINT('',#6206);
#1719=VERTEX_POINT('',#6208);
#1720=VERTEX_POINT('',#6212);
#1721=VERTEX_POINT('',#6223);
#1722=VERTEX_POINT('',#6236);
#1723=VERTEX_POINT('',#6238);
#1724=VERTEX_POINT('',#6240);
#1725=VERTEX_POINT('',#6242);
#1726=VERTEX_POINT('',#6244);
#1727=VERTEX_POINT('',#6246);
#1728=VERTEX_POINT('',#6248);
#1729=VERTEX_POINT('',#6250);
#1730=VERTEX_POINT('',#6252);
#1731=VERTEX_POINT('',#6254);
#1732=VERTEX_POINT('',#6256);
#1733=VERTEX_POINT('',#6258);
#1734=VERTEX_POINT('',#6260);
#1735=VERTEX_POINT('',#6262);
#1736=VERTEX_POINT('',#6264);
#1737=VERTEX_POINT('',#6267);
#1738=VERTEX_POINT('',#6268);
#1739=VERTEX_POINT('',#6270);
#1740=VERTEX_POINT('',#6281);
#1741=VERTEX_POINT('',#6283);
#1742=VERTEX_POINT('',#6294);
#1743=VERTEX_POINT('',#6296);
#1744=VERTEX_POINT('',#6307);
#1745=VERTEX_POINT('',#6319);
#1746=VERTEX_POINT('',#6320);
#1747=VERTEX_POINT('',#6322);
#1748=VERTEX_POINT('',#6333);
#1749=VERTEX_POINT('',#6335);
#1750=VERTEX_POINT('',#6346);
#1751=VERTEX_POINT('',#6348);
#1752=VERTEX_POINT('',#6359);
#1753=VERTEX_POINT('',#6371);
#1754=VERTEX_POINT('',#6372);
#1755=VERTEX_POINT('',#6374);
#1756=VERTEX_POINT('',#6385);
#1757=VERTEX_POINT('',#6387);
#1758=VERTEX_POINT('',#6398);
#1759=VERTEX_POINT('',#6400);
#1760=VERTEX_POINT('',#6411);
#1761=VERTEX_POINT('',#6423);
#1762=VERTEX_POINT('',#6424);
#1763=VERTEX_POINT('',#6426);
#1764=VERTEX_POINT('',#6437);
#1765=VERTEX_POINT('',#6439);
#1766=VERTEX_POINT('',#6450);
#1767=VERTEX_POINT('',#6452);
#1768=VERTEX_POINT('',#6463);
#1769=VERTEX_POINT('',#6476);
#1770=VERTEX_POINT('',#6487);
#1771=VERTEX_POINT('',#6500);
#1772=VERTEX_POINT('',#6511);
#1773=VERTEX_POINT('',#6524);
#1774=VERTEX_POINT('',#6535);
#1775=VERTEX_POINT('',#6548);
#1776=VERTEX_POINT('',#6559);
#1777=VERTEX_POINT('',#6572);
#1778=VERTEX_POINT('',#6583);
#1779=VERTEX_POINT('',#6596);
#1780=VERTEX_POINT('',#6607);
#1781=VERTEX_POINT('',#6620);
#1782=VERTEX_POINT('',#6631);
#1783=VERTEX_POINT('',#6644);
#1784=VERTEX_POINT('',#6655);
#1785=VERTEX_POINT('',#6668);
#1786=VERTEX_POINT('',#6679);
#1787=VERTEX_POINT('',#6692);
#1788=VERTEX_POINT('',#6693);
#1789=VERTEX_POINT('',#6695);
#1790=VERTEX_POINT('',#6697);
#1791=VERTEX_POINT('',#6701);
#1792=VERTEX_POINT('',#6703);
#1793=VERTEX_POINT('',#6705);
#1794=VERTEX_POINT('',#6707);
#1795=VERTEX_POINT('',#6710);
#1796=VERTEX_POINT('',#6712);
#1797=VERTEX_POINT('',#6714);
#1798=VERTEX_POINT('',#6716);
#1799=VERTEX_POINT('',#6719);
#1800=VERTEX_POINT('',#6721);
#1801=VERTEX_POINT('',#6723);
#1802=VERTEX_POINT('',#6725);
#1803=VERTEX_POINT('',#6728);
#1804=VERTEX_POINT('',#6730);
#1805=VERTEX_POINT('',#6732);
#1806=VERTEX_POINT('',#6734);
#1807=VERTEX_POINT('',#6737);
#1808=VERTEX_POINT('',#6741);
#1809=VERTEX_POINT('',#6743);
#1810=VERTEX_POINT('',#6746);
#1811=VERTEX_POINT('',#6748);
#1812=VERTEX_POINT('',#6752);
#1813=VERTEX_POINT('',#6756);
#1814=VERTEX_POINT('',#6757);
#1815=VERTEX_POINT('',#6759);
#1816=VERTEX_POINT('',#6761);
#1817=VERTEX_POINT('',#6765);
#1818=VERTEX_POINT('',#6767);
#1819=VERTEX_POINT('',#6769);
#1820=VERTEX_POINT('',#6771);
#1821=VERTEX_POINT('',#6774);
#1822=VERTEX_POINT('',#6776);
#1823=VERTEX_POINT('',#6778);
#1824=VERTEX_POINT('',#6780);
#1825=VERTEX_POINT('',#6783);
#1826=VERTEX_POINT('',#6785);
#1827=VERTEX_POINT('',#6787);
#1828=VERTEX_POINT('',#6789);
#1829=VERTEX_POINT('',#6792);
#1830=VERTEX_POINT('',#6794);
#1831=VERTEX_POINT('',#6796);
#1832=VERTEX_POINT('',#6798);
#1833=VERTEX_POINT('',#6801);
#1834=VERTEX_POINT('',#6805);
#1835=VERTEX_POINT('',#6807);
#1836=VERTEX_POINT('',#6810);
#1837=VERTEX_POINT('',#6812);
#1838=VERTEX_POINT('',#6816);
#1839=VERTEX_POINT('',#6820);
#1840=VERTEX_POINT('',#6821);
#1841=VERTEX_POINT('',#6823);
#1842=VERTEX_POINT('',#6825);
#1843=VERTEX_POINT('',#6831);
#1844=VERTEX_POINT('',#6833);
#1845=VERTEX_POINT('',#6837);
#1846=VERTEX_POINT('',#6839);
#1847=VERTEX_POINT('',#6841);
#1848=VERTEX_POINT('',#6846);
#1849=VERTEX_POINT('',#6847);
#1850=VERTEX_POINT('',#6849);
#1851=VERTEX_POINT('',#6851);
#1852=VERTEX_POINT('',#6855);
#1853=VERTEX_POINT('',#6857);
#1854=VERTEX_POINT('',#6863);
#1855=VERTEX_POINT('',#6865);
#1856=VERTEX_POINT('',#6867);
#1857=VERTEX_POINT('',#6871);
#1858=VERTEX_POINT('',#6875);
#1859=VERTEX_POINT('',#6880);
#1860=VERTEX_POINT('',#6884);
#1861=VERTEX_POINT('',#6888);
#1862=VERTEX_POINT('',#6892);
#1863=VERTEX_POINT('',#6901);
#1864=VERTEX_POINT('',#6902);
#1865=VERTEX_POINT('',#6916);
#1866=VERTEX_POINT('',#6920);
#1867=VERTEX_POINT('',#6922);
#1868=VERTEX_POINT('',#6924);
#1869=VERTEX_POINT('',#6937);
#1870=VERTEX_POINT('',#6938);
#1871=VERTEX_POINT('',#6952);
#1872=VERTEX_POINT('',#6956);
#1873=VERTEX_POINT('',#6958);
#1874=VERTEX_POINT('',#6969);
#1875=VERTEX_POINT('',#6971);
#1876=VERTEX_POINT('',#6982);
#1877=VERTEX_POINT('',#6999);
#1878=VERTEX_POINT('',#7000);
#1879=VERTEX_POINT('',#7014);
#1880=VERTEX_POINT('',#7018);
#1881=VERTEX_POINT('',#7019);
#1882=VERTEX_POINT('',#7035);
#1883=VERTEX_POINT('',#7036);
#1884=VERTEX_POINT('',#7050);
#1885=VERTEX_POINT('',#7054);
#1886=VERTEX_POINT('',#7055);
#1887=VERTEX_POINT('',#7071);
#1888=VERTEX_POINT('',#7072);
#1889=VERTEX_POINT('',#7086);
#1890=VERTEX_POINT('',#7090);
#1891=VERTEX_POINT('',#7091);
#1892=VERTEX_POINT('',#7107);
#1893=VERTEX_POINT('',#7120);
#1894=VERTEX_POINT('',#7137);
#1895=VERTEX_POINT('',#7138);
#1896=VERTEX_POINT('',#7154);
#1897=VERTEX_POINT('',#7169);
#1898=VERTEX_POINT('',#7170);
#1899=VERTEX_POINT('',#7186);
#1900=VERTEX_POINT('',#7201);
#1901=VERTEX_POINT('',#7202);
#1902=VERTEX_POINT('',#7218);
#1903=VERTEX_POINT('',#7241);
#1904=VERTEX_POINT('',#7242);
#1905=VERTEX_POINT('',#7247);
#1906=VERTEX_POINT('',#7252);
#1907=VERTEX_POINT('',#7256);
#1908=VERTEX_POINT('',#7257);
#1909=VERTEX_POINT('',#7259);
#1910=VERTEX_POINT('',#7261);
#1911=VERTEX_POINT('',#7265);
#1912=VERTEX_POINT('',#7267);
#1913=VERTEX_POINT('',#7269);
#1914=VERTEX_POINT('',#7271);
#1915=VERTEX_POINT('',#7273);
#1916=VERTEX_POINT('',#7275);
#1917=VERTEX_POINT('',#7279);
#1918=VERTEX_POINT('',#7283);
#1919=VERTEX_POINT('',#7287);
#1920=VERTEX_POINT('',#7288);
#1921=VERTEX_POINT('',#7290);
#1922=VERTEX_POINT('',#7292);
#1923=VERTEX_POINT('',#7296);
#1924=VERTEX_POINT('',#7298);
#1925=VERTEX_POINT('',#7300);
#1926=VERTEX_POINT('',#7302);
#1927=VERTEX_POINT('',#7304);
#1928=VERTEX_POINT('',#7306);
#1929=VERTEX_POINT('',#7310);
#1930=VERTEX_POINT('',#7314);
#1931=VERTEX_POINT('',#7318);
#1932=VERTEX_POINT('',#7319);
#1933=VERTEX_POINT('',#7321);
#1934=VERTEX_POINT('',#7323);
#1935=VERTEX_POINT('',#7327);
#1936=VERTEX_POINT('',#7329);
#1937=VERTEX_POINT('',#7331);
#1938=VERTEX_POINT('',#7333);
#1939=VERTEX_POINT('',#7335);
#1940=VERTEX_POINT('',#7337);
#1941=VERTEX_POINT('',#7341);
#1942=VERTEX_POINT('',#7345);
#1943=VERTEX_POINT('',#7349);
#1944=VERTEX_POINT('',#7350);
#1945=VERTEX_POINT('',#7352);
#1946=VERTEX_POINT('',#7354);
#1947=VERTEX_POINT('',#7358);
#1948=VERTEX_POINT('',#7360);
#1949=VERTEX_POINT('',#7362);
#1950=VERTEX_POINT('',#7364);
#1951=VERTEX_POINT('',#7366);
#1952=VERTEX_POINT('',#7368);
#1953=VERTEX_POINT('',#7372);
#1954=VERTEX_POINT('',#7376);
#1955=VERTEX_POINT('',#7380);
#1956=VERTEX_POINT('',#7381);
#1957=VERTEX_POINT('',#7383);
#1958=VERTEX_POINT('',#7385);
#1959=VERTEX_POINT('',#7389);
#1960=VERTEX_POINT('',#7392);
#1961=VERTEX_POINT('',#7396);
#1962=VERTEX_POINT('',#7400);
#1963=VERTEX_POINT('',#7401);
#1964=VERTEX_POINT('',#7403);
#1965=VERTEX_POINT('',#7405);
#1966=VERTEX_POINT('',#7409);
#1967=VERTEX_POINT('',#7411);
#1968=VERTEX_POINT('',#7415);
#1969=VERTEX_POINT('',#7417);
#1970=VERTEX_POINT('',#7419);
#1971=VERTEX_POINT('',#7421);
#1972=VERTEX_POINT('',#7423);
#1973=VERTEX_POINT('',#7432);
#1974=VERTEX_POINT('',#7433);
#1975=VERTEX_POINT('',#7435);
#1976=VERTEX_POINT('',#7437);
#1977=VERTEX_POINT('',#7441);
#1978=VERTEX_POINT('',#7443);
#1979=VERTEX_POINT('',#7447);
#1980=VERTEX_POINT('',#7449);
#1981=VERTEX_POINT('',#7451);
#1982=VERTEX_POINT('',#7453);
#1983=VERTEX_POINT('',#7455);
#1984=VERTEX_POINT('',#7459);
#1985=VERTEX_POINT('',#7460);
#1986=VERTEX_POINT('',#7462);
#1987=VERTEX_POINT('',#7464);
#1988=VERTEX_POINT('',#7468);
#1989=VERTEX_POINT('',#7470);
#1990=VERTEX_POINT('',#7472);
#1991=VERTEX_POINT('',#7474);
#1992=VERTEX_POINT('',#7476);
#1993=VERTEX_POINT('',#7478);
#1994=VERTEX_POINT('',#7482);
#1995=VERTEX_POINT('',#7486);
#1996=VERTEX_POINT('',#7490);
#1997=VERTEX_POINT('',#7497);
#1998=VERTEX_POINT('',#7504);
#1999=VERTEX_POINT('',#7505);
#2000=VERTEX_POINT('',#7507);
#2001=VERTEX_POINT('',#7509);
#2002=VERTEX_POINT('',#7513);
#2003=VERTEX_POINT('',#7515);
#2004=VERTEX_POINT('',#7519);
#2005=VERTEX_POINT('',#7521);
#2006=VERTEX_POINT('',#7523);
#2007=VERTEX_POINT('',#7525);
#2008=VERTEX_POINT('',#7527);
#2009=VERTEX_POINT('',#7531);
#2010=VERTEX_POINT('',#7538);
#2011=VERTEX_POINT('',#7539);
#2012=VERTEX_POINT('',#7544);
#2013=VERTEX_POINT('',#7549);
#2014=EDGE_CURVE('',#1598,#1599,#1402,.T.);
#2015=EDGE_CURVE('',#1599,#1600,#646,.T.);
#2016=EDGE_CURVE('',#1600,#1601,#1403,.T.);
#2017=EDGE_CURVE('',#1601,#1598,#647,.T.);
#2018=EDGE_CURVE('',#1599,#1602,#648,.T.);
#2019=EDGE_CURVE('',#1603,#1602,#1404,.T.);
#2020=EDGE_CURVE('',#1603,#1604,#649,.T.);
#2021=EDGE_CURVE('',#1605,#1604,#1405,.T.);
#2022=EDGE_CURVE('',#1605,#1606,#1406,.T.);
#2023=EDGE_CURVE('',#1606,#1600,#650,.T.);
#2024=EDGE_CURVE('',#1607,#1598,#651,.T.);
#2025=EDGE_CURVE('',#1608,#1607,#1407,.T.);
#2026=EDGE_CURVE('',#1608,#1609,#652,.T.);
#2027=EDGE_CURVE('',#1609,#1610,#653,.T.);
#2028=EDGE_CURVE('',#1610,#1611,#654,.T.);
#2029=EDGE_CURVE('',#1602,#1611,#655,.T.);
#2030=EDGE_CURVE('',#1612,#1613,#1408,.T.);
#2031=EDGE_CURVE('',#1613,#1614,#656,.T.);
#2032=EDGE_CURVE('',#1614,#1615,#1409,.T.);
#2033=EDGE_CURVE('',#1615,#1612,#657,.T.);
#2034=EDGE_CURVE('',#1615,#1616,#658,.T.);
#2035=EDGE_CURVE('',#1617,#1616,#659,.T.);
#2036=EDGE_CURVE('',#1612,#1617,#660,.T.);
#2037=EDGE_CURVE('',#1618,#1614,#661,.T.);
#2038=EDGE_CURVE('',#1619,#1618,#662,.T.);
#2039=EDGE_CURVE('',#1619,#1620,#663,.T.);
#2040=EDGE_CURVE('',#1620,#1621,#664,.T.);
#2041=EDGE_CURVE('',#1621,#1622,#665,.T.);
#2042=EDGE_CURVE('',#1616,#1622,#1410,.T.);
#2043=EDGE_CURVE('',#1623,#1624,#1411,.T.);
#2044=EDGE_CURVE('',#1624,#1625,#666,.T.);
#2045=EDGE_CURVE('',#1625,#1626,#1412,.T.);
#2046=EDGE_CURVE('',#1626,#1623,#667,.T.);
#2047=EDGE_CURVE('',#1627,#1623,#668,.T.);
#2048=EDGE_CURVE('',#1628,#1627,#1413,.T.);
#2049=EDGE_CURVE('',#1628,#1629,#669,.T.);
#2050=EDGE_CURVE('',#1629,#1630,#670,.T.);
#2051=EDGE_CURVE('',#1630,#1631,#671,.T.);
#2052=EDGE_CURVE('',#1632,#1631,#672,.T.);
#2053=EDGE_CURVE('',#1624,#1632,#673,.T.);
#2054=EDGE_CURVE('',#1626,#1633,#674,.T.);
#2055=EDGE_CURVE('',#1627,#1633,#675,.T.);
#2056=EDGE_CURVE('',#1634,#1635,#1414,.T.);
#2057=EDGE_CURVE('',#1635,#1636,#676,.T.);
#2058=EDGE_CURVE('',#1636,#1637,#1415,.T.);
#2059=EDGE_CURVE('',#1637,#1634,#677,.T.);
#2060=EDGE_CURVE('',#1637,#1638,#678,.T.);
#2061=EDGE_CURVE('',#1639,#1638,#679,.T.);
#2062=EDGE_CURVE('',#1639,#1634,#680,.T.);
#2063=EDGE_CURVE('',#1640,#1636,#681,.T.);
#2064=EDGE_CURVE('',#1641,#1640,#682,.T.);
#2065=EDGE_CURVE('',#1641,#1642,#683,.T.);
#2066=EDGE_CURVE('',#1642,#1643,#684,.T.);
#2067=EDGE_CURVE('',#1643,#1644,#685,.T.);
#2068=EDGE_CURVE('',#1638,#1644,#1416,.T.);
#2069=EDGE_CURVE('',#1633,#1645,#1417,.T.);
#2070=EDGE_CURVE('',#1645,#1628,#686,.T.);
#2071=EDGE_CURVE('',#1646,#1647,#1418,.T.);
#2072=EDGE_CURVE('',#1647,#1648,#687,.T.);
#2073=EDGE_CURVE('',#1648,#1649,#1419,.T.);
#2074=EDGE_CURVE('',#1649,#1646,#688,.T.);
#2075=EDGE_CURVE('',#1650,#1648,#689,.T.);
#2076=EDGE_CURVE('',#1651,#1650,#1420,.T.);
#2077=EDGE_CURVE('',#1651,#1652,#690,.T.);
#2078=EDGE_CURVE('',#1652,#1653,#691,.T.);
#2079=EDGE_CURVE('',#1653,#1649,#692,.T.);
#2080=EDGE_CURVE('',#1647,#1654,#693,.T.);
#2081=EDGE_CURVE('',#1650,#1654,#694,.T.);
#2082=EDGE_CURVE('',#1654,#1655,#1421,.T.);
#2083=EDGE_CURVE('',#1655,#1651,#695,.T.);
#2084=EDGE_CURVE('',#1656,#1639,#1422,.T.);
#2085=EDGE_CURVE('',#1644,#1656,#696,.T.);
#2086=EDGE_CURVE('',#1642,#1657,#1423,.T.);
#2087=EDGE_CURVE('',#1657,#1658,#697,.T.);
#2088=EDGE_CURVE('',#1659,#1658,#1424,.T.);
#2089=EDGE_CURVE('',#1660,#1659,#1425,.T.);
#2090=EDGE_CURVE('',#1656,#1660,#698,.T.);
#2091=EDGE_CURVE('',#1607,#1661,#699,.T.);
#2092=EDGE_CURVE('',#1661,#1662,#1426,.T.);
#2093=EDGE_CURVE('',#1662,#1608,#700,.T.);
#2094=EDGE_CURVE('',#1663,#1662,#701,.T.);
#2095=EDGE_CURVE('',#1664,#1663,#1427,.T.);
#2096=EDGE_CURVE('',#1665,#1664,#1428,.T.);
#2097=EDGE_CURVE('',#1665,#1666,#702,.T.);
#2098=EDGE_CURVE('',#1666,#1610,#1429,.T.);
#2099=EDGE_CURVE('',#1667,#1668,#1430,.T.);
#2100=EDGE_CURVE('',#1668,#1669,#703,.T.);
#2101=EDGE_CURVE('',#1669,#1670,#1431,.T.);
#2102=EDGE_CURVE('',#1670,#1667,#704,.T.);
#2103=EDGE_CURVE('',#1671,#1670,#705,.T.);
#2104=EDGE_CURVE('',#1672,#1671,#706,.T.);
#2105=EDGE_CURVE('',#1673,#1672,#1432,.T.);
#2106=EDGE_CURVE('',#1674,#1673,#707,.T.);
#2107=EDGE_CURVE('',#1675,#1674,#1433,.T.);
#2108=EDGE_CURVE('',#1667,#1675,#708,.T.);
#2109=EDGE_CURVE('',#1676,#1669,#709,.T.);
#2110=EDGE_CURVE('',#1677,#1676,#1434,.T.);
#2111=EDGE_CURVE('',#1677,#1678,#710,.T.);
#2112=EDGE_CURVE('',#1678,#1671,#711,.T.);
#2113=EDGE_CURVE('',#1676,#1679,#712,.T.);
#2114=EDGE_CURVE('',#1679,#1680,#1435,.T.);
#2115=EDGE_CURVE('',#1680,#1677,#713,.T.);
#2116=EDGE_CURVE('',#1681,#1680,#714,.T.);
#2117=EDGE_CURVE('',#1682,#1681,#1436,.T.);
#2118=EDGE_CURVE('',#1683,#1682,#715,.T.);
#2119=EDGE_CURVE('',#1684,#1683,#1437,.T.);
#2120=EDGE_CURVE('',#1678,#1684,#716,.T.);
#2121=EDGE_CURVE('',#1685,#1617,#1438,.T.);
#2122=EDGE_CURVE('',#1622,#1685,#717,.T.);
#2123=EDGE_CURVE('',#1620,#1686,#1439,.T.);
#2124=EDGE_CURVE('',#1686,#1687,#718,.T.);
#2125=EDGE_CURVE('',#1688,#1687,#1440,.T.);
#2126=EDGE_CURVE('',#1689,#1688,#1441,.T.);
#2127=EDGE_CURVE('',#1685,#1689,#719,.T.);
#2128=EDGE_CURVE('',#1690,#1691,#19,.F.);
#2129=EDGE_CURVE('',#1691,#1692,#1442,.T.);
#2130=EDGE_CURVE('',#1693,#1692,#20,.T.);
#2131=EDGE_CURVE('',#1693,#1690,#1443,.T.);
#2132=EDGE_CURVE('',#1690,#1694,#720,.T.);
#2133=EDGE_CURVE('',#1657,#1693,#721,.T.);
#2134=EDGE_CURVE('',#1642,#1695,#722,.T.);
#2135=EDGE_CURVE('',#1695,#1696,#1444,.T.);
#2136=EDGE_CURVE('',#1697,#1696,#21,.F.);
#2137=EDGE_CURVE('',#1697,#1698,#723,.T.);
#2138=EDGE_CURVE('',#1699,#1698,#22,.F.);
#2139=EDGE_CURVE('',#1699,#1700,#1445,.T.);
#2140=EDGE_CURVE('',#1700,#1630,#724,.T.);
#2141=EDGE_CURVE('',#1701,#1630,#1446,.T.);
#2142=EDGE_CURVE('',#1702,#1701,#725,.T.);
#2143=EDGE_CURVE('',#1703,#1702,#1447,.T.);
#2144=EDGE_CURVE('',#1704,#1703,#726,.T.);
#2145=EDGE_CURVE('',#1705,#1704,#1448,.T.);
#2146=EDGE_CURVE('',#1706,#1705,#727,.T.);
#2147=EDGE_CURVE('',#1707,#1706,#1449,.T.);
#2148=EDGE_CURVE('',#1708,#1707,#728,.T.);
#2149=EDGE_CURVE('',#1709,#1708,#1450,.T.);
#2150=EDGE_CURVE('',#1710,#1709,#729,.T.);
#2151=EDGE_CURVE('',#1711,#1710,#1451,.T.);
#2152=EDGE_CURVE('',#1712,#1711,#730,.T.);
#2153=EDGE_CURVE('',#1713,#1712,#1452,.T.);
#2154=EDGE_CURVE('',#1714,#1713,#731,.T.);
#2155=EDGE_CURVE('',#1715,#1714,#1453,.T.);
#2156=EDGE_CURVE('',#1716,#1715,#732,.T.);
#2157=EDGE_CURVE('',#1717,#1716,#1454,.T.);
#2158=EDGE_CURVE('',#1718,#1717,#733,.T.);
#2159=EDGE_CURVE('',#1719,#1718,#1455,.T.);
#2160=EDGE_CURVE('',#1686,#1719,#734,.T.);
#2161=EDGE_CURVE('',#1620,#1684,#735,.T.);
#2162=EDGE_CURVE('',#1720,#1683,#23,.F.);
#2163=EDGE_CURVE('',#1720,#1721,#736,.T.);
#2164=EDGE_CURVE('',#1673,#1721,#24,.F.);
#2165=EDGE_CURVE('',#1672,#1610,#737,.T.);
#2166=EDGE_CURVE('',#1722,#1666,#738,.T.);
#2167=EDGE_CURVE('',#1723,#1722,#1456,.T.);
#2168=EDGE_CURVE('',#1724,#1723,#739,.T.);
#2169=EDGE_CURVE('',#1725,#1724,#1457,.T.);
#2170=EDGE_CURVE('',#1726,#1725,#740,.T.);
#2171=EDGE_CURVE('',#1727,#1726,#1458,.T.);
#2172=EDGE_CURVE('',#1728,#1727,#741,.T.);
#2173=EDGE_CURVE('',#1729,#1728,#1459,.T.);
#2174=EDGE_CURVE('',#1730,#1729,#742,.T.);
#2175=EDGE_CURVE('',#1731,#1730,#1460,.T.);
#2176=EDGE_CURVE('',#1732,#1731,#743,.T.);
#2177=EDGE_CURVE('',#1733,#1732,#1461,.T.);
#2178=EDGE_CURVE('',#1734,#1733,#744,.T.);
#2179=EDGE_CURVE('',#1735,#1734,#1462,.T.);
#2180=EDGE_CURVE('',#1736,#1735,#745,.T.);
#2181=EDGE_CURVE('',#1694,#1736,#1463,.T.);
#2182=EDGE_CURVE('',#1737,#1738,#1464,.T.);
#2183=EDGE_CURVE('',#1739,#1738,#25,.F.);
#2184=EDGE_CURVE('',#1739,#1740,#746,.T.);
#2185=EDGE_CURVE('',#1741,#1740,#26,.F.);
#2186=EDGE_CURVE('',#1741,#1742,#1465,.T.);
#2187=EDGE_CURVE('',#1743,#1742,#27,.F.);
#2188=EDGE_CURVE('',#1743,#1744,#747,.T.);
#2189=EDGE_CURVE('',#1737,#1744,#28,.F.);
#2190=EDGE_CURVE('',#1745,#1746,#748,.T.);
#2191=EDGE_CURVE('',#1747,#1746,#29,.F.);
#2192=EDGE_CURVE('',#1747,#1748,#1466,.T.);
#2193=EDGE_CURVE('',#1749,#1748,#30,.F.);
#2194=EDGE_CURVE('',#1749,#1750,#749,.T.);
#2195=EDGE_CURVE('',#1751,#1750,#31,.F.);
#2196=EDGE_CURVE('',#1751,#1752,#1467,.T.);
#2197=EDGE_CURVE('',#1745,#1752,#32,.F.);
#2198=EDGE_CURVE('',#1753,#1754,#750,.T.);
#2199=EDGE_CURVE('',#1755,#1754,#33,.F.);
#2200=EDGE_CURVE('',#1755,#1756,#1468,.T.);
#2201=EDGE_CURVE('',#1757,#1756,#34,.F.);
#2202=EDGE_CURVE('',#1757,#1758,#751,.T.);
#2203=EDGE_CURVE('',#1759,#1758,#35,.F.);
#2204=EDGE_CURVE('',#1759,#1760,#1469,.T.);
#2205=EDGE_CURVE('',#1753,#1760,#36,.F.);
#2206=EDGE_CURVE('',#1761,#1762,#752,.T.);
#2207=EDGE_CURVE('',#1763,#1762,#37,.F.);
#2208=EDGE_CURVE('',#1763,#1764,#1470,.T.);
#2209=EDGE_CURVE('',#1765,#1764,#38,.F.);
#2210=EDGE_CURVE('',#1765,#1766,#753,.T.);
#2211=EDGE_CURVE('',#1767,#1766,#39,.F.);
#2212=EDGE_CURVE('',#1767,#1768,#1471,.T.);
#2213=EDGE_CURVE('',#1761,#1768,#40,.F.);
#2214=EDGE_CURVE('',#1734,#1769,#41,.F.);
#2215=EDGE_CURVE('',#1769,#1770,#1472,.T.);
#2216=EDGE_CURVE('',#1735,#1770,#42,.T.);
#2217=EDGE_CURVE('',#1730,#1771,#43,.F.);
#2218=EDGE_CURVE('',#1771,#1772,#1473,.T.);
#2219=EDGE_CURVE('',#1731,#1772,#44,.T.);
#2220=EDGE_CURVE('',#1726,#1773,#45,.F.);
#2221=EDGE_CURVE('',#1773,#1774,#1474,.T.);
#2222=EDGE_CURVE('',#1727,#1774,#46,.T.);
#2223=EDGE_CURVE('',#1722,#1775,#47,.F.);
#2224=EDGE_CURVE('',#1775,#1776,#1475,.T.);
#2225=EDGE_CURVE('',#1723,#1776,#48,.T.);
#2226=EDGE_CURVE('',#1718,#1777,#49,.F.);
#2227=EDGE_CURVE('',#1777,#1778,#1476,.T.);
#2228=EDGE_CURVE('',#1719,#1778,#50,.T.);
#2229=EDGE_CURVE('',#1714,#1779,#51,.F.);
#2230=EDGE_CURVE('',#1779,#1780,#1477,.T.);
#2231=EDGE_CURVE('',#1715,#1780,#52,.T.);
#2232=EDGE_CURVE('',#1710,#1781,#53,.F.);
#2233=EDGE_CURVE('',#1781,#1782,#1478,.T.);
#2234=EDGE_CURVE('',#1711,#1782,#54,.T.);
#2235=EDGE_CURVE('',#1706,#1783,#55,.F.);
#2236=EDGE_CURVE('',#1783,#1784,#1479,.T.);
#2237=EDGE_CURVE('',#1707,#1784,#56,.T.);
#2238=EDGE_CURVE('',#1702,#1785,#57,.F.);
#2239=EDGE_CURVE('',#1785,#1786,#1480,.T.);
#2240=EDGE_CURVE('',#1703,#1786,#58,.T.);
#2241=EDGE_CURVE('',#1787,#1788,#1481,.F.);
#2242=EDGE_CURVE('',#1788,#1789,#754,.T.);
#2243=EDGE_CURVE('',#1790,#1789,#1482,.T.);
#2244=EDGE_CURVE('',#1790,#1787,#755,.T.);
#2245=EDGE_CURVE('',#1777,#1791,#756,.T.);
#2246=EDGE_CURVE('',#1792,#1791,#1483,.F.);
#2247=EDGE_CURVE('',#1793,#1792,#757,.T.);
#2248=EDGE_CURVE('',#1794,#1793,#1484,.F.);
#2249=EDGE_CURVE('',#1794,#1780,#758,.T.);
#2250=EDGE_CURVE('',#1779,#1795,#759,.T.);
#2251=EDGE_CURVE('',#1796,#1795,#1485,.F.);
#2252=EDGE_CURVE('',#1797,#1796,#760,.T.);
#2253=EDGE_CURVE('',#1798,#1797,#1486,.F.);
#2254=EDGE_CURVE('',#1798,#1782,#761,.T.);
#2255=EDGE_CURVE('',#1781,#1799,#762,.T.);
#2256=EDGE_CURVE('',#1800,#1799,#1487,.F.);
#2257=EDGE_CURVE('',#1801,#1800,#763,.T.);
#2258=EDGE_CURVE('',#1802,#1801,#1488,.F.);
#2259=EDGE_CURVE('',#1802,#1784,#764,.T.);
#2260=EDGE_CURVE('',#1783,#1803,#765,.T.);
#2261=EDGE_CURVE('',#1804,#1803,#1489,.F.);
#2262=EDGE_CURVE('',#1805,#1804,#766,.T.);
#2263=EDGE_CURVE('',#1806,#1805,#1490,.F.);
#2264=EDGE_CURVE('',#1806,#1786,#767,.T.);
#2265=EDGE_CURVE('',#1785,#1807,#768,.T.);
#2266=EDGE_CURVE('',#1631,#1807,#1491,.F.);
#2267=EDGE_CURVE('',#1629,#1630,#769,.T.);
#2268=EDGE_CURVE('',#1629,#1808,#770,.T.);
#2269=EDGE_CURVE('',#1809,#1808,#771,.T.);
#2270=EDGE_CURVE('',#1787,#1809,#772,.T.);
#2271=EDGE_CURVE('',#1810,#1790,#773,.T.);
#2272=EDGE_CURVE('',#1811,#1810,#774,.T.);
#2273=EDGE_CURVE('',#1811,#1621,#775,.T.);
#2274=EDGE_CURVE('',#1620,#1621,#776,.T.);
#2275=EDGE_CURVE('',#1812,#1619,#1492,.F.);
#2276=EDGE_CURVE('',#1778,#1812,#777,.T.);
#2277=EDGE_CURVE('',#1813,#1814,#1493,.F.);
#2278=EDGE_CURVE('',#1814,#1815,#778,.T.);
#2279=EDGE_CURVE('',#1816,#1815,#1494,.T.);
#2280=EDGE_CURVE('',#1816,#1813,#779,.T.);
#2281=EDGE_CURVE('',#1691,#1817,#780,.T.);
#2282=EDGE_CURVE('',#1818,#1817,#1495,.F.);
#2283=EDGE_CURVE('',#1819,#1818,#781,.T.);
#2284=EDGE_CURVE('',#1820,#1819,#1496,.F.);
#2285=EDGE_CURVE('',#1820,#1770,#782,.T.);
#2286=EDGE_CURVE('',#1769,#1821,#783,.T.);
#2287=EDGE_CURVE('',#1822,#1821,#1497,.F.);
#2288=EDGE_CURVE('',#1823,#1822,#784,.T.);
#2289=EDGE_CURVE('',#1824,#1823,#1498,.F.);
#2290=EDGE_CURVE('',#1824,#1772,#785,.T.);
#2291=EDGE_CURVE('',#1771,#1825,#786,.T.);
#2292=EDGE_CURVE('',#1826,#1825,#1499,.F.);
#2293=EDGE_CURVE('',#1827,#1826,#787,.T.);
#2294=EDGE_CURVE('',#1828,#1827,#1500,.F.);
#2295=EDGE_CURVE('',#1828,#1774,#788,.T.);
#2296=EDGE_CURVE('',#1773,#1829,#789,.T.);
#2297=EDGE_CURVE('',#1830,#1829,#1501,.F.);
#2298=EDGE_CURVE('',#1831,#1830,#790,.T.);
#2299=EDGE_CURVE('',#1832,#1831,#1502,.F.);
#2300=EDGE_CURVE('',#1832,#1776,#791,.T.);
#2301=EDGE_CURVE('',#1833,#1775,#792,.T.);
#2302=EDGE_CURVE('',#1611,#1833,#1503,.F.);
#2303=EDGE_CURVE('',#1609,#1610,#793,.T.);
#2304=EDGE_CURVE('',#1609,#1834,#794,.T.);
#2305=EDGE_CURVE('',#1835,#1834,#795,.T.);
#2306=EDGE_CURVE('',#1813,#1835,#796,.T.);
#2307=EDGE_CURVE('',#1836,#1816,#797,.T.);
#2308=EDGE_CURVE('',#1837,#1836,#798,.T.);
#2309=EDGE_CURVE('',#1837,#1643,#799,.T.);
#2310=EDGE_CURVE('',#1642,#1643,#800,.T.);
#2311=EDGE_CURVE('',#1838,#1641,#1504,.F.);
#2312=EDGE_CURVE('',#1838,#1692,#801,.T.);
#2313=EDGE_CURVE('',#1839,#1840,#1505,.T.);
#2314=EDGE_CURVE('',#1840,#1841,#802,.T.);
#2315=EDGE_CURVE('',#1841,#1842,#1506,.T.);
#2316=EDGE_CURVE('',#1842,#1839,#803,.T.);
#2317=EDGE_CURVE('',#1836,#1842,#804,.T.);
#2318=EDGE_CURVE('',#1788,#1815,#805,.T.);
#2319=EDGE_CURVE('',#1843,#1809,#806,.T.);
#2320=EDGE_CURVE('',#1844,#1843,#807,.T.);
#2321=EDGE_CURVE('',#1839,#1844,#808,.T.);
#2322=EDGE_CURVE('',#1845,#1841,#809,.T.);
#2323=EDGE_CURVE('',#1846,#1845,#810,.T.);
#2324=EDGE_CURVE('',#1847,#1846,#811,.T.);
#2325=EDGE_CURVE('',#1843,#1847,#1507,.T.);
#2326=EDGE_CURVE('',#1808,#1837,#812,.T.);
#2327=EDGE_CURVE('',#1848,#1849,#1508,.T.);
#2328=EDGE_CURVE('',#1849,#1850,#813,.T.);
#2329=EDGE_CURVE('',#1850,#1851,#1509,.T.);
#2330=EDGE_CURVE('',#1851,#1848,#814,.T.);
#2331=EDGE_CURVE('',#1852,#1851,#815,.T.);
#2332=EDGE_CURVE('',#1853,#1852,#816,.T.);
#2333=EDGE_CURVE('',#1810,#1853,#817,.T.);
#2334=EDGE_CURVE('',#1789,#1814,#818,.T.);
#2335=EDGE_CURVE('',#1848,#1835,#819,.T.);
#2336=EDGE_CURVE('',#1854,#1850,#820,.T.);
#2337=EDGE_CURVE('',#1855,#1854,#821,.T.);
#2338=EDGE_CURVE('',#1856,#1855,#822,.T.);
#2339=EDGE_CURVE('',#1852,#1856,#1510,.T.);
#2340=EDGE_CURVE('',#1856,#1857,#823,.T.);
#2341=EDGE_CURVE('',#1857,#1853,#1511,.T.);
#2342=EDGE_CURVE('',#1847,#1858,#824,.T.);
#2343=EDGE_CURVE('',#1858,#1844,#1512,.T.);
#2344=EDGE_CURVE('',#1849,#1859,#825,.T.);
#2345=EDGE_CURVE('',#1859,#1854,#826,.T.);
#2346=EDGE_CURVE('',#1840,#1860,#827,.T.);
#2347=EDGE_CURVE('',#1860,#1845,#828,.T.);
#2348=EDGE_CURVE('',#1861,#1858,#829,.T.);
#2349=EDGE_CURVE('',#1861,#1860,#830,.T.);
#2350=EDGE_CURVE('',#1855,#1862,#831,.T.);
#2351=EDGE_CURVE('',#1862,#1857,#832,.T.);
#2352=EDGE_CURVE('',#1846,#1861,#833,.T.);
#2353=EDGE_CURVE('',#1834,#1811,#834,.T.);
#2354=EDGE_CURVE('',#1859,#1862,#835,.T.);
#2355=EDGE_CURVE('',#1863,#1864,#59,.T.);
#2356=EDGE_CURVE('',#1864,#1697,#836,.T.);
#2357=EDGE_CURVE('',#1696,#1863,#837,.T.);
#2358=EDGE_CURVE('',#1865,#1864,#838,.T.);
#2359=EDGE_CURVE('',#1698,#1865,#839,.T.);
#2360=EDGE_CURVE('',#1863,#1866,#1513,.T.);
#2361=EDGE_CURVE('',#1866,#1867,#840,.T.);
#2362=EDGE_CURVE('',#1867,#1868,#1514,.T.);
#2363=EDGE_CURVE('',#1865,#1868,#60,.T.);
#2364=EDGE_CURVE('',#1869,#1870,#61,.T.);
#2365=EDGE_CURVE('',#1870,#1759,#841,.T.);
#2366=EDGE_CURVE('',#1758,#1869,#842,.T.);
#2367=EDGE_CURVE('',#1871,#1870,#1515,.T.);
#2368=EDGE_CURVE('',#1760,#1871,#843,.T.);
#2369=EDGE_CURVE('',#1869,#1872,#844,.T.);
#2370=EDGE_CURVE('',#1873,#1872,#62,.T.);
#2371=EDGE_CURVE('',#1873,#1874,#1516,.T.);
#2372=EDGE_CURVE('',#1875,#1874,#63,.T.);
#2373=EDGE_CURVE('',#1875,#1876,#845,.T.);
#2374=EDGE_CURVE('',#1871,#1876,#64,.T.);
#2375=EDGE_CURVE('',#1876,#1753,#846,.T.);
#2376=EDGE_CURVE('',#1754,#1875,#847,.T.);
#2377=EDGE_CURVE('',#1877,#1878,#65,.T.);
#2378=EDGE_CURVE('',#1878,#1751,#848,.T.);
#2379=EDGE_CURVE('',#1750,#1877,#849,.T.);
#2380=EDGE_CURVE('',#1879,#1749,#850,.T.);
#2381=EDGE_CURVE('',#1877,#1879,#851,.T.);
#2382=EDGE_CURVE('',#1880,#1881,#66,.T.);
#2383=EDGE_CURVE('',#1881,#1745,#852,.T.);
#2384=EDGE_CURVE('',#1752,#1880,#853,.T.);
#2385=EDGE_CURVE('',#1880,#1878,#1517,.T.);
#2386=EDGE_CURVE('',#1882,#1883,#67,.T.);
#2387=EDGE_CURVE('',#1883,#1737,#854,.T.);
#2388=EDGE_CURVE('',#1744,#1882,#855,.T.);
#2389=EDGE_CURVE('',#1884,#1743,#856,.T.);
#2390=EDGE_CURVE('',#1882,#1884,#857,.T.);
#2391=EDGE_CURVE('',#1885,#1886,#68,.T.);
#2392=EDGE_CURVE('',#1886,#1739,#858,.T.);
#2393=EDGE_CURVE('',#1738,#1885,#859,.T.);
#2394=EDGE_CURVE('',#1885,#1883,#1518,.T.);
#2395=EDGE_CURVE('',#1887,#1888,#69,.T.);
#2396=EDGE_CURVE('',#1888,#1767,#860,.T.);
#2397=EDGE_CURVE('',#1766,#1887,#861,.T.);
#2398=EDGE_CURVE('',#1889,#1765,#862,.T.);
#2399=EDGE_CURVE('',#1887,#1889,#863,.T.);
#2400=EDGE_CURVE('',#1890,#1891,#70,.T.);
#2401=EDGE_CURVE('',#1891,#1761,#864,.T.);
#2402=EDGE_CURVE('',#1768,#1890,#865,.T.);
#2403=EDGE_CURVE('',#1890,#1888,#1519,.T.);
#2404=EDGE_CURVE('',#1892,#1674,#71,.T.);
#2405=EDGE_CURVE('',#1721,#1892,#866,.T.);
#2406=EDGE_CURVE('',#1892,#1893,#867,.T.);
#2407=EDGE_CURVE('',#1682,#1893,#72,.T.);
#2408=EDGE_CURVE('',#1681,#1675,#868,.T.);
#2409=EDGE_CURVE('',#1893,#1720,#869,.T.);
#2410=EDGE_CURVE('',#1894,#1895,#73,.T.);
#2411=EDGE_CURVE('',#1895,#1763,#870,.T.);
#2412=EDGE_CURVE('',#1762,#1894,#871,.T.);
#2413=EDGE_CURVE('',#1894,#1891,#872,.T.);
#2414=EDGE_CURVE('',#1896,#1889,#74,.T.);
#2415=EDGE_CURVE('',#1764,#1896,#873,.T.);
#2416=EDGE_CURVE('',#1896,#1895,#1520,.T.);
#2417=EDGE_CURVE('',#1897,#1898,#75,.T.);
#2418=EDGE_CURVE('',#1898,#1741,#874,.T.);
#2419=EDGE_CURVE('',#1740,#1897,#875,.T.);
#2420=EDGE_CURVE('',#1897,#1886,#876,.T.);
#2421=EDGE_CURVE('',#1899,#1884,#76,.T.);
#2422=EDGE_CURVE('',#1742,#1899,#877,.T.);
#2423=EDGE_CURVE('',#1899,#1898,#1521,.T.);
#2424=EDGE_CURVE('',#1900,#1901,#77,.T.);
#2425=EDGE_CURVE('',#1901,#1747,#878,.T.);
#2426=EDGE_CURVE('',#1746,#1900,#879,.T.);
#2427=EDGE_CURVE('',#1900,#1881,#880,.T.);
#2428=EDGE_CURVE('',#1902,#1879,#78,.T.);
#2429=EDGE_CURVE('',#1748,#1902,#881,.T.);
#2430=EDGE_CURVE('',#1902,#1901,#1522,.T.);
#2431=EDGE_CURVE('',#1868,#1699,#882,.T.);
#2432=EDGE_CURVE('',#1872,#1757,#883,.T.);
#2433=EDGE_CURVE('',#1756,#1873,#884,.T.);
#2434=EDGE_CURVE('',#1874,#1755,#885,.T.);
#2435=EDGE_CURVE('',#1903,#1904,#1523,.T.);
#2436=EDGE_CURVE('',#1904,#1688,#886,.T.);
#2437=EDGE_CURVE('',#1687,#1903,#887,.T.);
#2438=EDGE_CURVE('',#1905,#1904,#1524,.T.);
#2439=EDGE_CURVE('',#1905,#1689,#888,.T.);
#2440=EDGE_CURVE('',#1613,#1905,#889,.T.);
#2441=EDGE_CURVE('',#1903,#1906,#890,.T.);
#2442=EDGE_CURVE('',#1618,#1906,#1525,.T.);
#2443=EDGE_CURVE('',#1907,#1908,#1526,.T.);
#2444=EDGE_CURVE('',#1908,#1909,#891,.T.);
#2445=EDGE_CURVE('',#1909,#1910,#1527,.T.);
#2446=EDGE_CURVE('',#1910,#1907,#892,.T.);
#2447=EDGE_CURVE('',#1909,#1911,#1528,.T.);
#2448=EDGE_CURVE('',#1912,#1911,#1529,.T.);
#2449=EDGE_CURVE('',#1912,#1913,#893,.T.);
#2450=EDGE_CURVE('',#1914,#1913,#1530,.T.);
#2451=EDGE_CURVE('',#1914,#1915,#894,.T.);
#2452=EDGE_CURVE('',#1916,#1915,#1531,.T.);
#2453=EDGE_CURVE('',#1916,#1910,#895,.T.);
#2454=EDGE_CURVE('',#1908,#1917,#1532,.T.);
#2455=EDGE_CURVE('',#1911,#1917,#896,.T.);
#2456=EDGE_CURVE('',#1917,#1918,#1533,.T.);
#2457=EDGE_CURVE('',#1918,#1912,#897,.T.);
#2458=EDGE_CURVE('',#1919,#1920,#1534,.T.);
#2459=EDGE_CURVE('',#1920,#1921,#898,.T.);
#2460=EDGE_CURVE('',#1921,#1922,#1535,.T.);
#2461=EDGE_CURVE('',#1922,#1919,#899,.T.);
#2462=EDGE_CURVE('',#1921,#1923,#1536,.T.);
#2463=EDGE_CURVE('',#1924,#1923,#1537,.T.);
#2464=EDGE_CURVE('',#1924,#1925,#900,.T.);
#2465=EDGE_CURVE('',#1926,#1925,#1538,.T.);
#2466=EDGE_CURVE('',#1926,#1927,#901,.T.);
#2467=EDGE_CURVE('',#1928,#1927,#1539,.T.);
#2468=EDGE_CURVE('',#1928,#1922,#902,.T.);
#2469=EDGE_CURVE('',#1920,#1929,#1540,.T.);
#2470=EDGE_CURVE('',#1923,#1929,#903,.T.);
#2471=EDGE_CURVE('',#1929,#1930,#1541,.T.);
#2472=EDGE_CURVE('',#1930,#1924,#904,.T.);
#2473=EDGE_CURVE('',#1931,#1932,#1542,.T.);
#2474=EDGE_CURVE('',#1932,#1933,#905,.T.);
#2475=EDGE_CURVE('',#1933,#1934,#1543,.T.);
#2476=EDGE_CURVE('',#1934,#1931,#906,.T.);
#2477=EDGE_CURVE('',#1933,#1935,#1544,.T.);
#2478=EDGE_CURVE('',#1936,#1935,#1545,.T.);
#2479=EDGE_CURVE('',#1936,#1937,#907,.T.);
#2480=EDGE_CURVE('',#1938,#1937,#1546,.T.);
#2481=EDGE_CURVE('',#1938,#1939,#908,.T.);
#2482=EDGE_CURVE('',#1940,#1939,#1547,.T.);
#2483=EDGE_CURVE('',#1940,#1934,#909,.T.);
#2484=EDGE_CURVE('',#1932,#1941,#1548,.T.);
#2485=EDGE_CURVE('',#1935,#1941,#910,.T.);
#2486=EDGE_CURVE('',#1941,#1942,#1549,.T.);
#2487=EDGE_CURVE('',#1942,#1936,#911,.T.);
#2488=EDGE_CURVE('',#1943,#1944,#1550,.T.);
#2489=EDGE_CURVE('',#1944,#1945,#912,.T.);
#2490=EDGE_CURVE('',#1945,#1946,#1551,.T.);
#2491=EDGE_CURVE('',#1946,#1943,#913,.T.);
#2492=EDGE_CURVE('',#1945,#1947,#1552,.T.);
#2493=EDGE_CURVE('',#1948,#1947,#1553,.T.);
#2494=EDGE_CURVE('',#1948,#1949,#914,.T.);
#2495=EDGE_CURVE('',#1950,#1949,#1554,.T.);
#2496=EDGE_CURVE('',#1950,#1951,#915,.T.);
#2497=EDGE_CURVE('',#1952,#1951,#1555,.T.);
#2498=EDGE_CURVE('',#1952,#1946,#916,.T.);
#2499=EDGE_CURVE('',#1944,#1953,#1556,.T.);
#2500=EDGE_CURVE('',#1947,#1953,#917,.T.);
#2501=EDGE_CURVE('',#1953,#1954,#1557,.T.);
#2502=EDGE_CURVE('',#1954,#1948,#918,.T.);
#2503=EDGE_CURVE('',#1955,#1956,#1558,.T.);
#2504=EDGE_CURVE('',#1956,#1957,#919,.T.);
#2505=EDGE_CURVE('',#1957,#1958,#1559,.T.);
#2506=EDGE_CURVE('',#1958,#1955,#920,.T.);
#2507=EDGE_CURVE('',#1959,#1632,#1560,.T.);
#2508=EDGE_CURVE('',#1959,#1958,#921,.T.);
#2509=EDGE_CURVE('',#1957,#1960,#1561,.T.);
#2510=EDGE_CURVE('',#1960,#1625,#922,.T.);
#2511=EDGE_CURVE('',#1956,#1961,#1562,.T.);
#2512=EDGE_CURVE('',#1961,#1960,#923,.T.);
#2513=EDGE_CURVE('',#1962,#1963,#1563,.T.);
#2514=EDGE_CURVE('',#1963,#1964,#924,.T.);
#2515=EDGE_CURVE('',#1964,#1965,#1564,.T.);
#2516=EDGE_CURVE('',#1965,#1962,#925,.T.);
#2517=EDGE_CURVE('',#1966,#1963,#1565,.T.);
#2518=EDGE_CURVE('',#1967,#1966,#926,.T.);
#2519=EDGE_CURVE('',#1967,#1964,#1566,.T.);
#2520=EDGE_CURVE('',#1962,#1968,#927,.T.);
#2521=EDGE_CURVE('',#1969,#1968,#1567,.T.);
#2522=EDGE_CURVE('',#1969,#1970,#928,.T.);
#2523=EDGE_CURVE('',#1971,#1970,#1568,.T.);
#2524=EDGE_CURVE('',#1971,#1972,#929,.T.);
#2525=EDGE_CURVE('',#1966,#1972,#1569,.T.);
#2526=EDGE_CURVE('',#1664,#1605,#930,.T.);
#2527=EDGE_CURVE('',#1604,#1665,#931,.T.);
#2528=EDGE_CURVE('',#1833,#1603,#932,.T.);
#2529=EDGE_CURVE('',#1973,#1974,#1570,.T.);
#2530=EDGE_CURVE('',#1974,#1975,#933,.T.);
#2531=EDGE_CURVE('',#1975,#1976,#1571,.T.);
#2532=EDGE_CURVE('',#1976,#1973,#934,.T.);
#2533=EDGE_CURVE('',#1977,#1974,#1572,.T.);
#2534=EDGE_CURVE('',#1978,#1977,#935,.T.);
#2535=EDGE_CURVE('',#1978,#1975,#1573,.T.);
#2536=EDGE_CURVE('',#1973,#1979,#936,.T.);
#2537=EDGE_CURVE('',#1980,#1979,#1574,.T.);
#2538=EDGE_CURVE('',#1980,#1981,#937,.T.);
#2539=EDGE_CURVE('',#1982,#1981,#1575,.T.);
#2540=EDGE_CURVE('',#1982,#1983,#938,.T.);
#2541=EDGE_CURVE('',#1977,#1983,#1576,.T.);
#2542=EDGE_CURVE('',#1984,#1985,#1577,.T.);
#2543=EDGE_CURVE('',#1985,#1986,#939,.T.);
#2544=EDGE_CURVE('',#1986,#1987,#1578,.T.);
#2545=EDGE_CURVE('',#1987,#1984,#940,.T.);
#2546=EDGE_CURVE('',#1986,#1988,#1579,.T.);
#2547=EDGE_CURVE('',#1989,#1988,#1580,.T.);
#2548=EDGE_CURVE('',#1989,#1990,#941,.T.);
#2549=EDGE_CURVE('',#1991,#1990,#1581,.T.);
#2550=EDGE_CURVE('',#1991,#1992,#942,.T.);
#2551=EDGE_CURVE('',#1993,#1992,#1582,.T.);
#2552=EDGE_CURVE('',#1993,#1987,#943,.T.);
#2553=EDGE_CURVE('',#1985,#1994,#1583,.T.);
#2554=EDGE_CURVE('',#1988,#1994,#944,.T.);
#2555=EDGE_CURVE('',#1994,#1995,#1584,.T.);
#2556=EDGE_CURVE('',#1995,#1989,#945,.T.);
#2557=EDGE_CURVE('',#1996,#1967,#1585,.T.);
#2558=EDGE_CURVE('',#1972,#1996,#946,.T.);
#2559=EDGE_CURVE('',#1829,#1971,#947,.T.);
#2560=EDGE_CURVE('',#1996,#1725,#948,.T.);
#2561=EDGE_CURVE('',#1997,#1978,#1586,.T.);
#2562=EDGE_CURVE('',#1983,#1997,#949,.T.);
#2563=EDGE_CURVE('',#1821,#1982,#950,.T.);
#2564=EDGE_CURVE('',#1997,#1733,#951,.T.);
#2565=EDGE_CURVE('',#1998,#1999,#1587,.T.);
#2566=EDGE_CURVE('',#1999,#2000,#952,.T.);
#2567=EDGE_CURVE('',#2000,#2001,#1588,.T.);
#2568=EDGE_CURVE('',#2001,#1998,#953,.T.);
#2569=EDGE_CURVE('',#2002,#1999,#1589,.T.);
#2570=EDGE_CURVE('',#2003,#2002,#954,.T.);
#2571=EDGE_CURVE('',#2003,#2000,#1590,.T.);
#2572=EDGE_CURVE('',#1998,#2004,#955,.T.);
#2573=EDGE_CURVE('',#2005,#2004,#1591,.T.);
#2574=EDGE_CURVE('',#2005,#2006,#956,.T.);
#2575=EDGE_CURVE('',#2007,#2006,#1592,.T.);
#2576=EDGE_CURVE('',#2007,#2008,#957,.T.);
#2577=EDGE_CURVE('',#2002,#2008,#1593,.T.);
#2578=EDGE_CURVE('',#2009,#2003,#1594,.T.);
#2579=EDGE_CURVE('',#2008,#2009,#958,.T.);
#2580=EDGE_CURVE('',#1817,#2007,#959,.T.);
#2581=EDGE_CURVE('',#2009,#1694,#960,.T.);
#2582=EDGE_CURVE('',#2010,#2011,#1595,.T.);
#2583=EDGE_CURVE('',#2011,#1659,#961,.T.);
#2584=EDGE_CURVE('',#1658,#2010,#962,.T.);
#2585=EDGE_CURVE('',#2012,#2011,#1596,.T.);
#2586=EDGE_CURVE('',#2012,#1660,#963,.T.);
#2587=EDGE_CURVE('',#1635,#2012,#964,.T.);
#2588=EDGE_CURVE('',#2010,#2013,#965,.T.);
#2589=EDGE_CURVE('',#1640,#2013,#1597,.T.);
#2590=EDGE_CURVE('',#2013,#1838,#966,.T.);
#2591=EDGE_CURVE('',#2006,#1818,#967,.T.);
#2592=EDGE_CURVE('',#1819,#2005,#968,.T.);
#2593=EDGE_CURVE('',#2004,#1820,#969,.T.);
#2594=EDGE_CURVE('',#1981,#1822,#970,.T.);
#2595=EDGE_CURVE('',#1823,#1980,#971,.T.);
#2596=EDGE_CURVE('',#1979,#1824,#972,.T.);
#2597=EDGE_CURVE('',#1992,#1826,#973,.T.);
#2598=EDGE_CURVE('',#1825,#1993,#974,.T.);
#2599=EDGE_CURVE('',#1827,#1991,#975,.T.);
#2600=EDGE_CURVE('',#1990,#1828,#976,.T.);
#2601=EDGE_CURVE('',#1970,#1830,#977,.T.);
#2602=EDGE_CURVE('',#1831,#1969,#978,.T.);
#2603=EDGE_CURVE('',#1968,#1832,#979,.T.);
#2604=EDGE_CURVE('',#1906,#1812,#980,.T.);
#2605=EDGE_CURVE('',#1915,#1792,#981,.T.);
#2606=EDGE_CURVE('',#1791,#1916,#982,.T.);
#2607=EDGE_CURVE('',#1793,#1914,#983,.T.);
#2608=EDGE_CURVE('',#1913,#1794,#984,.T.);
#2609=EDGE_CURVE('',#1927,#1796,#985,.T.);
#2610=EDGE_CURVE('',#1795,#1928,#986,.T.);
#2611=EDGE_CURVE('',#1797,#1926,#987,.T.);
#2612=EDGE_CURVE('',#1925,#1798,#988,.T.);
#2613=EDGE_CURVE('',#1939,#1800,#989,.T.);
#2614=EDGE_CURVE('',#1799,#1940,#990,.T.);
#2615=EDGE_CURVE('',#1801,#1938,#991,.T.);
#2616=EDGE_CURVE('',#1937,#1802,#992,.T.);
#2617=EDGE_CURVE('',#1951,#1804,#993,.T.);
#2618=EDGE_CURVE('',#1803,#1952,#994,.T.);
#2619=EDGE_CURVE('',#1805,#1950,#995,.T.);
#2620=EDGE_CURVE('',#1949,#1806,#996,.T.);
#2621=EDGE_CURVE('',#1807,#1959,#997,.T.);
#2622=EDGE_CURVE('',#1955,#1701,#998,.T.);
#2623=EDGE_CURVE('',#1652,#1695,#999,.T.);
#2624=EDGE_CURVE('',#1652,#1643,#1000,.T.);
#2625=EDGE_CURVE('',#1700,#1653,#1001,.T.);
#2626=EDGE_CURVE('',#1629,#1653,#1002,.T.);
#2627=EDGE_CURVE('',#1671,#1609,#1003,.T.);
#2628=EDGE_CURVE('',#1621,#1678,#1004,.T.);
#2629=EDGE_CURVE('',#1663,#1606,#1005,.T.);
#2630=EDGE_CURVE('',#1724,#1965,#1006,.T.);
#2631=EDGE_CURVE('',#1736,#2001,#1007,.T.);
#2632=EDGE_CURVE('',#1732,#1976,#1008,.T.);
#2633=EDGE_CURVE('',#1984,#1729,#1009,.T.);
#2634=EDGE_CURVE('',#1728,#1995,#1010,.T.);
#2635=EDGE_CURVE('',#1866,#1655,#1011,.T.);
#2636=EDGE_CURVE('',#1961,#1645,#1012,.T.);
#2637=EDGE_CURVE('',#1907,#1717,#1013,.T.);
#2638=EDGE_CURVE('',#1716,#1918,#1014,.T.);
#2639=EDGE_CURVE('',#1943,#1705,#1015,.T.);
#2640=EDGE_CURVE('',#1704,#1954,#1016,.T.);
#2641=EDGE_CURVE('',#1919,#1713,#1017,.T.);
#2642=EDGE_CURVE('',#1712,#1930,#1018,.T.);
#2643=EDGE_CURVE('',#1931,#1709,#1019,.T.);
#2644=EDGE_CURVE('',#1708,#1942,#1020,.T.);
#2645=EDGE_CURVE('',#1646,#1867,#1021,.T.);
#2646=EDGE_CURVE('',#1661,#1601,#1022,.T.);
#2647=EDGE_CURVE('',#1679,#1668,#1023,.T.);
#2648=ORIENTED_EDGE('',*,*,#2014,.T.);
#2649=ORIENTED_EDGE('',*,*,#2015,.T.);
#2650=ORIENTED_EDGE('',*,*,#2016,.T.);
#2651=ORIENTED_EDGE('',*,*,#2017,.T.);
#2652=ORIENTED_EDGE('',*,*,#2015,.F.);
#2653=ORIENTED_EDGE('',*,*,#2018,.T.);
#2654=ORIENTED_EDGE('',*,*,#2019,.F.);
#2655=ORIENTED_EDGE('',*,*,#2020,.T.);
#2656=ORIENTED_EDGE('',*,*,#2021,.F.);
#2657=ORIENTED_EDGE('',*,*,#2022,.T.);
#2658=ORIENTED_EDGE('',*,*,#2023,.T.);
#2659=ORIENTED_EDGE('',*,*,#2014,.F.);
#2660=ORIENTED_EDGE('',*,*,#2024,.F.);
#2661=ORIENTED_EDGE('',*,*,#2025,.F.);
#2662=ORIENTED_EDGE('',*,*,#2026,.T.);
#2663=ORIENTED_EDGE('',*,*,#2027,.T.);
#2664=ORIENTED_EDGE('',*,*,#2028,.T.);
#2665=ORIENTED_EDGE('',*,*,#2029,.F.);
#2666=ORIENTED_EDGE('',*,*,#2018,.F.);
#2667=ORIENTED_EDGE('',*,*,#2030,.T.);
#2668=ORIENTED_EDGE('',*,*,#2031,.T.);
#2669=ORIENTED_EDGE('',*,*,#2032,.T.);
#2670=ORIENTED_EDGE('',*,*,#2033,.T.);
#2671=ORIENTED_EDGE('',*,*,#2033,.F.);
#2672=ORIENTED_EDGE('',*,*,#2034,.T.);
#2673=ORIENTED_EDGE('',*,*,#2035,.F.);
#2674=ORIENTED_EDGE('',*,*,#2036,.F.);
#2675=ORIENTED_EDGE('',*,*,#2032,.F.);
#2676=ORIENTED_EDGE('',*,*,#2037,.F.);
#2677=ORIENTED_EDGE('',*,*,#2038,.F.);
#2678=ORIENTED_EDGE('',*,*,#2039,.T.);
#2679=ORIENTED_EDGE('',*,*,#2040,.T.);
#2680=ORIENTED_EDGE('',*,*,#2041,.T.);
#2681=ORIENTED_EDGE('',*,*,#2042,.F.);
#2682=ORIENTED_EDGE('',*,*,#2034,.F.);
#2683=ORIENTED_EDGE('',*,*,#2043,.T.);
#2684=ORIENTED_EDGE('',*,*,#2044,.T.);
#2685=ORIENTED_EDGE('',*,*,#2045,.T.);
#2686=ORIENTED_EDGE('',*,*,#2046,.T.);
#2687=ORIENTED_EDGE('',*,*,#2043,.F.);
#2688=ORIENTED_EDGE('',*,*,#2047,.F.);
#2689=ORIENTED_EDGE('',*,*,#2048,.F.);
#2690=ORIENTED_EDGE('',*,*,#2049,.T.);
#2691=ORIENTED_EDGE('',*,*,#2050,.T.);
#2692=ORIENTED_EDGE('',*,*,#2051,.T.);
#2693=ORIENTED_EDGE('',*,*,#2052,.F.);
#2694=ORIENTED_EDGE('',*,*,#2053,.F.);
#2695=ORIENTED_EDGE('',*,*,#2046,.F.);
#2696=ORIENTED_EDGE('',*,*,#2054,.T.);
#2697=ORIENTED_EDGE('',*,*,#2055,.F.);
#2698=ORIENTED_EDGE('',*,*,#2047,.T.);
#2699=ORIENTED_EDGE('',*,*,#2056,.T.);
#2700=ORIENTED_EDGE('',*,*,#2057,.T.);
#2701=ORIENTED_EDGE('',*,*,#2058,.T.);
#2702=ORIENTED_EDGE('',*,*,#2059,.T.);
#2703=ORIENTED_EDGE('',*,*,#2059,.F.);
#2704=ORIENTED_EDGE('',*,*,#2060,.T.);
#2705=ORIENTED_EDGE('',*,*,#2061,.F.);
#2706=ORIENTED_EDGE('',*,*,#2062,.T.);
#2707=ORIENTED_EDGE('',*,*,#2058,.F.);
#2708=ORIENTED_EDGE('',*,*,#2063,.F.);
#2709=ORIENTED_EDGE('',*,*,#2064,.F.);
#2710=ORIENTED_EDGE('',*,*,#2065,.T.);
#2711=ORIENTED_EDGE('',*,*,#2066,.T.);
#2712=ORIENTED_EDGE('',*,*,#2067,.T.);
#2713=ORIENTED_EDGE('',*,*,#2068,.F.);
#2714=ORIENTED_EDGE('',*,*,#2060,.F.);
#2715=ORIENTED_EDGE('',*,*,#2048,.T.);
#2716=ORIENTED_EDGE('',*,*,#2055,.T.);
#2717=ORIENTED_EDGE('',*,*,#2069,.T.);
#2718=ORIENTED_EDGE('',*,*,#2070,.T.);
#2719=ORIENTED_EDGE('',*,*,#2071,.T.);
#2720=ORIENTED_EDGE('',*,*,#2072,.T.);
#2721=ORIENTED_EDGE('',*,*,#2073,.T.);
#2722=ORIENTED_EDGE('',*,*,#2074,.T.);
#2723=ORIENTED_EDGE('',*,*,#2073,.F.);
#2724=ORIENTED_EDGE('',*,*,#2075,.F.);
#2725=ORIENTED_EDGE('',*,*,#2076,.F.);
#2726=ORIENTED_EDGE('',*,*,#2077,.T.);
#2727=ORIENTED_EDGE('',*,*,#2078,.T.);
#2728=ORIENTED_EDGE('',*,*,#2079,.T.);
#2729=ORIENTED_EDGE('',*,*,#2072,.F.);
#2730=ORIENTED_EDGE('',*,*,#2080,.T.);
#2731=ORIENTED_EDGE('',*,*,#2081,.F.);
#2732=ORIENTED_EDGE('',*,*,#2075,.T.);
#2733=ORIENTED_EDGE('',*,*,#2076,.T.);
#2734=ORIENTED_EDGE('',*,*,#2081,.T.);
#2735=ORIENTED_EDGE('',*,*,#2082,.T.);
#2736=ORIENTED_EDGE('',*,*,#2083,.T.);
#2737=ORIENTED_EDGE('',*,*,#2084,.T.);
#2738=ORIENTED_EDGE('',*,*,#2061,.T.);
#2739=ORIENTED_EDGE('',*,*,#2068,.T.);
#2740=ORIENTED_EDGE('',*,*,#2085,.T.);
#2741=ORIENTED_EDGE('',*,*,#2085,.F.);
#2742=ORIENTED_EDGE('',*,*,#2067,.F.);
#2743=ORIENTED_EDGE('',*,*,#2066,.F.);
#2744=ORIENTED_EDGE('',*,*,#2086,.T.);
#2745=ORIENTED_EDGE('',*,*,#2087,.T.);
#2746=ORIENTED_EDGE('',*,*,#2088,.F.);
#2747=ORIENTED_EDGE('',*,*,#2089,.F.);
#2748=ORIENTED_EDGE('',*,*,#2090,.F.);
#2749=ORIENTED_EDGE('',*,*,#2025,.T.);
#2750=ORIENTED_EDGE('',*,*,#2091,.T.);
#2751=ORIENTED_EDGE('',*,*,#2092,.T.);
#2752=ORIENTED_EDGE('',*,*,#2093,.T.);
#2753=ORIENTED_EDGE('',*,*,#2093,.F.);
#2754=ORIENTED_EDGE('',*,*,#2094,.F.);
#2755=ORIENTED_EDGE('',*,*,#2095,.F.);
#2756=ORIENTED_EDGE('',*,*,#2096,.F.);
#2757=ORIENTED_EDGE('',*,*,#2097,.T.);
#2758=ORIENTED_EDGE('',*,*,#2098,.T.);
#2759=ORIENTED_EDGE('',*,*,#2027,.F.);
#2760=ORIENTED_EDGE('',*,*,#2026,.F.);
#2761=ORIENTED_EDGE('',*,*,#2099,.T.);
#2762=ORIENTED_EDGE('',*,*,#2100,.T.);
#2763=ORIENTED_EDGE('',*,*,#2101,.T.);
#2764=ORIENTED_EDGE('',*,*,#2102,.T.);
#2765=ORIENTED_EDGE('',*,*,#2102,.F.);
#2766=ORIENTED_EDGE('',*,*,#2103,.F.);
#2767=ORIENTED_EDGE('',*,*,#2104,.F.);
#2768=ORIENTED_EDGE('',*,*,#2105,.F.);
#2769=ORIENTED_EDGE('',*,*,#2106,.F.);
#2770=ORIENTED_EDGE('',*,*,#2107,.F.);
#2771=ORIENTED_EDGE('',*,*,#2108,.F.);
#2772=ORIENTED_EDGE('',*,*,#2101,.F.);
#2773=ORIENTED_EDGE('',*,*,#2109,.F.);
#2774=ORIENTED_EDGE('',*,*,#2110,.F.);
#2775=ORIENTED_EDGE('',*,*,#2111,.T.);
#2776=ORIENTED_EDGE('',*,*,#2112,.T.);
#2777=ORIENTED_EDGE('',*,*,#2103,.T.);
#2778=ORIENTED_EDGE('',*,*,#2110,.T.);
#2779=ORIENTED_EDGE('',*,*,#2113,.T.);
#2780=ORIENTED_EDGE('',*,*,#2114,.T.);
#2781=ORIENTED_EDGE('',*,*,#2115,.T.);
#2782=ORIENTED_EDGE('',*,*,#2115,.F.);
#2783=ORIENTED_EDGE('',*,*,#2116,.F.);
#2784=ORIENTED_EDGE('',*,*,#2117,.F.);
#2785=ORIENTED_EDGE('',*,*,#2118,.F.);
#2786=ORIENTED_EDGE('',*,*,#2119,.F.);
#2787=ORIENTED_EDGE('',*,*,#2120,.F.);
#2788=ORIENTED_EDGE('',*,*,#2111,.F.);
#2789=ORIENTED_EDGE('',*,*,#2121,.T.);
#2790=ORIENTED_EDGE('',*,*,#2035,.T.);
#2791=ORIENTED_EDGE('',*,*,#2042,.T.);
#2792=ORIENTED_EDGE('',*,*,#2122,.T.);
#2793=ORIENTED_EDGE('',*,*,#2122,.F.);
#2794=ORIENTED_EDGE('',*,*,#2041,.F.);
#2795=ORIENTED_EDGE('',*,*,#2040,.F.);
#2796=ORIENTED_EDGE('',*,*,#2123,.T.);
#2797=ORIENTED_EDGE('',*,*,#2124,.T.);
#2798=ORIENTED_EDGE('',*,*,#2125,.F.);
#2799=ORIENTED_EDGE('',*,*,#2126,.F.);
#2800=ORIENTED_EDGE('',*,*,#2127,.F.);
#2801=ORIENTED_EDGE('',*,*,#2128,.T.);
#2802=ORIENTED_EDGE('',*,*,#2129,.T.);
#2803=ORIENTED_EDGE('',*,*,#2130,.F.);
#2804=ORIENTED_EDGE('',*,*,#2131,.T.);
#2805=ORIENTED_EDGE('',*,*,#2132,.F.);
#2806=ORIENTED_EDGE('',*,*,#2131,.F.);
#2807=ORIENTED_EDGE('',*,*,#2133,.F.);
#2808=ORIENTED_EDGE('',*,*,#2086,.F.);
#2809=ORIENTED_EDGE('',*,*,#2134,.T.);
#2810=ORIENTED_EDGE('',*,*,#2135,.T.);
#2811=ORIENTED_EDGE('',*,*,#2136,.F.);
#2812=ORIENTED_EDGE('',*,*,#2137,.T.);
#2813=ORIENTED_EDGE('',*,*,#2138,.F.);
#2814=ORIENTED_EDGE('',*,*,#2139,.T.);
#2815=ORIENTED_EDGE('',*,*,#2140,.T.);
#2816=ORIENTED_EDGE('',*,*,#2141,.F.);
#2817=ORIENTED_EDGE('',*,*,#2142,.F.);
#2818=ORIENTED_EDGE('',*,*,#2143,.F.);
#2819=ORIENTED_EDGE('',*,*,#2144,.F.);
#2820=ORIENTED_EDGE('',*,*,#2145,.F.);
#2821=ORIENTED_EDGE('',*,*,#2146,.F.);
#2822=ORIENTED_EDGE('',*,*,#2147,.F.);
#2823=ORIENTED_EDGE('',*,*,#2148,.F.);
#2824=ORIENTED_EDGE('',*,*,#2149,.F.);
#2825=ORIENTED_EDGE('',*,*,#2150,.F.);
#2826=ORIENTED_EDGE('',*,*,#2151,.F.);
#2827=ORIENTED_EDGE('',*,*,#2152,.F.);
#2828=ORIENTED_EDGE('',*,*,#2153,.F.);
#2829=ORIENTED_EDGE('',*,*,#2154,.F.);
#2830=ORIENTED_EDGE('',*,*,#2155,.F.);
#2831=ORIENTED_EDGE('',*,*,#2156,.F.);
#2832=ORIENTED_EDGE('',*,*,#2157,.F.);
#2833=ORIENTED_EDGE('',*,*,#2158,.F.);
#2834=ORIENTED_EDGE('',*,*,#2159,.F.);
#2835=ORIENTED_EDGE('',*,*,#2160,.F.);
#2836=ORIENTED_EDGE('',*,*,#2123,.F.);
#2837=ORIENTED_EDGE('',*,*,#2161,.T.);
#2838=ORIENTED_EDGE('',*,*,#2119,.T.);
#2839=ORIENTED_EDGE('',*,*,#2162,.F.);
#2840=ORIENTED_EDGE('',*,*,#2163,.T.);
#2841=ORIENTED_EDGE('',*,*,#2164,.F.);
#2842=ORIENTED_EDGE('',*,*,#2105,.T.);
#2843=ORIENTED_EDGE('',*,*,#2165,.T.);
#2844=ORIENTED_EDGE('',*,*,#2098,.F.);
#2845=ORIENTED_EDGE('',*,*,#2166,.F.);
#2846=ORIENTED_EDGE('',*,*,#2167,.F.);
#2847=ORIENTED_EDGE('',*,*,#2168,.F.);
#2848=ORIENTED_EDGE('',*,*,#2169,.F.);
#2849=ORIENTED_EDGE('',*,*,#2170,.F.);
#2850=ORIENTED_EDGE('',*,*,#2171,.F.);
#2851=ORIENTED_EDGE('',*,*,#2172,.F.);
#2852=ORIENTED_EDGE('',*,*,#2173,.F.);
#2853=ORIENTED_EDGE('',*,*,#2174,.F.);
#2854=ORIENTED_EDGE('',*,*,#2175,.F.);
#2855=ORIENTED_EDGE('',*,*,#2176,.F.);
#2856=ORIENTED_EDGE('',*,*,#2177,.F.);
#2857=ORIENTED_EDGE('',*,*,#2178,.F.);
#2858=ORIENTED_EDGE('',*,*,#2179,.F.);
#2859=ORIENTED_EDGE('',*,*,#2180,.F.);
#2860=ORIENTED_EDGE('',*,*,#2181,.F.);
#2861=ORIENTED_EDGE('',*,*,#2182,.T.);
#2862=ORIENTED_EDGE('',*,*,#2183,.F.);
#2863=ORIENTED_EDGE('',*,*,#2184,.T.);
#2864=ORIENTED_EDGE('',*,*,#2185,.F.);
#2865=ORIENTED_EDGE('',*,*,#2186,.T.);
#2866=ORIENTED_EDGE('',*,*,#2187,.F.);
#2867=ORIENTED_EDGE('',*,*,#2188,.T.);
#2868=ORIENTED_EDGE('',*,*,#2189,.F.);
#2869=ORIENTED_EDGE('',*,*,#2190,.T.);
#2870=ORIENTED_EDGE('',*,*,#2191,.F.);
#2871=ORIENTED_EDGE('',*,*,#2192,.T.);
#2872=ORIENTED_EDGE('',*,*,#2193,.F.);
#2873=ORIENTED_EDGE('',*,*,#2194,.T.);
#2874=ORIENTED_EDGE('',*,*,#2195,.F.);
#2875=ORIENTED_EDGE('',*,*,#2196,.T.);
#2876=ORIENTED_EDGE('',*,*,#2197,.F.);
#2877=ORIENTED_EDGE('',*,*,#2198,.T.);
#2878=ORIENTED_EDGE('',*,*,#2199,.F.);
#2879=ORIENTED_EDGE('',*,*,#2200,.T.);
#2880=ORIENTED_EDGE('',*,*,#2201,.F.);
#2881=ORIENTED_EDGE('',*,*,#2202,.T.);
#2882=ORIENTED_EDGE('',*,*,#2203,.F.);
#2883=ORIENTED_EDGE('',*,*,#2204,.T.);
#2884=ORIENTED_EDGE('',*,*,#2205,.F.);
#2885=ORIENTED_EDGE('',*,*,#2206,.T.);
#2886=ORIENTED_EDGE('',*,*,#2207,.F.);
#2887=ORIENTED_EDGE('',*,*,#2208,.T.);
#2888=ORIENTED_EDGE('',*,*,#2209,.F.);
#2889=ORIENTED_EDGE('',*,*,#2210,.T.);
#2890=ORIENTED_EDGE('',*,*,#2211,.F.);
#2891=ORIENTED_EDGE('',*,*,#2212,.T.);
#2892=ORIENTED_EDGE('',*,*,#2213,.F.);
#2893=ORIENTED_EDGE('',*,*,#2214,.T.);
#2894=ORIENTED_EDGE('',*,*,#2215,.T.);
#2895=ORIENTED_EDGE('',*,*,#2216,.F.);
#2896=ORIENTED_EDGE('',*,*,#2179,.T.);
#2897=ORIENTED_EDGE('',*,*,#2217,.T.);
#2898=ORIENTED_EDGE('',*,*,#2218,.T.);
#2899=ORIENTED_EDGE('',*,*,#2219,.F.);
#2900=ORIENTED_EDGE('',*,*,#2175,.T.);
#2901=ORIENTED_EDGE('',*,*,#2220,.T.);
#2902=ORIENTED_EDGE('',*,*,#2221,.T.);
#2903=ORIENTED_EDGE('',*,*,#2222,.F.);
#2904=ORIENTED_EDGE('',*,*,#2171,.T.);
#2905=ORIENTED_EDGE('',*,*,#2223,.T.);
#2906=ORIENTED_EDGE('',*,*,#2224,.T.);
#2907=ORIENTED_EDGE('',*,*,#2225,.F.);
#2908=ORIENTED_EDGE('',*,*,#2167,.T.);
#2909=ORIENTED_EDGE('',*,*,#2226,.T.);
#2910=ORIENTED_EDGE('',*,*,#2227,.T.);
#2911=ORIENTED_EDGE('',*,*,#2228,.F.);
#2912=ORIENTED_EDGE('',*,*,#2159,.T.);
#2913=ORIENTED_EDGE('',*,*,#2229,.T.);
#2914=ORIENTED_EDGE('',*,*,#2230,.T.);
#2915=ORIENTED_EDGE('',*,*,#2231,.F.);
#2916=ORIENTED_EDGE('',*,*,#2155,.T.);
#2917=ORIENTED_EDGE('',*,*,#2232,.T.);
#2918=ORIENTED_EDGE('',*,*,#2233,.T.);
#2919=ORIENTED_EDGE('',*,*,#2234,.F.);
#2920=ORIENTED_EDGE('',*,*,#2151,.T.);
#2921=ORIENTED_EDGE('',*,*,#2235,.T.);
#2922=ORIENTED_EDGE('',*,*,#2236,.T.);
#2923=ORIENTED_EDGE('',*,*,#2237,.F.);
#2924=ORIENTED_EDGE('',*,*,#2147,.T.);
#2925=ORIENTED_EDGE('',*,*,#2238,.T.);
#2926=ORIENTED_EDGE('',*,*,#2239,.T.);
#2927=ORIENTED_EDGE('',*,*,#2240,.F.);
#2928=ORIENTED_EDGE('',*,*,#2143,.T.);
#2929=ORIENTED_EDGE('',*,*,#2241,.T.);
#2930=ORIENTED_EDGE('',*,*,#2242,.T.);
#2931=ORIENTED_EDGE('',*,*,#2243,.F.);
#2932=ORIENTED_EDGE('',*,*,#2244,.T.);
#2933=ORIENTED_EDGE('',*,*,#2227,.F.);
#2934=ORIENTED_EDGE('',*,*,#2245,.T.);
#2935=ORIENTED_EDGE('',*,*,#2246,.F.);
#2936=ORIENTED_EDGE('',*,*,#2247,.F.);
#2937=ORIENTED_EDGE('',*,*,#2248,.F.);
#2938=ORIENTED_EDGE('',*,*,#2249,.T.);
#2939=ORIENTED_EDGE('',*,*,#2230,.F.);
#2940=ORIENTED_EDGE('',*,*,#2250,.T.);
#2941=ORIENTED_EDGE('',*,*,#2251,.F.);
#2942=ORIENTED_EDGE('',*,*,#2252,.F.);
#2943=ORIENTED_EDGE('',*,*,#2253,.F.);
#2944=ORIENTED_EDGE('',*,*,#2254,.T.);
#2945=ORIENTED_EDGE('',*,*,#2233,.F.);
#2946=ORIENTED_EDGE('',*,*,#2255,.T.);
#2947=ORIENTED_EDGE('',*,*,#2256,.F.);
#2948=ORIENTED_EDGE('',*,*,#2257,.F.);
#2949=ORIENTED_EDGE('',*,*,#2258,.F.);
#2950=ORIENTED_EDGE('',*,*,#2259,.T.);
#2951=ORIENTED_EDGE('',*,*,#2236,.F.);
#2952=ORIENTED_EDGE('',*,*,#2260,.T.);
#2953=ORIENTED_EDGE('',*,*,#2261,.F.);
#2954=ORIENTED_EDGE('',*,*,#2262,.F.);
#2955=ORIENTED_EDGE('',*,*,#2263,.F.);
#2956=ORIENTED_EDGE('',*,*,#2264,.T.);
#2957=ORIENTED_EDGE('',*,*,#2239,.F.);
#2958=ORIENTED_EDGE('',*,*,#2265,.T.);
#2959=ORIENTED_EDGE('',*,*,#2266,.F.);
#2960=ORIENTED_EDGE('',*,*,#2051,.F.);
#2961=ORIENTED_EDGE('',*,*,#2267,.F.);
#2962=ORIENTED_EDGE('',*,*,#2268,.T.);
#2963=ORIENTED_EDGE('',*,*,#2269,.F.);
#2964=ORIENTED_EDGE('',*,*,#2270,.F.);
#2965=ORIENTED_EDGE('',*,*,#2244,.F.);
#2966=ORIENTED_EDGE('',*,*,#2271,.F.);
#2967=ORIENTED_EDGE('',*,*,#2272,.F.);
#2968=ORIENTED_EDGE('',*,*,#2273,.T.);
#2969=ORIENTED_EDGE('',*,*,#2274,.F.);
#2970=ORIENTED_EDGE('',*,*,#2039,.F.);
#2971=ORIENTED_EDGE('',*,*,#2275,.F.);
#2972=ORIENTED_EDGE('',*,*,#2276,.F.);
#2973=ORIENTED_EDGE('',*,*,#2277,.T.);
#2974=ORIENTED_EDGE('',*,*,#2278,.T.);
#2975=ORIENTED_EDGE('',*,*,#2279,.F.);
#2976=ORIENTED_EDGE('',*,*,#2280,.T.);
#2977=ORIENTED_EDGE('',*,*,#2129,.F.);
#2978=ORIENTED_EDGE('',*,*,#2281,.T.);
#2979=ORIENTED_EDGE('',*,*,#2282,.F.);
#2980=ORIENTED_EDGE('',*,*,#2283,.F.);
#2981=ORIENTED_EDGE('',*,*,#2284,.F.);
#2982=ORIENTED_EDGE('',*,*,#2285,.T.);
#2983=ORIENTED_EDGE('',*,*,#2215,.F.);
#2984=ORIENTED_EDGE('',*,*,#2286,.T.);
#2985=ORIENTED_EDGE('',*,*,#2287,.F.);
#2986=ORIENTED_EDGE('',*,*,#2288,.F.);
#2987=ORIENTED_EDGE('',*,*,#2289,.F.);
#2988=ORIENTED_EDGE('',*,*,#2290,.T.);
#2989=ORIENTED_EDGE('',*,*,#2218,.F.);
#2990=ORIENTED_EDGE('',*,*,#2291,.T.);
#2991=ORIENTED_EDGE('',*,*,#2292,.F.);
#2992=ORIENTED_EDGE('',*,*,#2293,.F.);
#2993=ORIENTED_EDGE('',*,*,#2294,.F.);
#2994=ORIENTED_EDGE('',*,*,#2295,.T.);
#2995=ORIENTED_EDGE('',*,*,#2221,.F.);
#2996=ORIENTED_EDGE('',*,*,#2296,.T.);
#2997=ORIENTED_EDGE('',*,*,#2297,.F.);
#2998=ORIENTED_EDGE('',*,*,#2298,.F.);
#2999=ORIENTED_EDGE('',*,*,#2299,.F.);
#3000=ORIENTED_EDGE('',*,*,#2300,.T.);
#3001=ORIENTED_EDGE('',*,*,#2224,.F.);
#3002=ORIENTED_EDGE('',*,*,#2301,.F.);
#3003=ORIENTED_EDGE('',*,*,#2302,.F.);
#3004=ORIENTED_EDGE('',*,*,#2028,.F.);
#3005=ORIENTED_EDGE('',*,*,#2303,.F.);
#3006=ORIENTED_EDGE('',*,*,#2304,.T.);
#3007=ORIENTED_EDGE('',*,*,#2305,.F.);
#3008=ORIENTED_EDGE('',*,*,#2306,.F.);
#3009=ORIENTED_EDGE('',*,*,#2280,.F.);
#3010=ORIENTED_EDGE('',*,*,#2307,.F.);
#3011=ORIENTED_EDGE('',*,*,#2308,.F.);
#3012=ORIENTED_EDGE('',*,*,#2309,.T.);
#3013=ORIENTED_EDGE('',*,*,#2310,.F.);
#3014=ORIENTED_EDGE('',*,*,#2065,.F.);
#3015=ORIENTED_EDGE('',*,*,#2311,.F.);
#3016=ORIENTED_EDGE('',*,*,#2312,.T.);
#3017=ORIENTED_EDGE('',*,*,#2313,.T.);
#3018=ORIENTED_EDGE('',*,*,#2314,.T.);
#3019=ORIENTED_EDGE('',*,*,#2315,.T.);
#3020=ORIENTED_EDGE('',*,*,#2316,.T.);
#3021=ORIENTED_EDGE('',*,*,#2316,.F.);
#3022=ORIENTED_EDGE('',*,*,#2317,.F.);
#3023=ORIENTED_EDGE('',*,*,#2307,.T.);
#3024=ORIENTED_EDGE('',*,*,#2279,.T.);
#3025=ORIENTED_EDGE('',*,*,#2318,.F.);
#3026=ORIENTED_EDGE('',*,*,#2241,.F.);
#3027=ORIENTED_EDGE('',*,*,#2270,.T.);
#3028=ORIENTED_EDGE('',*,*,#2319,.F.);
#3029=ORIENTED_EDGE('',*,*,#2320,.F.);
#3030=ORIENTED_EDGE('',*,*,#2321,.F.);
#3031=ORIENTED_EDGE('',*,*,#2315,.F.);
#3032=ORIENTED_EDGE('',*,*,#2322,.F.);
#3033=ORIENTED_EDGE('',*,*,#2323,.F.);
#3034=ORIENTED_EDGE('',*,*,#2324,.F.);
#3035=ORIENTED_EDGE('',*,*,#2325,.F.);
#3036=ORIENTED_EDGE('',*,*,#2319,.T.);
#3037=ORIENTED_EDGE('',*,*,#2269,.T.);
#3038=ORIENTED_EDGE('',*,*,#2326,.T.);
#3039=ORIENTED_EDGE('',*,*,#2308,.T.);
#3040=ORIENTED_EDGE('',*,*,#2317,.T.);
#3041=ORIENTED_EDGE('',*,*,#2327,.T.);
#3042=ORIENTED_EDGE('',*,*,#2328,.T.);
#3043=ORIENTED_EDGE('',*,*,#2329,.T.);
#3044=ORIENTED_EDGE('',*,*,#2330,.T.);
#3045=ORIENTED_EDGE('',*,*,#2330,.F.);
#3046=ORIENTED_EDGE('',*,*,#2331,.F.);
#3047=ORIENTED_EDGE('',*,*,#2332,.F.);
#3048=ORIENTED_EDGE('',*,*,#2333,.F.);
#3049=ORIENTED_EDGE('',*,*,#2271,.T.);
#3050=ORIENTED_EDGE('',*,*,#2243,.T.);
#3051=ORIENTED_EDGE('',*,*,#2334,.T.);
#3052=ORIENTED_EDGE('',*,*,#2277,.F.);
#3053=ORIENTED_EDGE('',*,*,#2306,.T.);
#3054=ORIENTED_EDGE('',*,*,#2335,.F.);
#3055=ORIENTED_EDGE('',*,*,#2329,.F.);
#3056=ORIENTED_EDGE('',*,*,#2336,.F.);
#3057=ORIENTED_EDGE('',*,*,#2337,.F.);
#3058=ORIENTED_EDGE('',*,*,#2338,.F.);
#3059=ORIENTED_EDGE('',*,*,#2339,.F.);
#3060=ORIENTED_EDGE('',*,*,#2331,.T.);
#3061=ORIENTED_EDGE('',*,*,#2339,.T.);
#3062=ORIENTED_EDGE('',*,*,#2340,.T.);
#3063=ORIENTED_EDGE('',*,*,#2341,.T.);
#3064=ORIENTED_EDGE('',*,*,#2332,.T.);
#3065=ORIENTED_EDGE('',*,*,#2325,.T.);
#3066=ORIENTED_EDGE('',*,*,#2342,.T.);
#3067=ORIENTED_EDGE('',*,*,#2343,.T.);
#3068=ORIENTED_EDGE('',*,*,#2320,.T.);
#3069=ORIENTED_EDGE('',*,*,#2242,.F.);
#3070=ORIENTED_EDGE('',*,*,#2318,.T.);
#3071=ORIENTED_EDGE('',*,*,#2278,.F.);
#3072=ORIENTED_EDGE('',*,*,#2334,.F.);
#3073=ORIENTED_EDGE('',*,*,#2328,.F.);
#3074=ORIENTED_EDGE('',*,*,#2344,.T.);
#3075=ORIENTED_EDGE('',*,*,#2345,.T.);
#3076=ORIENTED_EDGE('',*,*,#2336,.T.);
#3077=ORIENTED_EDGE('',*,*,#2314,.F.);
#3078=ORIENTED_EDGE('',*,*,#2346,.T.);
#3079=ORIENTED_EDGE('',*,*,#2347,.T.);
#3080=ORIENTED_EDGE('',*,*,#2322,.T.);
#3081=ORIENTED_EDGE('',*,*,#2313,.F.);
#3082=ORIENTED_EDGE('',*,*,#2321,.T.);
#3083=ORIENTED_EDGE('',*,*,#2343,.F.);
#3084=ORIENTED_EDGE('',*,*,#2348,.F.);
#3085=ORIENTED_EDGE('',*,*,#2349,.T.);
#3086=ORIENTED_EDGE('',*,*,#2346,.F.);
#3087=ORIENTED_EDGE('',*,*,#2340,.F.);
#3088=ORIENTED_EDGE('',*,*,#2338,.T.);
#3089=ORIENTED_EDGE('',*,*,#2350,.T.);
#3090=ORIENTED_EDGE('',*,*,#2351,.T.);
#3091=ORIENTED_EDGE('',*,*,#2342,.F.);
#3092=ORIENTED_EDGE('',*,*,#2324,.T.);
#3093=ORIENTED_EDGE('',*,*,#2352,.T.);
#3094=ORIENTED_EDGE('',*,*,#2348,.T.);
#3095=ORIENTED_EDGE('',*,*,#2327,.F.);
#3096=ORIENTED_EDGE('',*,*,#2335,.T.);
#3097=ORIENTED_EDGE('',*,*,#2305,.T.);
#3098=ORIENTED_EDGE('',*,*,#2353,.T.);
#3099=ORIENTED_EDGE('',*,*,#2272,.T.);
#3100=ORIENTED_EDGE('',*,*,#2333,.T.);
#3101=ORIENTED_EDGE('',*,*,#2341,.F.);
#3102=ORIENTED_EDGE('',*,*,#2351,.F.);
#3103=ORIENTED_EDGE('',*,*,#2354,.F.);
#3104=ORIENTED_EDGE('',*,*,#2344,.F.);
#3105=ORIENTED_EDGE('',*,*,#2355,.T.);
#3106=ORIENTED_EDGE('',*,*,#2356,.T.);
#3107=ORIENTED_EDGE('',*,*,#2136,.T.);
#3108=ORIENTED_EDGE('',*,*,#2357,.T.);
#3109=ORIENTED_EDGE('',*,*,#2356,.F.);
#3110=ORIENTED_EDGE('',*,*,#2358,.F.);
#3111=ORIENTED_EDGE('',*,*,#2359,.F.);
#3112=ORIENTED_EDGE('',*,*,#2137,.F.);
#3113=ORIENTED_EDGE('',*,*,#2355,.F.);
#3114=ORIENTED_EDGE('',*,*,#2360,.T.);
#3115=ORIENTED_EDGE('',*,*,#2361,.T.);
#3116=ORIENTED_EDGE('',*,*,#2362,.T.);
#3117=ORIENTED_EDGE('',*,*,#2363,.F.);
#3118=ORIENTED_EDGE('',*,*,#2358,.T.);
#3119=ORIENTED_EDGE('',*,*,#2364,.T.);
#3120=ORIENTED_EDGE('',*,*,#2365,.T.);
#3121=ORIENTED_EDGE('',*,*,#2203,.T.);
#3122=ORIENTED_EDGE('',*,*,#2366,.T.);
#3123=ORIENTED_EDGE('',*,*,#2365,.F.);
#3124=ORIENTED_EDGE('',*,*,#2367,.F.);
#3125=ORIENTED_EDGE('',*,*,#2368,.F.);
#3126=ORIENTED_EDGE('',*,*,#2204,.F.);
#3127=ORIENTED_EDGE('',*,*,#2364,.F.);
#3128=ORIENTED_EDGE('',*,*,#2369,.T.);
#3129=ORIENTED_EDGE('',*,*,#2370,.F.);
#3130=ORIENTED_EDGE('',*,*,#2371,.T.);
#3131=ORIENTED_EDGE('',*,*,#2372,.F.);
#3132=ORIENTED_EDGE('',*,*,#2373,.T.);
#3133=ORIENTED_EDGE('',*,*,#2374,.F.);
#3134=ORIENTED_EDGE('',*,*,#2367,.T.);
#3135=ORIENTED_EDGE('',*,*,#2374,.T.);
#3136=ORIENTED_EDGE('',*,*,#2375,.T.);
#3137=ORIENTED_EDGE('',*,*,#2205,.T.);
#3138=ORIENTED_EDGE('',*,*,#2368,.T.);
#3139=ORIENTED_EDGE('',*,*,#2375,.F.);
#3140=ORIENTED_EDGE('',*,*,#2373,.F.);
#3141=ORIENTED_EDGE('',*,*,#2376,.F.);
#3142=ORIENTED_EDGE('',*,*,#2198,.F.);
#3143=ORIENTED_EDGE('',*,*,#2377,.T.);
#3144=ORIENTED_EDGE('',*,*,#2378,.T.);
#3145=ORIENTED_EDGE('',*,*,#2195,.T.);
#3146=ORIENTED_EDGE('',*,*,#2379,.T.);
#3147=ORIENTED_EDGE('',*,*,#2379,.F.);
#3148=ORIENTED_EDGE('',*,*,#2194,.F.);
#3149=ORIENTED_EDGE('',*,*,#2380,.F.);
#3150=ORIENTED_EDGE('',*,*,#2381,.F.);
#3151=ORIENTED_EDGE('',*,*,#2382,.T.);
#3152=ORIENTED_EDGE('',*,*,#2383,.T.);
#3153=ORIENTED_EDGE('',*,*,#2197,.T.);
#3154=ORIENTED_EDGE('',*,*,#2384,.T.);
#3155=ORIENTED_EDGE('',*,*,#2378,.F.);
#3156=ORIENTED_EDGE('',*,*,#2385,.F.);
#3157=ORIENTED_EDGE('',*,*,#2384,.F.);
#3158=ORIENTED_EDGE('',*,*,#2196,.F.);
#3159=ORIENTED_EDGE('',*,*,#2386,.T.);
#3160=ORIENTED_EDGE('',*,*,#2387,.T.);
#3161=ORIENTED_EDGE('',*,*,#2189,.T.);
#3162=ORIENTED_EDGE('',*,*,#2388,.T.);
#3163=ORIENTED_EDGE('',*,*,#2388,.F.);
#3164=ORIENTED_EDGE('',*,*,#2188,.F.);
#3165=ORIENTED_EDGE('',*,*,#2389,.F.);
#3166=ORIENTED_EDGE('',*,*,#2390,.F.);
#3167=ORIENTED_EDGE('',*,*,#2391,.T.);
#3168=ORIENTED_EDGE('',*,*,#2392,.T.);
#3169=ORIENTED_EDGE('',*,*,#2183,.T.);
#3170=ORIENTED_EDGE('',*,*,#2393,.T.);
#3171=ORIENTED_EDGE('',*,*,#2387,.F.);
#3172=ORIENTED_EDGE('',*,*,#2394,.F.);
#3173=ORIENTED_EDGE('',*,*,#2393,.F.);
#3174=ORIENTED_EDGE('',*,*,#2182,.F.);
#3175=ORIENTED_EDGE('',*,*,#2395,.T.);
#3176=ORIENTED_EDGE('',*,*,#2396,.T.);
#3177=ORIENTED_EDGE('',*,*,#2211,.T.);
#3178=ORIENTED_EDGE('',*,*,#2397,.T.);
#3179=ORIENTED_EDGE('',*,*,#2397,.F.);
#3180=ORIENTED_EDGE('',*,*,#2210,.F.);
#3181=ORIENTED_EDGE('',*,*,#2398,.F.);
#3182=ORIENTED_EDGE('',*,*,#2399,.F.);
#3183=ORIENTED_EDGE('',*,*,#2400,.T.);
#3184=ORIENTED_EDGE('',*,*,#2401,.T.);
#3185=ORIENTED_EDGE('',*,*,#2213,.T.);
#3186=ORIENTED_EDGE('',*,*,#2402,.T.);
#3187=ORIENTED_EDGE('',*,*,#2396,.F.);
#3188=ORIENTED_EDGE('',*,*,#2403,.F.);
#3189=ORIENTED_EDGE('',*,*,#2402,.F.);
#3190=ORIENTED_EDGE('',*,*,#2212,.F.);
#3191=ORIENTED_EDGE('',*,*,#2404,.T.);
#3192=ORIENTED_EDGE('',*,*,#2106,.T.);
#3193=ORIENTED_EDGE('',*,*,#2164,.T.);
#3194=ORIENTED_EDGE('',*,*,#2405,.T.);
#3195=ORIENTED_EDGE('',*,*,#2404,.F.);
#3196=ORIENTED_EDGE('',*,*,#2406,.T.);
#3197=ORIENTED_EDGE('',*,*,#2407,.F.);
#3198=ORIENTED_EDGE('',*,*,#2117,.T.);
#3199=ORIENTED_EDGE('',*,*,#2408,.T.);
#3200=ORIENTED_EDGE('',*,*,#2107,.T.);
#3201=ORIENTED_EDGE('',*,*,#2405,.F.);
#3202=ORIENTED_EDGE('',*,*,#2163,.F.);
#3203=ORIENTED_EDGE('',*,*,#2409,.F.);
#3204=ORIENTED_EDGE('',*,*,#2406,.F.);
#3205=ORIENTED_EDGE('',*,*,#2407,.T.);
#3206=ORIENTED_EDGE('',*,*,#2409,.T.);
#3207=ORIENTED_EDGE('',*,*,#2162,.T.);
#3208=ORIENTED_EDGE('',*,*,#2118,.T.);
#3209=ORIENTED_EDGE('',*,*,#2410,.T.);
#3210=ORIENTED_EDGE('',*,*,#2411,.T.);
#3211=ORIENTED_EDGE('',*,*,#2207,.T.);
#3212=ORIENTED_EDGE('',*,*,#2412,.T.);
#3213=ORIENTED_EDGE('',*,*,#2401,.F.);
#3214=ORIENTED_EDGE('',*,*,#2413,.F.);
#3215=ORIENTED_EDGE('',*,*,#2412,.F.);
#3216=ORIENTED_EDGE('',*,*,#2206,.F.);
#3217=ORIENTED_EDGE('',*,*,#2414,.T.);
#3218=ORIENTED_EDGE('',*,*,#2398,.T.);
#3219=ORIENTED_EDGE('',*,*,#2209,.T.);
#3220=ORIENTED_EDGE('',*,*,#2415,.T.);
#3221=ORIENTED_EDGE('',*,*,#2411,.F.);
#3222=ORIENTED_EDGE('',*,*,#2416,.F.);
#3223=ORIENTED_EDGE('',*,*,#2415,.F.);
#3224=ORIENTED_EDGE('',*,*,#2208,.F.);
#3225=ORIENTED_EDGE('',*,*,#2417,.T.);
#3226=ORIENTED_EDGE('',*,*,#2418,.T.);
#3227=ORIENTED_EDGE('',*,*,#2185,.T.);
#3228=ORIENTED_EDGE('',*,*,#2419,.T.);
#3229=ORIENTED_EDGE('',*,*,#2392,.F.);
#3230=ORIENTED_EDGE('',*,*,#2420,.F.);
#3231=ORIENTED_EDGE('',*,*,#2419,.F.);
#3232=ORIENTED_EDGE('',*,*,#2184,.F.);
#3233=ORIENTED_EDGE('',*,*,#2421,.T.);
#3234=ORIENTED_EDGE('',*,*,#2389,.T.);
#3235=ORIENTED_EDGE('',*,*,#2187,.T.);
#3236=ORIENTED_EDGE('',*,*,#2422,.T.);
#3237=ORIENTED_EDGE('',*,*,#2418,.F.);
#3238=ORIENTED_EDGE('',*,*,#2423,.F.);
#3239=ORIENTED_EDGE('',*,*,#2422,.F.);
#3240=ORIENTED_EDGE('',*,*,#2186,.F.);
#3241=ORIENTED_EDGE('',*,*,#2424,.T.);
#3242=ORIENTED_EDGE('',*,*,#2425,.T.);
#3243=ORIENTED_EDGE('',*,*,#2191,.T.);
#3244=ORIENTED_EDGE('',*,*,#2426,.T.);
#3245=ORIENTED_EDGE('',*,*,#2383,.F.);
#3246=ORIENTED_EDGE('',*,*,#2427,.F.);
#3247=ORIENTED_EDGE('',*,*,#2426,.F.);
#3248=ORIENTED_EDGE('',*,*,#2190,.F.);
#3249=ORIENTED_EDGE('',*,*,#2428,.T.);
#3250=ORIENTED_EDGE('',*,*,#2380,.T.);
#3251=ORIENTED_EDGE('',*,*,#2193,.T.);
#3252=ORIENTED_EDGE('',*,*,#2429,.T.);
#3253=ORIENTED_EDGE('',*,*,#2425,.F.);
#3254=ORIENTED_EDGE('',*,*,#2430,.F.);
#3255=ORIENTED_EDGE('',*,*,#2429,.F.);
#3256=ORIENTED_EDGE('',*,*,#2192,.F.);
#3257=ORIENTED_EDGE('',*,*,#2363,.T.);
#3258=ORIENTED_EDGE('',*,*,#2431,.T.);
#3259=ORIENTED_EDGE('',*,*,#2138,.T.);
#3260=ORIENTED_EDGE('',*,*,#2359,.T.);
#3261=ORIENTED_EDGE('',*,*,#2370,.T.);
#3262=ORIENTED_EDGE('',*,*,#2432,.T.);
#3263=ORIENTED_EDGE('',*,*,#2201,.T.);
#3264=ORIENTED_EDGE('',*,*,#2433,.T.);
#3265=ORIENTED_EDGE('',*,*,#2366,.F.);
#3266=ORIENTED_EDGE('',*,*,#2202,.F.);
#3267=ORIENTED_EDGE('',*,*,#2432,.F.);
#3268=ORIENTED_EDGE('',*,*,#2369,.F.);
#3269=ORIENTED_EDGE('',*,*,#2372,.T.);
#3270=ORIENTED_EDGE('',*,*,#2434,.T.);
#3271=ORIENTED_EDGE('',*,*,#2199,.T.);
#3272=ORIENTED_EDGE('',*,*,#2376,.T.);
#3273=ORIENTED_EDGE('',*,*,#2435,.T.);
#3274=ORIENTED_EDGE('',*,*,#2436,.T.);
#3275=ORIENTED_EDGE('',*,*,#2125,.T.);
#3276=ORIENTED_EDGE('',*,*,#2437,.T.);
#3277=ORIENTED_EDGE('',*,*,#2436,.F.);
#3278=ORIENTED_EDGE('',*,*,#2438,.F.);
#3279=ORIENTED_EDGE('',*,*,#2439,.T.);
#3280=ORIENTED_EDGE('',*,*,#2126,.T.);
#3281=ORIENTED_EDGE('',*,*,#2031,.F.);
#3282=ORIENTED_EDGE('',*,*,#2440,.T.);
#3283=ORIENTED_EDGE('',*,*,#2438,.T.);
#3284=ORIENTED_EDGE('',*,*,#2435,.F.);
#3285=ORIENTED_EDGE('',*,*,#2441,.T.);
#3286=ORIENTED_EDGE('',*,*,#2442,.F.);
#3287=ORIENTED_EDGE('',*,*,#2037,.T.);
#3288=ORIENTED_EDGE('',*,*,#2443,.T.);
#3289=ORIENTED_EDGE('',*,*,#2444,.T.);
#3290=ORIENTED_EDGE('',*,*,#2445,.T.);
#3291=ORIENTED_EDGE('',*,*,#2446,.T.);
#3292=ORIENTED_EDGE('',*,*,#2445,.F.);
#3293=ORIENTED_EDGE('',*,*,#2447,.T.);
#3294=ORIENTED_EDGE('',*,*,#2448,.F.);
#3295=ORIENTED_EDGE('',*,*,#2449,.T.);
#3296=ORIENTED_EDGE('',*,*,#2450,.F.);
#3297=ORIENTED_EDGE('',*,*,#2451,.T.);
#3298=ORIENTED_EDGE('',*,*,#2452,.F.);
#3299=ORIENTED_EDGE('',*,*,#2453,.T.);
#3300=ORIENTED_EDGE('',*,*,#2444,.F.);
#3301=ORIENTED_EDGE('',*,*,#2454,.T.);
#3302=ORIENTED_EDGE('',*,*,#2455,.F.);
#3303=ORIENTED_EDGE('',*,*,#2447,.F.);
#3304=ORIENTED_EDGE('',*,*,#2448,.T.);
#3305=ORIENTED_EDGE('',*,*,#2455,.T.);
#3306=ORIENTED_EDGE('',*,*,#2456,.T.);
#3307=ORIENTED_EDGE('',*,*,#2457,.T.);
#3308=ORIENTED_EDGE('',*,*,#2458,.T.);
#3309=ORIENTED_EDGE('',*,*,#2459,.T.);
#3310=ORIENTED_EDGE('',*,*,#2460,.T.);
#3311=ORIENTED_EDGE('',*,*,#2461,.T.);
#3312=ORIENTED_EDGE('',*,*,#2460,.F.);
#3313=ORIENTED_EDGE('',*,*,#2462,.T.);
#3314=ORIENTED_EDGE('',*,*,#2463,.F.);
#3315=ORIENTED_EDGE('',*,*,#2464,.T.);
#3316=ORIENTED_EDGE('',*,*,#2465,.F.);
#3317=ORIENTED_EDGE('',*,*,#2466,.T.);
#3318=ORIENTED_EDGE('',*,*,#2467,.F.);
#3319=ORIENTED_EDGE('',*,*,#2468,.T.);
#3320=ORIENTED_EDGE('',*,*,#2459,.F.);
#3321=ORIENTED_EDGE('',*,*,#2469,.T.);
#3322=ORIENTED_EDGE('',*,*,#2470,.F.);
#3323=ORIENTED_EDGE('',*,*,#2462,.F.);
#3324=ORIENTED_EDGE('',*,*,#2463,.T.);
#3325=ORIENTED_EDGE('',*,*,#2470,.T.);
#3326=ORIENTED_EDGE('',*,*,#2471,.T.);
#3327=ORIENTED_EDGE('',*,*,#2472,.T.);
#3328=ORIENTED_EDGE('',*,*,#2473,.T.);
#3329=ORIENTED_EDGE('',*,*,#2474,.T.);
#3330=ORIENTED_EDGE('',*,*,#2475,.T.);
#3331=ORIENTED_EDGE('',*,*,#2476,.T.);
#3332=ORIENTED_EDGE('',*,*,#2475,.F.);
#3333=ORIENTED_EDGE('',*,*,#2477,.T.);
#3334=ORIENTED_EDGE('',*,*,#2478,.F.);
#3335=ORIENTED_EDGE('',*,*,#2479,.T.);
#3336=ORIENTED_EDGE('',*,*,#2480,.F.);
#3337=ORIENTED_EDGE('',*,*,#2481,.T.);
#3338=ORIENTED_EDGE('',*,*,#2482,.F.);
#3339=ORIENTED_EDGE('',*,*,#2483,.T.);
#3340=ORIENTED_EDGE('',*,*,#2474,.F.);
#3341=ORIENTED_EDGE('',*,*,#2484,.T.);
#3342=ORIENTED_EDGE('',*,*,#2485,.F.);
#3343=ORIENTED_EDGE('',*,*,#2477,.F.);
#3344=ORIENTED_EDGE('',*,*,#2478,.T.);
#3345=ORIENTED_EDGE('',*,*,#2485,.T.);
#3346=ORIENTED_EDGE('',*,*,#2486,.T.);
#3347=ORIENTED_EDGE('',*,*,#2487,.T.);
#3348=ORIENTED_EDGE('',*,*,#2488,.T.);
#3349=ORIENTED_EDGE('',*,*,#2489,.T.);
#3350=ORIENTED_EDGE('',*,*,#2490,.T.);
#3351=ORIENTED_EDGE('',*,*,#2491,.T.);
#3352=ORIENTED_EDGE('',*,*,#2490,.F.);
#3353=ORIENTED_EDGE('',*,*,#2492,.T.);
#3354=ORIENTED_EDGE('',*,*,#2493,.F.);
#3355=ORIENTED_EDGE('',*,*,#2494,.T.);
#3356=ORIENTED_EDGE('',*,*,#2495,.F.);
#3357=ORIENTED_EDGE('',*,*,#2496,.T.);
#3358=ORIENTED_EDGE('',*,*,#2497,.F.);
#3359=ORIENTED_EDGE('',*,*,#2498,.T.);
#3360=ORIENTED_EDGE('',*,*,#2489,.F.);
#3361=ORIENTED_EDGE('',*,*,#2499,.T.);
#3362=ORIENTED_EDGE('',*,*,#2500,.F.);
#3363=ORIENTED_EDGE('',*,*,#2492,.F.);
#3364=ORIENTED_EDGE('',*,*,#2493,.T.);
#3365=ORIENTED_EDGE('',*,*,#2500,.T.);
#3366=ORIENTED_EDGE('',*,*,#2501,.T.);
#3367=ORIENTED_EDGE('',*,*,#2502,.T.);
#3368=ORIENTED_EDGE('',*,*,#2503,.T.);
#3369=ORIENTED_EDGE('',*,*,#2504,.T.);
#3370=ORIENTED_EDGE('',*,*,#2505,.T.);
#3371=ORIENTED_EDGE('',*,*,#2506,.T.);
#3372=ORIENTED_EDGE('',*,*,#2044,.F.);
#3373=ORIENTED_EDGE('',*,*,#2053,.T.);
#3374=ORIENTED_EDGE('',*,*,#2507,.F.);
#3375=ORIENTED_EDGE('',*,*,#2508,.T.);
#3376=ORIENTED_EDGE('',*,*,#2505,.F.);
#3377=ORIENTED_EDGE('',*,*,#2509,.T.);
#3378=ORIENTED_EDGE('',*,*,#2510,.T.);
#3379=ORIENTED_EDGE('',*,*,#2504,.F.);
#3380=ORIENTED_EDGE('',*,*,#2511,.T.);
#3381=ORIENTED_EDGE('',*,*,#2512,.T.);
#3382=ORIENTED_EDGE('',*,*,#2509,.F.);
#3383=ORIENTED_EDGE('',*,*,#2513,.T.);
#3384=ORIENTED_EDGE('',*,*,#2514,.T.);
#3385=ORIENTED_EDGE('',*,*,#2515,.T.);
#3386=ORIENTED_EDGE('',*,*,#2516,.T.);
#3387=ORIENTED_EDGE('',*,*,#2514,.F.);
#3388=ORIENTED_EDGE('',*,*,#2517,.F.);
#3389=ORIENTED_EDGE('',*,*,#2518,.F.);
#3390=ORIENTED_EDGE('',*,*,#2519,.T.);
#3391=ORIENTED_EDGE('',*,*,#2513,.F.);
#3392=ORIENTED_EDGE('',*,*,#2520,.T.);
#3393=ORIENTED_EDGE('',*,*,#2521,.F.);
#3394=ORIENTED_EDGE('',*,*,#2522,.T.);
#3395=ORIENTED_EDGE('',*,*,#2523,.F.);
#3396=ORIENTED_EDGE('',*,*,#2524,.T.);
#3397=ORIENTED_EDGE('',*,*,#2525,.F.);
#3398=ORIENTED_EDGE('',*,*,#2517,.T.);
#3399=ORIENTED_EDGE('',*,*,#2096,.T.);
#3400=ORIENTED_EDGE('',*,*,#2526,.T.);
#3401=ORIENTED_EDGE('',*,*,#2021,.T.);
#3402=ORIENTED_EDGE('',*,*,#2527,.T.);
#3403=ORIENTED_EDGE('',*,*,#2527,.F.);
#3404=ORIENTED_EDGE('',*,*,#2020,.F.);
#3405=ORIENTED_EDGE('',*,*,#2528,.F.);
#3406=ORIENTED_EDGE('',*,*,#2301,.T.);
#3407=ORIENTED_EDGE('',*,*,#2223,.F.);
#3408=ORIENTED_EDGE('',*,*,#2166,.T.);
#3409=ORIENTED_EDGE('',*,*,#2097,.F.);
#3410=ORIENTED_EDGE('',*,*,#2529,.T.);
#3411=ORIENTED_EDGE('',*,*,#2530,.T.);
#3412=ORIENTED_EDGE('',*,*,#2531,.T.);
#3413=ORIENTED_EDGE('',*,*,#2532,.T.);
#3414=ORIENTED_EDGE('',*,*,#2530,.F.);
#3415=ORIENTED_EDGE('',*,*,#2533,.F.);
#3416=ORIENTED_EDGE('',*,*,#2534,.F.);
#3417=ORIENTED_EDGE('',*,*,#2535,.T.);
#3418=ORIENTED_EDGE('',*,*,#2529,.F.);
#3419=ORIENTED_EDGE('',*,*,#2536,.T.);
#3420=ORIENTED_EDGE('',*,*,#2537,.F.);
#3421=ORIENTED_EDGE('',*,*,#2538,.T.);
#3422=ORIENTED_EDGE('',*,*,#2539,.F.);
#3423=ORIENTED_EDGE('',*,*,#2540,.T.);
#3424=ORIENTED_EDGE('',*,*,#2541,.F.);
#3425=ORIENTED_EDGE('',*,*,#2533,.T.);
#3426=ORIENTED_EDGE('',*,*,#2542,.T.);
#3427=ORIENTED_EDGE('',*,*,#2543,.T.);
#3428=ORIENTED_EDGE('',*,*,#2544,.T.);
#3429=ORIENTED_EDGE('',*,*,#2545,.T.);
#3430=ORIENTED_EDGE('',*,*,#2544,.F.);
#3431=ORIENTED_EDGE('',*,*,#2546,.T.);
#3432=ORIENTED_EDGE('',*,*,#2547,.F.);
#3433=ORIENTED_EDGE('',*,*,#2548,.T.);
#3434=ORIENTED_EDGE('',*,*,#2549,.F.);
#3435=ORIENTED_EDGE('',*,*,#2550,.T.);
#3436=ORIENTED_EDGE('',*,*,#2551,.F.);
#3437=ORIENTED_EDGE('',*,*,#2552,.T.);
#3438=ORIENTED_EDGE('',*,*,#2543,.F.);
#3439=ORIENTED_EDGE('',*,*,#2553,.T.);
#3440=ORIENTED_EDGE('',*,*,#2554,.F.);
#3441=ORIENTED_EDGE('',*,*,#2546,.F.);
#3442=ORIENTED_EDGE('',*,*,#2547,.T.);
#3443=ORIENTED_EDGE('',*,*,#2554,.T.);
#3444=ORIENTED_EDGE('',*,*,#2555,.T.);
#3445=ORIENTED_EDGE('',*,*,#2556,.T.);
#3446=ORIENTED_EDGE('',*,*,#2557,.T.);
#3447=ORIENTED_EDGE('',*,*,#2518,.T.);
#3448=ORIENTED_EDGE('',*,*,#2525,.T.);
#3449=ORIENTED_EDGE('',*,*,#2558,.T.);
#3450=ORIENTED_EDGE('',*,*,#2558,.F.);
#3451=ORIENTED_EDGE('',*,*,#2524,.F.);
#3452=ORIENTED_EDGE('',*,*,#2559,.F.);
#3453=ORIENTED_EDGE('',*,*,#2296,.F.);
#3454=ORIENTED_EDGE('',*,*,#2220,.F.);
#3455=ORIENTED_EDGE('',*,*,#2170,.T.);
#3456=ORIENTED_EDGE('',*,*,#2560,.F.);
#3457=ORIENTED_EDGE('',*,*,#2561,.T.);
#3458=ORIENTED_EDGE('',*,*,#2534,.T.);
#3459=ORIENTED_EDGE('',*,*,#2541,.T.);
#3460=ORIENTED_EDGE('',*,*,#2562,.T.);
#3461=ORIENTED_EDGE('',*,*,#2562,.F.);
#3462=ORIENTED_EDGE('',*,*,#2540,.F.);
#3463=ORIENTED_EDGE('',*,*,#2563,.F.);
#3464=ORIENTED_EDGE('',*,*,#2286,.F.);
#3465=ORIENTED_EDGE('',*,*,#2214,.F.);
#3466=ORIENTED_EDGE('',*,*,#2178,.T.);
#3467=ORIENTED_EDGE('',*,*,#2564,.F.);
#3468=ORIENTED_EDGE('',*,*,#2565,.T.);
#3469=ORIENTED_EDGE('',*,*,#2566,.T.);
#3470=ORIENTED_EDGE('',*,*,#2567,.T.);
#3471=ORIENTED_EDGE('',*,*,#2568,.T.);
#3472=ORIENTED_EDGE('',*,*,#2566,.F.);
#3473=ORIENTED_EDGE('',*,*,#2569,.F.);
#3474=ORIENTED_EDGE('',*,*,#2570,.F.);
#3475=ORIENTED_EDGE('',*,*,#2571,.T.);
#3476=ORIENTED_EDGE('',*,*,#2565,.F.);
#3477=ORIENTED_EDGE('',*,*,#2572,.T.);
#3478=ORIENTED_EDGE('',*,*,#2573,.F.);
#3479=ORIENTED_EDGE('',*,*,#2574,.T.);
#3480=ORIENTED_EDGE('',*,*,#2575,.F.);
#3481=ORIENTED_EDGE('',*,*,#2576,.T.);
#3482=ORIENTED_EDGE('',*,*,#2577,.F.);
#3483=ORIENTED_EDGE('',*,*,#2569,.T.);
#3484=ORIENTED_EDGE('',*,*,#2578,.T.);
#3485=ORIENTED_EDGE('',*,*,#2570,.T.);
#3486=ORIENTED_EDGE('',*,*,#2577,.T.);
#3487=ORIENTED_EDGE('',*,*,#2579,.T.);
#3488=ORIENTED_EDGE('',*,*,#2579,.F.);
#3489=ORIENTED_EDGE('',*,*,#2576,.F.);
#3490=ORIENTED_EDGE('',*,*,#2580,.F.);
#3491=ORIENTED_EDGE('',*,*,#2281,.F.);
#3492=ORIENTED_EDGE('',*,*,#2128,.F.);
#3493=ORIENTED_EDGE('',*,*,#2132,.T.);
#3494=ORIENTED_EDGE('',*,*,#2581,.F.);
#3495=ORIENTED_EDGE('',*,*,#2582,.T.);
#3496=ORIENTED_EDGE('',*,*,#2583,.T.);
#3497=ORIENTED_EDGE('',*,*,#2088,.T.);
#3498=ORIENTED_EDGE('',*,*,#2584,.T.);
#3499=ORIENTED_EDGE('',*,*,#2583,.F.);
#3500=ORIENTED_EDGE('',*,*,#2585,.F.);
#3501=ORIENTED_EDGE('',*,*,#2586,.T.);
#3502=ORIENTED_EDGE('',*,*,#2089,.T.);
#3503=ORIENTED_EDGE('',*,*,#2057,.F.);
#3504=ORIENTED_EDGE('',*,*,#2587,.T.);
#3505=ORIENTED_EDGE('',*,*,#2585,.T.);
#3506=ORIENTED_EDGE('',*,*,#2582,.F.);
#3507=ORIENTED_EDGE('',*,*,#2588,.T.);
#3508=ORIENTED_EDGE('',*,*,#2589,.F.);
#3509=ORIENTED_EDGE('',*,*,#2063,.T.);
#3510=ORIENTED_EDGE('',*,*,#2589,.T.);
#3511=ORIENTED_EDGE('',*,*,#2590,.T.);
#3512=ORIENTED_EDGE('',*,*,#2311,.T.);
#3513=ORIENTED_EDGE('',*,*,#2064,.T.);
#3514=ORIENTED_EDGE('',*,*,#2575,.T.);
#3515=ORIENTED_EDGE('',*,*,#2591,.T.);
#3516=ORIENTED_EDGE('',*,*,#2282,.T.);
#3517=ORIENTED_EDGE('',*,*,#2580,.T.);
#3518=ORIENTED_EDGE('',*,*,#2591,.F.);
#3519=ORIENTED_EDGE('',*,*,#2574,.F.);
#3520=ORIENTED_EDGE('',*,*,#2592,.F.);
#3521=ORIENTED_EDGE('',*,*,#2283,.T.);
#3522=ORIENTED_EDGE('',*,*,#2573,.T.);
#3523=ORIENTED_EDGE('',*,*,#2593,.T.);
#3524=ORIENTED_EDGE('',*,*,#2284,.T.);
#3525=ORIENTED_EDGE('',*,*,#2592,.T.);
#3526=ORIENTED_EDGE('',*,*,#2539,.T.);
#3527=ORIENTED_EDGE('',*,*,#2594,.T.);
#3528=ORIENTED_EDGE('',*,*,#2287,.T.);
#3529=ORIENTED_EDGE('',*,*,#2563,.T.);
#3530=ORIENTED_EDGE('',*,*,#2594,.F.);
#3531=ORIENTED_EDGE('',*,*,#2538,.F.);
#3532=ORIENTED_EDGE('',*,*,#2595,.F.);
#3533=ORIENTED_EDGE('',*,*,#2288,.T.);
#3534=ORIENTED_EDGE('',*,*,#2537,.T.);
#3535=ORIENTED_EDGE('',*,*,#2596,.T.);
#3536=ORIENTED_EDGE('',*,*,#2289,.T.);
#3537=ORIENTED_EDGE('',*,*,#2595,.T.);
#3538=ORIENTED_EDGE('',*,*,#2551,.T.);
#3539=ORIENTED_EDGE('',*,*,#2597,.T.);
#3540=ORIENTED_EDGE('',*,*,#2292,.T.);
#3541=ORIENTED_EDGE('',*,*,#2598,.T.);
#3542=ORIENTED_EDGE('',*,*,#2597,.F.);
#3543=ORIENTED_EDGE('',*,*,#2550,.F.);
#3544=ORIENTED_EDGE('',*,*,#2599,.F.);
#3545=ORIENTED_EDGE('',*,*,#2293,.T.);
#3546=ORIENTED_EDGE('',*,*,#2549,.T.);
#3547=ORIENTED_EDGE('',*,*,#2600,.T.);
#3548=ORIENTED_EDGE('',*,*,#2294,.T.);
#3549=ORIENTED_EDGE('',*,*,#2599,.T.);
#3550=ORIENTED_EDGE('',*,*,#2523,.T.);
#3551=ORIENTED_EDGE('',*,*,#2601,.T.);
#3552=ORIENTED_EDGE('',*,*,#2297,.T.);
#3553=ORIENTED_EDGE('',*,*,#2559,.T.);
#3554=ORIENTED_EDGE('',*,*,#2601,.F.);
#3555=ORIENTED_EDGE('',*,*,#2522,.F.);
#3556=ORIENTED_EDGE('',*,*,#2602,.F.);
#3557=ORIENTED_EDGE('',*,*,#2298,.T.);
#3558=ORIENTED_EDGE('',*,*,#2521,.T.);
#3559=ORIENTED_EDGE('',*,*,#2603,.T.);
#3560=ORIENTED_EDGE('',*,*,#2299,.T.);
#3561=ORIENTED_EDGE('',*,*,#2602,.T.);
#3562=ORIENTED_EDGE('',*,*,#2019,.T.);
#3563=ORIENTED_EDGE('',*,*,#2029,.T.);
#3564=ORIENTED_EDGE('',*,*,#2302,.T.);
#3565=ORIENTED_EDGE('',*,*,#2528,.T.);
#3566=ORIENTED_EDGE('',*,*,#2442,.T.);
#3567=ORIENTED_EDGE('',*,*,#2604,.T.);
#3568=ORIENTED_EDGE('',*,*,#2275,.T.);
#3569=ORIENTED_EDGE('',*,*,#2038,.T.);
#3570=ORIENTED_EDGE('',*,*,#2452,.T.);
#3571=ORIENTED_EDGE('',*,*,#2605,.T.);
#3572=ORIENTED_EDGE('',*,*,#2246,.T.);
#3573=ORIENTED_EDGE('',*,*,#2606,.T.);
#3574=ORIENTED_EDGE('',*,*,#2605,.F.);
#3575=ORIENTED_EDGE('',*,*,#2451,.F.);
#3576=ORIENTED_EDGE('',*,*,#2607,.F.);
#3577=ORIENTED_EDGE('',*,*,#2247,.T.);
#3578=ORIENTED_EDGE('',*,*,#2450,.T.);
#3579=ORIENTED_EDGE('',*,*,#2608,.T.);
#3580=ORIENTED_EDGE('',*,*,#2248,.T.);
#3581=ORIENTED_EDGE('',*,*,#2607,.T.);
#3582=ORIENTED_EDGE('',*,*,#2467,.T.);
#3583=ORIENTED_EDGE('',*,*,#2609,.T.);
#3584=ORIENTED_EDGE('',*,*,#2251,.T.);
#3585=ORIENTED_EDGE('',*,*,#2610,.T.);
#3586=ORIENTED_EDGE('',*,*,#2609,.F.);
#3587=ORIENTED_EDGE('',*,*,#2466,.F.);
#3588=ORIENTED_EDGE('',*,*,#2611,.F.);
#3589=ORIENTED_EDGE('',*,*,#2252,.T.);
#3590=ORIENTED_EDGE('',*,*,#2465,.T.);
#3591=ORIENTED_EDGE('',*,*,#2612,.T.);
#3592=ORIENTED_EDGE('',*,*,#2253,.T.);
#3593=ORIENTED_EDGE('',*,*,#2611,.T.);
#3594=ORIENTED_EDGE('',*,*,#2482,.T.);
#3595=ORIENTED_EDGE('',*,*,#2613,.T.);
#3596=ORIENTED_EDGE('',*,*,#2256,.T.);
#3597=ORIENTED_EDGE('',*,*,#2614,.T.);
#3598=ORIENTED_EDGE('',*,*,#2613,.F.);
#3599=ORIENTED_EDGE('',*,*,#2481,.F.);
#3600=ORIENTED_EDGE('',*,*,#2615,.F.);
#3601=ORIENTED_EDGE('',*,*,#2257,.T.);
#3602=ORIENTED_EDGE('',*,*,#2480,.T.);
#3603=ORIENTED_EDGE('',*,*,#2616,.T.);
#3604=ORIENTED_EDGE('',*,*,#2258,.T.);
#3605=ORIENTED_EDGE('',*,*,#2615,.T.);
#3606=ORIENTED_EDGE('',*,*,#2497,.T.);
#3607=ORIENTED_EDGE('',*,*,#2617,.T.);
#3608=ORIENTED_EDGE('',*,*,#2261,.T.);
#3609=ORIENTED_EDGE('',*,*,#2618,.T.);
#3610=ORIENTED_EDGE('',*,*,#2617,.F.);
#3611=ORIENTED_EDGE('',*,*,#2496,.F.);
#3612=ORIENTED_EDGE('',*,*,#2619,.F.);
#3613=ORIENTED_EDGE('',*,*,#2262,.T.);
#3614=ORIENTED_EDGE('',*,*,#2495,.T.);
#3615=ORIENTED_EDGE('',*,*,#2620,.T.);
#3616=ORIENTED_EDGE('',*,*,#2263,.T.);
#3617=ORIENTED_EDGE('',*,*,#2619,.T.);
#3618=ORIENTED_EDGE('',*,*,#2507,.T.);
#3619=ORIENTED_EDGE('',*,*,#2052,.T.);
#3620=ORIENTED_EDGE('',*,*,#2266,.T.);
#3621=ORIENTED_EDGE('',*,*,#2621,.T.);
#3622=ORIENTED_EDGE('',*,*,#2506,.F.);
#3623=ORIENTED_EDGE('',*,*,#2508,.F.);
#3624=ORIENTED_EDGE('',*,*,#2621,.F.);
#3625=ORIENTED_EDGE('',*,*,#2265,.F.);
#3626=ORIENTED_EDGE('',*,*,#2238,.F.);
#3627=ORIENTED_EDGE('',*,*,#2142,.T.);
#3628=ORIENTED_EDGE('',*,*,#2622,.F.);
#3629=ORIENTED_EDGE('',*,*,#2623,.T.);
#3630=ORIENTED_EDGE('',*,*,#2134,.F.);
#3631=ORIENTED_EDGE('',*,*,#2310,.T.);
#3632=ORIENTED_EDGE('',*,*,#2624,.F.);
#3633=ORIENTED_EDGE('',*,*,#2140,.F.);
#3634=ORIENTED_EDGE('',*,*,#2625,.T.);
#3635=ORIENTED_EDGE('',*,*,#2626,.F.);
#3636=ORIENTED_EDGE('',*,*,#2267,.T.);
#3637=ORIENTED_EDGE('',*,*,#2104,.T.);
#3638=ORIENTED_EDGE('',*,*,#2627,.T.);
#3639=ORIENTED_EDGE('',*,*,#2303,.T.);
#3640=ORIENTED_EDGE('',*,*,#2165,.F.);
#3641=ORIENTED_EDGE('',*,*,#2353,.F.);
#3642=ORIENTED_EDGE('',*,*,#2304,.F.);
#3643=ORIENTED_EDGE('',*,*,#2627,.F.);
#3644=ORIENTED_EDGE('',*,*,#2112,.F.);
#3645=ORIENTED_EDGE('',*,*,#2628,.F.);
#3646=ORIENTED_EDGE('',*,*,#2273,.F.);
#3647=ORIENTED_EDGE('',*,*,#2161,.F.);
#3648=ORIENTED_EDGE('',*,*,#2274,.T.);
#3649=ORIENTED_EDGE('',*,*,#2628,.T.);
#3650=ORIENTED_EDGE('',*,*,#2120,.T.);
#3651=ORIENTED_EDGE('',*,*,#2626,.T.);
#3652=ORIENTED_EDGE('',*,*,#2078,.F.);
#3653=ORIENTED_EDGE('',*,*,#2624,.T.);
#3654=ORIENTED_EDGE('',*,*,#2309,.F.);
#3655=ORIENTED_EDGE('',*,*,#2326,.F.);
#3656=ORIENTED_EDGE('',*,*,#2268,.F.);
#3657=ORIENTED_EDGE('',*,*,#2323,.T.);
#3658=ORIENTED_EDGE('',*,*,#2347,.F.);
#3659=ORIENTED_EDGE('',*,*,#2349,.F.);
#3660=ORIENTED_EDGE('',*,*,#2352,.F.);
#3661=ORIENTED_EDGE('',*,*,#2354,.T.);
#3662=ORIENTED_EDGE('',*,*,#2350,.F.);
#3663=ORIENTED_EDGE('',*,*,#2337,.T.);
#3664=ORIENTED_EDGE('',*,*,#2345,.F.);
#3665=ORIENTED_EDGE('',*,*,#2526,.F.);
#3666=ORIENTED_EDGE('',*,*,#2095,.T.);
#3667=ORIENTED_EDGE('',*,*,#2629,.T.);
#3668=ORIENTED_EDGE('',*,*,#2022,.F.);
#3669=ORIENTED_EDGE('',*,*,#2515,.F.);
#3670=ORIENTED_EDGE('',*,*,#2519,.F.);
#3671=ORIENTED_EDGE('',*,*,#2557,.F.);
#3672=ORIENTED_EDGE('',*,*,#2560,.T.);
#3673=ORIENTED_EDGE('',*,*,#2169,.T.);
#3674=ORIENTED_EDGE('',*,*,#2630,.T.);
#3675=ORIENTED_EDGE('',*,*,#2567,.F.);
#3676=ORIENTED_EDGE('',*,*,#2571,.F.);
#3677=ORIENTED_EDGE('',*,*,#2578,.F.);
#3678=ORIENTED_EDGE('',*,*,#2581,.T.);
#3679=ORIENTED_EDGE('',*,*,#2181,.T.);
#3680=ORIENTED_EDGE('',*,*,#2631,.T.);
#3681=ORIENTED_EDGE('',*,*,#2531,.F.);
#3682=ORIENTED_EDGE('',*,*,#2535,.F.);
#3683=ORIENTED_EDGE('',*,*,#2561,.F.);
#3684=ORIENTED_EDGE('',*,*,#2564,.T.);
#3685=ORIENTED_EDGE('',*,*,#2177,.T.);
#3686=ORIENTED_EDGE('',*,*,#2632,.T.);
#3687=ORIENTED_EDGE('',*,*,#2542,.F.);
#3688=ORIENTED_EDGE('',*,*,#2633,.T.);
#3689=ORIENTED_EDGE('',*,*,#2173,.T.);
#3690=ORIENTED_EDGE('',*,*,#2634,.T.);
#3691=ORIENTED_EDGE('',*,*,#2555,.F.);
#3692=ORIENTED_EDGE('',*,*,#2553,.F.);
#3693=ORIENTED_EDGE('',*,*,#2083,.F.);
#3694=ORIENTED_EDGE('',*,*,#2635,.F.);
#3695=ORIENTED_EDGE('',*,*,#2360,.F.);
#3696=ORIENTED_EDGE('',*,*,#2357,.F.);
#3697=ORIENTED_EDGE('',*,*,#2135,.F.);
#3698=ORIENTED_EDGE('',*,*,#2623,.F.);
#3699=ORIENTED_EDGE('',*,*,#2077,.F.);
#3700=ORIENTED_EDGE('',*,*,#2395,.F.);
#3701=ORIENTED_EDGE('',*,*,#2399,.T.);
#3702=ORIENTED_EDGE('',*,*,#2414,.F.);
#3703=ORIENTED_EDGE('',*,*,#2416,.T.);
#3704=ORIENTED_EDGE('',*,*,#2410,.F.);
#3705=ORIENTED_EDGE('',*,*,#2413,.T.);
#3706=ORIENTED_EDGE('',*,*,#2400,.F.);
#3707=ORIENTED_EDGE('',*,*,#2403,.T.);
#3708=ORIENTED_EDGE('',*,*,#2377,.F.);
#3709=ORIENTED_EDGE('',*,*,#2381,.T.);
#3710=ORIENTED_EDGE('',*,*,#2428,.F.);
#3711=ORIENTED_EDGE('',*,*,#2430,.T.);
#3712=ORIENTED_EDGE('',*,*,#2424,.F.);
#3713=ORIENTED_EDGE('',*,*,#2427,.T.);
#3714=ORIENTED_EDGE('',*,*,#2382,.F.);
#3715=ORIENTED_EDGE('',*,*,#2385,.T.);
#3716=ORIENTED_EDGE('',*,*,#2386,.F.);
#3717=ORIENTED_EDGE('',*,*,#2390,.T.);
#3718=ORIENTED_EDGE('',*,*,#2421,.F.);
#3719=ORIENTED_EDGE('',*,*,#2423,.T.);
#3720=ORIENTED_EDGE('',*,*,#2417,.F.);
#3721=ORIENTED_EDGE('',*,*,#2420,.T.);
#3722=ORIENTED_EDGE('',*,*,#2391,.F.);
#3723=ORIENTED_EDGE('',*,*,#2394,.T.);
#3724=ORIENTED_EDGE('',*,*,#2070,.F.);
#3725=ORIENTED_EDGE('',*,*,#2636,.F.);
#3726=ORIENTED_EDGE('',*,*,#2511,.F.);
#3727=ORIENTED_EDGE('',*,*,#2503,.F.);
#3728=ORIENTED_EDGE('',*,*,#2622,.T.);
#3729=ORIENTED_EDGE('',*,*,#2141,.T.);
#3730=ORIENTED_EDGE('',*,*,#2050,.F.);
#3731=ORIENTED_EDGE('',*,*,#2049,.F.);
#3732=ORIENTED_EDGE('',*,*,#2443,.F.);
#3733=ORIENTED_EDGE('',*,*,#2637,.T.);
#3734=ORIENTED_EDGE('',*,*,#2157,.T.);
#3735=ORIENTED_EDGE('',*,*,#2638,.T.);
#3736=ORIENTED_EDGE('',*,*,#2456,.F.);
#3737=ORIENTED_EDGE('',*,*,#2454,.F.);
#3738=ORIENTED_EDGE('',*,*,#2488,.F.);
#3739=ORIENTED_EDGE('',*,*,#2639,.T.);
#3740=ORIENTED_EDGE('',*,*,#2145,.T.);
#3741=ORIENTED_EDGE('',*,*,#2640,.T.);
#3742=ORIENTED_EDGE('',*,*,#2501,.F.);
#3743=ORIENTED_EDGE('',*,*,#2499,.F.);
#3744=ORIENTED_EDGE('',*,*,#2458,.F.);
#3745=ORIENTED_EDGE('',*,*,#2641,.T.);
#3746=ORIENTED_EDGE('',*,*,#2153,.T.);
#3747=ORIENTED_EDGE('',*,*,#2642,.T.);
#3748=ORIENTED_EDGE('',*,*,#2471,.F.);
#3749=ORIENTED_EDGE('',*,*,#2469,.F.);
#3750=ORIENTED_EDGE('',*,*,#2473,.F.);
#3751=ORIENTED_EDGE('',*,*,#2643,.T.);
#3752=ORIENTED_EDGE('',*,*,#2149,.T.);
#3753=ORIENTED_EDGE('',*,*,#2644,.T.);
#3754=ORIENTED_EDGE('',*,*,#2486,.F.);
#3755=ORIENTED_EDGE('',*,*,#2484,.F.);
#3756=ORIENTED_EDGE('',*,*,#2074,.F.);
#3757=ORIENTED_EDGE('',*,*,#2079,.F.);
#3758=ORIENTED_EDGE('',*,*,#2625,.F.);
#3759=ORIENTED_EDGE('',*,*,#2139,.F.);
#3760=ORIENTED_EDGE('',*,*,#2431,.F.);
#3761=ORIENTED_EDGE('',*,*,#2362,.F.);
#3762=ORIENTED_EDGE('',*,*,#2645,.F.);
#3763=ORIENTED_EDGE('',*,*,#2433,.F.);
#3764=ORIENTED_EDGE('',*,*,#2200,.F.);
#3765=ORIENTED_EDGE('',*,*,#2434,.F.);
#3766=ORIENTED_EDGE('',*,*,#2371,.F.);
#3767=ORIENTED_EDGE('',*,*,#2457,.F.);
#3768=ORIENTED_EDGE('',*,*,#2638,.F.);
#3769=ORIENTED_EDGE('',*,*,#2156,.T.);
#3770=ORIENTED_EDGE('',*,*,#2231,.T.);
#3771=ORIENTED_EDGE('',*,*,#2249,.F.);
#3772=ORIENTED_EDGE('',*,*,#2608,.F.);
#3773=ORIENTED_EDGE('',*,*,#2449,.F.);
#3774=ORIENTED_EDGE('',*,*,#2446,.F.);
#3775=ORIENTED_EDGE('',*,*,#2453,.F.);
#3776=ORIENTED_EDGE('',*,*,#2606,.F.);
#3777=ORIENTED_EDGE('',*,*,#2245,.F.);
#3778=ORIENTED_EDGE('',*,*,#2226,.F.);
#3779=ORIENTED_EDGE('',*,*,#2158,.T.);
#3780=ORIENTED_EDGE('',*,*,#2637,.F.);
#3781=ORIENTED_EDGE('',*,*,#2516,.F.);
#3782=ORIENTED_EDGE('',*,*,#2630,.F.);
#3783=ORIENTED_EDGE('',*,*,#2168,.T.);
#3784=ORIENTED_EDGE('',*,*,#2225,.T.);
#3785=ORIENTED_EDGE('',*,*,#2300,.F.);
#3786=ORIENTED_EDGE('',*,*,#2603,.F.);
#3787=ORIENTED_EDGE('',*,*,#2520,.F.);
#3788=ORIENTED_EDGE('',*,*,#2502,.F.);
#3789=ORIENTED_EDGE('',*,*,#2640,.F.);
#3790=ORIENTED_EDGE('',*,*,#2144,.T.);
#3791=ORIENTED_EDGE('',*,*,#2240,.T.);
#3792=ORIENTED_EDGE('',*,*,#2264,.F.);
#3793=ORIENTED_EDGE('',*,*,#2620,.F.);
#3794=ORIENTED_EDGE('',*,*,#2494,.F.);
#3795=ORIENTED_EDGE('',*,*,#2491,.F.);
#3796=ORIENTED_EDGE('',*,*,#2498,.F.);
#3797=ORIENTED_EDGE('',*,*,#2618,.F.);
#3798=ORIENTED_EDGE('',*,*,#2260,.F.);
#3799=ORIENTED_EDGE('',*,*,#2235,.F.);
#3800=ORIENTED_EDGE('',*,*,#2146,.T.);
#3801=ORIENTED_EDGE('',*,*,#2639,.F.);
#3802=ORIENTED_EDGE('',*,*,#2568,.F.);
#3803=ORIENTED_EDGE('',*,*,#2631,.F.);
#3804=ORIENTED_EDGE('',*,*,#2180,.T.);
#3805=ORIENTED_EDGE('',*,*,#2216,.T.);
#3806=ORIENTED_EDGE('',*,*,#2285,.F.);
#3807=ORIENTED_EDGE('',*,*,#2593,.F.);
#3808=ORIENTED_EDGE('',*,*,#2572,.F.);
#3809=ORIENTED_EDGE('',*,*,#2487,.F.);
#3810=ORIENTED_EDGE('',*,*,#2644,.F.);
#3811=ORIENTED_EDGE('',*,*,#2148,.T.);
#3812=ORIENTED_EDGE('',*,*,#2237,.T.);
#3813=ORIENTED_EDGE('',*,*,#2259,.F.);
#3814=ORIENTED_EDGE('',*,*,#2616,.F.);
#3815=ORIENTED_EDGE('',*,*,#2479,.F.);
#3816=ORIENTED_EDGE('',*,*,#2476,.F.);
#3817=ORIENTED_EDGE('',*,*,#2483,.F.);
#3818=ORIENTED_EDGE('',*,*,#2614,.F.);
#3819=ORIENTED_EDGE('',*,*,#2255,.F.);
#3820=ORIENTED_EDGE('',*,*,#2232,.F.);
#3821=ORIENTED_EDGE('',*,*,#2150,.T.);
#3822=ORIENTED_EDGE('',*,*,#2643,.F.);
#3823=ORIENTED_EDGE('',*,*,#2532,.F.);
#3824=ORIENTED_EDGE('',*,*,#2632,.F.);
#3825=ORIENTED_EDGE('',*,*,#2176,.T.);
#3826=ORIENTED_EDGE('',*,*,#2219,.T.);
#3827=ORIENTED_EDGE('',*,*,#2290,.F.);
#3828=ORIENTED_EDGE('',*,*,#2596,.F.);
#3829=ORIENTED_EDGE('',*,*,#2536,.F.);
#3830=ORIENTED_EDGE('',*,*,#2056,.F.);
#3831=ORIENTED_EDGE('',*,*,#2062,.F.);
#3832=ORIENTED_EDGE('',*,*,#2084,.F.);
#3833=ORIENTED_EDGE('',*,*,#2090,.T.);
#3834=ORIENTED_EDGE('',*,*,#2586,.F.);
#3835=ORIENTED_EDGE('',*,*,#2587,.F.);
#3836=ORIENTED_EDGE('',*,*,#2017,.F.);
#3837=ORIENTED_EDGE('',*,*,#2646,.F.);
#3838=ORIENTED_EDGE('',*,*,#2091,.F.);
#3839=ORIENTED_EDGE('',*,*,#2024,.T.);
#3840=ORIENTED_EDGE('',*,*,#2016,.F.);
#3841=ORIENTED_EDGE('',*,*,#2023,.F.);
#3842=ORIENTED_EDGE('',*,*,#2629,.F.);
#3843=ORIENTED_EDGE('',*,*,#2094,.T.);
#3844=ORIENTED_EDGE('',*,*,#2092,.F.);
#3845=ORIENTED_EDGE('',*,*,#2646,.T.);
#3846=ORIENTED_EDGE('',*,*,#2030,.F.);
#3847=ORIENTED_EDGE('',*,*,#2036,.T.);
#3848=ORIENTED_EDGE('',*,*,#2121,.F.);
#3849=ORIENTED_EDGE('',*,*,#2127,.T.);
#3850=ORIENTED_EDGE('',*,*,#2439,.F.);
#3851=ORIENTED_EDGE('',*,*,#2440,.F.);
#3852=ORIENTED_EDGE('',*,*,#2045,.F.);
#3853=ORIENTED_EDGE('',*,*,#2510,.F.);
#3854=ORIENTED_EDGE('',*,*,#2512,.F.);
#3855=ORIENTED_EDGE('',*,*,#2636,.T.);
#3856=ORIENTED_EDGE('',*,*,#2069,.F.);
#3857=ORIENTED_EDGE('',*,*,#2054,.F.);
#3858=ORIENTED_EDGE('',*,*,#2099,.F.);
#3859=ORIENTED_EDGE('',*,*,#2108,.T.);
#3860=ORIENTED_EDGE('',*,*,#2408,.F.);
#3861=ORIENTED_EDGE('',*,*,#2116,.T.);
#3862=ORIENTED_EDGE('',*,*,#2114,.F.);
#3863=ORIENTED_EDGE('',*,*,#2647,.T.);
#3864=ORIENTED_EDGE('',*,*,#2071,.F.);
#3865=ORIENTED_EDGE('',*,*,#2645,.T.);
#3866=ORIENTED_EDGE('',*,*,#2361,.F.);
#3867=ORIENTED_EDGE('',*,*,#2635,.T.);
#3868=ORIENTED_EDGE('',*,*,#2082,.F.);
#3869=ORIENTED_EDGE('',*,*,#2080,.F.);
#3870=ORIENTED_EDGE('',*,*,#2100,.F.);
#3871=ORIENTED_EDGE('',*,*,#2647,.F.);
#3872=ORIENTED_EDGE('',*,*,#2113,.F.);
#3873=ORIENTED_EDGE('',*,*,#2109,.T.);
#3874=ORIENTED_EDGE('',*,*,#2437,.F.);
#3875=ORIENTED_EDGE('',*,*,#2124,.F.);
#3876=ORIENTED_EDGE('',*,*,#2160,.T.);
#3877=ORIENTED_EDGE('',*,*,#2228,.T.);
#3878=ORIENTED_EDGE('',*,*,#2276,.T.);
#3879=ORIENTED_EDGE('',*,*,#2604,.F.);
#3880=ORIENTED_EDGE('',*,*,#2441,.F.);
#3881=ORIENTED_EDGE('',*,*,#2584,.F.);
#3882=ORIENTED_EDGE('',*,*,#2087,.F.);
#3883=ORIENTED_EDGE('',*,*,#2133,.T.);
#3884=ORIENTED_EDGE('',*,*,#2130,.T.);
#3885=ORIENTED_EDGE('',*,*,#2312,.F.);
#3886=ORIENTED_EDGE('',*,*,#2590,.F.);
#3887=ORIENTED_EDGE('',*,*,#2588,.F.);
#3888=ORIENTED_EDGE('',*,*,#2472,.F.);
#3889=ORIENTED_EDGE('',*,*,#2642,.F.);
#3890=ORIENTED_EDGE('',*,*,#2152,.T.);
#3891=ORIENTED_EDGE('',*,*,#2234,.T.);
#3892=ORIENTED_EDGE('',*,*,#2254,.F.);
#3893=ORIENTED_EDGE('',*,*,#2612,.F.);
#3894=ORIENTED_EDGE('',*,*,#2464,.F.);
#3895=ORIENTED_EDGE('',*,*,#2545,.F.);
#3896=ORIENTED_EDGE('',*,*,#2552,.F.);
#3897=ORIENTED_EDGE('',*,*,#2598,.F.);
#3898=ORIENTED_EDGE('',*,*,#2291,.F.);
#3899=ORIENTED_EDGE('',*,*,#2217,.F.);
#3900=ORIENTED_EDGE('',*,*,#2174,.T.);
#3901=ORIENTED_EDGE('',*,*,#2633,.F.);
#3902=ORIENTED_EDGE('',*,*,#2461,.F.);
#3903=ORIENTED_EDGE('',*,*,#2468,.F.);
#3904=ORIENTED_EDGE('',*,*,#2610,.F.);
#3905=ORIENTED_EDGE('',*,*,#2250,.F.);
#3906=ORIENTED_EDGE('',*,*,#2229,.F.);
#3907=ORIENTED_EDGE('',*,*,#2154,.T.);
#3908=ORIENTED_EDGE('',*,*,#2641,.F.);
#3909=ORIENTED_EDGE('',*,*,#2556,.F.);
#3910=ORIENTED_EDGE('',*,*,#2634,.F.);
#3911=ORIENTED_EDGE('',*,*,#2172,.T.);
#3912=ORIENTED_EDGE('',*,*,#2222,.T.);
#3913=ORIENTED_EDGE('',*,*,#2295,.F.);
#3914=ORIENTED_EDGE('',*,*,#2600,.F.);
#3915=ORIENTED_EDGE('',*,*,#2548,.F.);
#3916=CYLINDRICAL_SURFACE('',#4247,2.);
#3917=CYLINDRICAL_SURFACE('',#4256,2.);
#3918=CYLINDRICAL_SURFACE('',#4262,2.);
#3919=CYLINDRICAL_SURFACE('',#4268,2.);
#3920=CYLINDRICAL_SURFACE('',#4274,2.);
#3921=CYLINDRICAL_SURFACE('',#4276,2.);
#3922=CYLINDRICAL_SURFACE('',#4282,2.);
#3923=CYLINDRICAL_SURFACE('',#4284,2.);
#3924=CYLINDRICAL_SURFACE('',#4290,2.);
#3925=CYLINDRICAL_SURFACE('',#4296,2.);
#3926=CYLINDRICAL_SURFACE('',#4304,2.);
#3927=CYLINDRICAL_SURFACE('',#4309,2.);
#3928=CYLINDRICAL_SURFACE('',#4318,102.18181818182);
#3929=CYLINDRICAL_SURFACE('',#4365,2.);
#3930=CYLINDRICAL_SURFACE('',#4379,2.);
#3931=CYLINDRICAL_SURFACE('',#4393,2.);
#3932=CYLINDRICAL_SURFACE('',#4399,2.);
#3933=CYLINDRICAL_SURFACE('',#4405,2.);
#3934=CYLINDRICAL_SURFACE('',#4407,2.);
#3935=CYLINDRICAL_SURFACE('',#4416,2.);
#3936=CYLINDRICAL_SURFACE('',#4418,108.181818181818);
#3937=CYLINDRICAL_SURFACE('',#4421,2.);
#3938=CYLINDRICAL_SURFACE('',#4424,108.181818181818);
#3939=CYLINDRICAL_SURFACE('',#4426,2.);
#3940=CYLINDRICAL_SURFACE('',#4428,2.);
#3941=CYLINDRICAL_SURFACE('',#4430,2.);
#3942=CYLINDRICAL_SURFACE('',#4433,2.);
#3943=CYLINDRICAL_SURFACE('',#4435,2.);
#3944=CYLINDRICAL_SURFACE('',#4438,2.);
#3945=CYLINDRICAL_SURFACE('',#4440,2.);
#3946=CYLINDRICAL_SURFACE('',#4443,2.);
#3947=CYLINDRICAL_SURFACE('',#4444,108.181818181818);
#3948=CYLINDRICAL_SURFACE('',#4446,2.);
#3949=CYLINDRICAL_SURFACE('',#4447,2.);
#3950=CYLINDRICAL_SURFACE('',#4449,2.);
#3951=CYLINDRICAL_SURFACE('',#4452,2.);
#3952=CYLINDRICAL_SURFACE('',#4454,2.);
#3953=CYLINDRICAL_SURFACE('',#4457,2.);
#3954=CYLINDRICAL_SURFACE('',#4459,2.);
#3955=CYLINDRICAL_SURFACE('',#4462,2.);
#3956=CYLINDRICAL_SURFACE('',#4463,2.);
#3957=CYLINDRICAL_SURFACE('',#4465,2.);
#3958=CYLINDRICAL_SURFACE('',#4466,2.);
#3959=CYLINDRICAL_SURFACE('',#4468,108.181818181818);
#3960=CYLINDRICAL_SURFACE('',#4472,2.);
#3961=CYLINDRICAL_SURFACE('',#4480,108.181818181818);
#3962=CYLINDRICAL_SURFACE('',#4482,2.);
#3963=CYLINDRICAL_SURFACE('',#4484,2.);
#3964=CYLINDRICAL_SURFACE('',#4492,108.181818181818);
#3965=CYLINDRICAL_SURFACE('',#4494,2.);
#3966=CYLINDRICAL_SURFACE('',#4496,2.);
#3967=CYLINDRICAL_SURFACE('',#4504,108.181818181818);
#3968=CYLINDRICAL_SURFACE('',#4506,2.);
#3969=CYLINDRICAL_SURFACE('',#4508,2.);
#3970=CYLINDRICAL_SURFACE('',#4516,108.181818181818);
#3971=CYLINDRICAL_SURFACE('',#4518,2.);
#3972=CYLINDRICAL_SURFACE('',#4520,2.);
#3973=CYLINDRICAL_SURFACE('',#4526,108.181818181818);
#3974=CYLINDRICAL_SURFACE('',#4528,2.);
#3975=CYLINDRICAL_SURFACE('',#4531,108.181818181818);
#3976=CYLINDRICAL_SURFACE('',#4538,2.);
#3977=CYLINDRICAL_SURFACE('',#4540,2.);
#3978=CYLINDRICAL_SURFACE('',#4543,108.181818181818);
#3979=CYLINDRICAL_SURFACE('',#4550,2.);
#3980=CYLINDRICAL_SURFACE('',#4558,108.181818181818);
#3981=CYLINDRICAL_SURFACE('',#4560,2.);
#3982=CYLINDRICAL_SURFACE('',#4562,2.);
#3983=CYLINDRICAL_SURFACE('',#4565,2.);
#3984=CYLINDRICAL_SURFACE('',#4568,2.);
#3985=CYLINDRICAL_SURFACE('',#4571,108.181818181818);
#3986=CYLINDRICAL_SURFACE('',#4578,2.);
#3987=CYLINDRICAL_SURFACE('',#4581,2.);
#3988=CYLINDRICAL_SURFACE('',#4583,108.181818181818);
#3989=CYLINDRICAL_SURFACE('',#4587,2.);
#3990=CYLINDRICAL_SURFACE('',#4588,2.);
#3991=CYLINDRICAL_SURFACE('',#4590,2.);
#3992=CYLINDRICAL_SURFACE('',#4591,2.);
#3993=CYLINDRICAL_SURFACE('',#4593,2.);
#3994=CYLINDRICAL_SURFACE('',#4594,2.);
#3995=CYLINDRICAL_SURFACE('',#4596,2.);
#3996=CYLINDRICAL_SURFACE('',#4597,2.);
#3997=CYLINDRICAL_SURFACE('',#4599,2.);
#3998=CYLINDRICAL_SURFACE('',#4600,2.);
#3999=CYLINDRICAL_SURFACE('',#4601,2.);
#4000=CYLINDRICAL_SURFACE('',#4602,2.);
#4001=CYLINDRICAL_SURFACE('',#4604,2.);
#4002=CYLINDRICAL_SURFACE('',#4605,2.);
#4003=CYLINDRICAL_SURFACE('',#4607,2.);
#4004=CYLINDRICAL_SURFACE('',#4608,2.);
#4005=CYLINDRICAL_SURFACE('',#4610,2.);
#4006=CYLINDRICAL_SURFACE('',#4611,2.);
#4007=CYLINDRICAL_SURFACE('',#4613,2.);
#4008=CYLINDRICAL_SURFACE('',#4614,2.);
#4009=CYLINDRICAL_SURFACE('',#4624,108.181818181818);
#4010=CYLINDRICAL_SURFACE('',#4630,108.181818181818);
#4011=CYLINDRICAL_SURFACE('',#4631,108.181818181818);
#4012=CYLINDRICAL_SURFACE('',#4632,108.181818181818);
#4013=ADVANCED_FACE('',(#202),#3916,.T.);
#4014=ADVANCED_FACE('',(#203),#89,.T.);
#4015=ADVANCED_FACE('',(#204),#90,.T.);
#4016=ADVANCED_FACE('',(#205),#3917,.T.);
#4017=ADVANCED_FACE('',(#206),#91,.T.);
#4018=ADVANCED_FACE('',(#207),#92,.T.);
#4019=ADVANCED_FACE('',(#208),#3918,.T.);
#4020=ADVANCED_FACE('',(#209),#93,.T.);
#4021=ADVANCED_FACE('',(#210),#94,.T.);
#4022=ADVANCED_FACE('',(#211),#3919,.T.);
#4023=ADVANCED_FACE('',(#212),#95,.T.);
#4024=ADVANCED_FACE('',(#213),#96,.T.);
#4025=ADVANCED_FACE('',(#214),#3920,.T.);
#4026=ADVANCED_FACE('',(#215),#3921,.T.);
#4027=ADVANCED_FACE('',(#216),#97,.T.);
#4028=ADVANCED_FACE('',(#217),#98,.T.);
#4029=ADVANCED_FACE('',(#218),#3922,.T.);
#4030=ADVANCED_FACE('',(#219),#3923,.T.);
#4031=ADVANCED_FACE('',(#220),#99,.F.);
#4032=ADVANCED_FACE('',(#221),#3924,.T.);
#4033=ADVANCED_FACE('',(#222),#100,.F.);
#4034=ADVANCED_FACE('',(#223),#3925,.T.);
#4035=ADVANCED_FACE('',(#224),#101,.F.);
#4036=ADVANCED_FACE('',(#225),#102,.T.);
#4037=ADVANCED_FACE('',(#226),#3926,.T.);
#4038=ADVANCED_FACE('',(#227),#103,.F.);
#4039=ADVANCED_FACE('',(#228),#3927,.T.);
#4040=ADVANCED_FACE('',(#229),#104,.F.);
#4041=ADVANCED_FACE('',(#230),#79,.T.);
#4042=ADVANCED_FACE('',(#231,#15,#16,#17,#18),#3928,.T.);
#4043=ADVANCED_FACE('',(#232),#80,.T.);
#4044=ADVANCED_FACE('',(#233),#81,.T.);
#4045=ADVANCED_FACE('',(#234),#82,.T.);
#4046=ADVANCED_FACE('',(#235),#83,.T.);
#4047=ADVANCED_FACE('',(#236),#84,.T.);
#4048=ADVANCED_FACE('',(#237),#85,.T.);
#4049=ADVANCED_FACE('',(#238),#86,.T.);
#4050=ADVANCED_FACE('',(#239),#87,.T.);
#4051=ADVANCED_FACE('',(#240),#88,.T.);
#4052=ADVANCED_FACE('',(#241),#3929,.T.);
#4053=ADVANCED_FACE('',(#242),#105,.F.);
#4054=ADVANCED_FACE('',(#243),#3930,.T.);
#4055=ADVANCED_FACE('',(#244),#106,.T.);
#4056=ADVANCED_FACE('',(#245),#3931,.T.);
#4057=ADVANCED_FACE('',(#246),#107,.F.);
#4058=ADVANCED_FACE('',(#247),#108,.T.);
#4059=ADVANCED_FACE('',(#248),#3932,.T.);
#4060=ADVANCED_FACE('',(#249),#109,.F.);
#4061=ADVANCED_FACE('',(#250),#110,.T.);
#4062=ADVANCED_FACE('',(#251),#3933,.T.);
#4063=ADVANCED_FACE('',(#252),#3934,.T.);
#4064=ADVANCED_FACE('',(#253),#111,.F.);
#4065=ADVANCED_FACE('',(#254),#112,.T.);
#4066=ADVANCED_FACE('',(#255),#113,.T.);
#4067=ADVANCED_FACE('',(#256),#114,.T.);
#4068=ADVANCED_FACE('',(#257),#115,.F.);
#4069=ADVANCED_FACE('',(#258),#116,.F.);
#4070=ADVANCED_FACE('',(#259),#117,.T.);
#4071=ADVANCED_FACE('',(#260),#3935,.T.);
#4072=ADVANCED_FACE('',(#261),#118,.F.);
#4073=ADVANCED_FACE('',(#262),#3936,.T.);
#4074=ADVANCED_FACE('',(#263),#3937,.T.);
#4075=ADVANCED_FACE('',(#264),#119,.F.);
#4076=ADVANCED_FACE('',(#265),#3938,.T.);
#4077=ADVANCED_FACE('',(#266),#3939,.T.);
#4078=ADVANCED_FACE('',(#267),#120,.F.);
#4079=ADVANCED_FACE('',(#268),#3940,.T.);
#4080=ADVANCED_FACE('',(#269),#121,.F.);
#4081=ADVANCED_FACE('',(#270),#3941,.T.);
#4082=ADVANCED_FACE('',(#271),#122,.F.);
#4083=ADVANCED_FACE('',(#272),#3942,.T.);
#4084=ADVANCED_FACE('',(#273),#123,.F.);
#4085=ADVANCED_FACE('',(#274),#3943,.T.);
#4086=ADVANCED_FACE('',(#275),#124,.F.);
#4087=ADVANCED_FACE('',(#276),#3944,.T.);
#4088=ADVANCED_FACE('',(#277),#125,.F.);
#4089=ADVANCED_FACE('',(#278),#3945,.T.);
#4090=ADVANCED_FACE('',(#279),#126,.F.);
#4091=ADVANCED_FACE('',(#280),#3946,.T.);
#4092=ADVANCED_FACE('',(#281),#3947,.T.);
#4093=ADVANCED_FACE('',(#282),#127,.F.);
#4094=ADVANCED_FACE('',(#283),#3948,.T.);
#4095=ADVANCED_FACE('',(#284),#3949,.T.);
#4096=ADVANCED_FACE('',(#285),#128,.F.);
#4097=ADVANCED_FACE('',(#286),#3950,.T.);
#4098=ADVANCED_FACE('',(#287),#129,.F.);
#4099=ADVANCED_FACE('',(#288),#3951,.T.);
#4100=ADVANCED_FACE('',(#289),#130,.F.);
#4101=ADVANCED_FACE('',(#290),#3952,.T.);
#4102=ADVANCED_FACE('',(#291),#131,.F.);
#4103=ADVANCED_FACE('',(#292),#3953,.T.);
#4104=ADVANCED_FACE('',(#293),#132,.F.);
#4105=ADVANCED_FACE('',(#294),#3954,.T.);
#4106=ADVANCED_FACE('',(#295),#133,.F.);
#4107=ADVANCED_FACE('',(#296),#3955,.T.);
#4108=ADVANCED_FACE('',(#297),#3956,.T.);
#4109=ADVANCED_FACE('',(#298),#134,.F.);
#4110=ADVANCED_FACE('',(#299),#3957,.T.);
#4111=ADVANCED_FACE('',(#300),#3958,.T.);
#4112=ADVANCED_FACE('',(#301),#3959,.T.);
#4113=ADVANCED_FACE('',(#302),#135,.F.);
#4114=ADVANCED_FACE('',(#303),#3960,.T.);
#4115=ADVANCED_FACE('',(#304),#136,.F.);
#4116=ADVANCED_FACE('',(#305),#3961,.T.);
#4117=ADVANCED_FACE('',(#306),#3962,.T.);
#4118=ADVANCED_FACE('',(#307),#3963,.T.);
#4119=ADVANCED_FACE('',(#308),#137,.F.);
#4120=ADVANCED_FACE('',(#309),#3964,.T.);
#4121=ADVANCED_FACE('',(#310),#3965,.T.);
#4122=ADVANCED_FACE('',(#311),#3966,.T.);
#4123=ADVANCED_FACE('',(#312),#138,.F.);
#4124=ADVANCED_FACE('',(#313),#3967,.T.);
#4125=ADVANCED_FACE('',(#314),#3968,.T.);
#4126=ADVANCED_FACE('',(#315),#3969,.T.);
#4127=ADVANCED_FACE('',(#316),#139,.F.);
#4128=ADVANCED_FACE('',(#317),#3970,.T.);
#4129=ADVANCED_FACE('',(#318),#3971,.T.);
#4130=ADVANCED_FACE('',(#319),#3972,.T.);
#4131=ADVANCED_FACE('',(#320),#140,.F.);
#4132=ADVANCED_FACE('',(#321),#3973,.T.);
#4133=ADVANCED_FACE('',(#322),#3974,.T.);
#4134=ADVANCED_FACE('',(#323),#3975,.T.);
#4135=ADVANCED_FACE('',(#324),#141,.T.);
#4136=ADVANCED_FACE('',(#325),#3976,.T.);
#4137=ADVANCED_FACE('',(#326),#142,.T.);
#4138=ADVANCED_FACE('',(#327),#3977,.T.);
#4139=ADVANCED_FACE('',(#328),#3978,.T.);
#4140=ADVANCED_FACE('',(#329),#143,.T.);
#4141=ADVANCED_FACE('',(#330),#3979,.T.);
#4142=ADVANCED_FACE('',(#331),#144,.T.);
#4143=ADVANCED_FACE('',(#332),#3980,.T.);
#4144=ADVANCED_FACE('',(#333),#3981,.T.);
#4145=ADVANCED_FACE('',(#334),#3982,.T.);
#4146=ADVANCED_FACE('',(#335),#145,.T.);
#4147=ADVANCED_FACE('',(#336),#3983,.T.);
#4148=ADVANCED_FACE('',(#337),#146,.T.);
#4149=ADVANCED_FACE('',(#338),#3984,.T.);
#4150=ADVANCED_FACE('',(#339),#3985,.T.);
#4151=ADVANCED_FACE('',(#340),#147,.T.);
#4152=ADVANCED_FACE('',(#341),#3986,.T.);
#4153=ADVANCED_FACE('',(#342),#148,.T.);
#4154=ADVANCED_FACE('',(#343),#3987,.T.);
#4155=ADVANCED_FACE('',(#344),#3988,.T.);
#4156=ADVANCED_FACE('',(#345),#149,.T.);
#4157=ADVANCED_FACE('',(#346),#3989,.T.);
#4158=ADVANCED_FACE('',(#347),#3990,.T.);
#4159=ADVANCED_FACE('',(#348),#150,.T.);
#4160=ADVANCED_FACE('',(#349),#3991,.T.);
#4161=ADVANCED_FACE('',(#350),#3992,.T.);
#4162=ADVANCED_FACE('',(#351),#151,.T.);
#4163=ADVANCED_FACE('',(#352),#3993,.T.);
#4164=ADVANCED_FACE('',(#353),#3994,.T.);
#4165=ADVANCED_FACE('',(#354),#152,.T.);
#4166=ADVANCED_FACE('',(#355),#3995,.T.);
#4167=ADVANCED_FACE('',(#356),#3996,.T.);
#4168=ADVANCED_FACE('',(#357),#153,.T.);
#4169=ADVANCED_FACE('',(#358),#3997,.T.);
#4170=ADVANCED_FACE('',(#359),#3998,.T.);
#4171=ADVANCED_FACE('',(#360),#3999,.T.);
#4172=ADVANCED_FACE('',(#361),#4000,.T.);
#4173=ADVANCED_FACE('',(#362),#154,.T.);
#4174=ADVANCED_FACE('',(#363),#4001,.T.);
#4175=ADVANCED_FACE('',(#364),#4002,.T.);
#4176=ADVANCED_FACE('',(#365),#155,.T.);
#4177=ADVANCED_FACE('',(#366),#4003,.T.);
#4178=ADVANCED_FACE('',(#367),#4004,.T.);
#4179=ADVANCED_FACE('',(#368),#156,.T.);
#4180=ADVANCED_FACE('',(#369),#4005,.T.);
#4181=ADVANCED_FACE('',(#370),#4006,.T.);
#4182=ADVANCED_FACE('',(#371),#157,.T.);
#4183=ADVANCED_FACE('',(#372),#4007,.T.);
#4184=ADVANCED_FACE('',(#373),#4008,.T.);
#4185=ADVANCED_FACE('',(#374),#158,.T.);
#4186=ADVANCED_FACE('',(#375),#159,.T.);
#4187=ADVANCED_FACE('',(#376),#160,.T.);
#4188=ADVANCED_FACE('',(#377),#161,.T.);
#4189=ADVANCED_FACE('',(#378),#162,.T.);
#4190=ADVANCED_FACE('',(#379),#163,.T.);
#4191=ADVANCED_FACE('',(#380),#164,.T.);
#4192=ADVANCED_FACE('',(#381),#165,.T.);
#4193=ADVANCED_FACE('',(#382),#166,.T.);
#4194=ADVANCED_FACE('',(#383),#4009,.T.);
#4195=ADVANCED_FACE('',(#384),#167,.F.);
#4196=ADVANCED_FACE('',(#385),#168,.F.);
#4197=ADVANCED_FACE('',(#386),#169,.F.);
#4198=ADVANCED_FACE('',(#387),#170,.F.);
#4199=ADVANCED_FACE('',(#388),#171,.F.);
#4200=ADVANCED_FACE('',(#389),#4010,.T.);
#4201=ADVANCED_FACE('',(#390),#4011,.T.);
#4202=ADVANCED_FACE('',(#391),#4012,.T.);
#4203=ADVANCED_FACE('',(#392),#172,.F.);
#4204=ADVANCED_FACE('',(#393),#173,.F.);
#4205=ADVANCED_FACE('',(#394),#174,.F.);
#4206=ADVANCED_FACE('',(#395),#175,.F.);
#4207=ADVANCED_FACE('',(#396),#176,.F.);
#4208=ADVANCED_FACE('',(#397),#177,.F.);
#4209=ADVANCED_FACE('',(#398),#178,.F.);
#4210=ADVANCED_FACE('',(#399),#179,.T.);
#4211=ADVANCED_FACE('',(#400),#180,.T.);
#4212=ADVANCED_FACE('',(#401),#181,.T.);
#4213=ADVANCED_FACE('',(#402),#182,.T.);
#4214=ADVANCED_FACE('',(#403),#183,.T.);
#4215=ADVANCED_FACE('',(#404),#184,.T.);
#4216=ADVANCED_FACE('',(#405),#185,.T.);
#4217=ADVANCED_FACE('',(#406),#186,.T.);
#4218=ADVANCED_FACE('',(#407),#187,.T.);
#4219=ADVANCED_FACE('',(#408),#188,.T.);
#4220=ADVANCED_FACE('',(#409),#189,.T.);
#4221=ADVANCED_FACE('',(#410),#190,.T.);
#4222=ADVANCED_FACE('',(#411),#191,.T.);
#4223=ADVANCED_FACE('',(#412),#192,.T.);
#4224=ADVANCED_FACE('',(#413),#193,.T.);
#4225=ADVANCED_FACE('',(#414),#194,.T.);
#4226=ADVANCED_FACE('',(#415),#195,.T.);
#4227=ADVANCED_FACE('',(#416),#196,.T.);
#4228=ADVANCED_FACE('',(#417),#197,.T.);
#4229=ADVANCED_FACE('',(#418),#198,.T.);
#4230=ADVANCED_FACE('',(#419),#199,.T.);
#4231=ADVANCED_FACE('',(#420),#200,.T.);
#4232=ADVANCED_FACE('',(#421),#201,.T.);
#4233=CLOSED_SHELL('',(#4013,#4014,#4015,#4016,#4017,#4018,#4019,#4020,
#4021,#4022,#4023,#4024,#4025,#4026,#4027,#4028,#4029,#4030,#4031,#4032,
#4033,#4034,#4035,#4036,#4037,#4038,#4039,#4040,#4041,#4042,#4043,#4044,
#4045,#4046,#4047,#4048,#4049,#4050,#4051,#4052,#4053,#4054,#4055,#4056,
#4057,#4058,#4059,#4060,#4061,#4062,#4063,#4064,#4065,#4066,#4067,#4068,
#4069,#4070,#4071,#4072,#4073,#4074,#4075,#4076,#4077,#4078,#4079,#4080,
#4081,#4082,#4083,#4084,#4085,#4086,#4087,#4088,#4089,#4090,#4091,#4092,
#4093,#4094,#4095,#4096,#4097,#4098,#4099,#4100,#4101,#4102,#4103,#4104,
#4105,#4106,#4107,#4108,#4109,#4110,#4111,#4112,#4113,#4114,#4115,#4116,
#4117,#4118,#4119,#4120,#4121,#4122,#4123,#4124,#4125,#4126,#4127,#4128,
#4129,#4130,#4131,#4132,#4133,#4134,#4135,#4136,#4137,#4138,#4139,#4140,
#4141,#4142,#4143,#4144,#4145,#4146,#4147,#4148,#4149,#4150,#4151,#4152,
#4153,#4154,#4155,#4156,#4157,#4158,#4159,#4160,#4161,#4162,#4163,#4164,
#4165,#4166,#4167,#4168,#4169,#4170,#4171,#4172,#4173,#4174,#4175,#4176,
#4177,#4178,#4179,#4180,#4181,#4182,#4183,#4184,#4185,#4186,#4187,#4188,
#4189,#4190,#4191,#4192,#4193,#4194,#4195,#4196,#4197,#4198,#4199,#4200,
#4201,#4202,#4203,#4204,#4205,#4206,#4207,#4208,#4209,#4210,#4211,#4212,
#4213,#4214,#4215,#4216,#4217,#4218,#4219,#4220,#4221,#4222,#4223,#4224,
#4225,#4226,#4227,#4228,#4229,#4230,#4231,#4232));
#4234=DERIVED_UNIT_ELEMENT(#4236,1.);
#4235=DERIVED_UNIT_ELEMENT(#7691,-3.);
#4236=(
MASS_UNIT()
NAMED_UNIT(*)
SI_UNIT(.KILO.,.GRAM.)
);
#4237=DERIVED_UNIT((#4234,#4235));
#4238=MEASURE_REPRESENTATION_ITEM('density measure',
POSITIVE_RATIO_MEASURE(7850.),#4237);
#4239=PROPERTY_DEFINITION_REPRESENTATION(#4244,#4241);
#4240=PROPERTY_DEFINITION_REPRESENTATION(#4245,#4242);
#4241=REPRESENTATION('material name',(#4243),#7688);
#4242=REPRESENTATION('density',(#4238),#7688);
#4243=DESCRIPTIVE_REPRESENTATION_ITEM('Steel','Steel');
#4244=PROPERTY_DEFINITION('material property','material name',#7698);
#4245=PROPERTY_DEFINITION('material property','density of part',#7698);
#4246=AXIS2_PLACEMENT_3D('',#5875,#4663,#4664);
#4247=AXIS2_PLACEMENT_3D('',#5876,#4665,#4666);
#4248=AXIS2_PLACEMENT_3D('',#5879,#4667,#4668);
#4249=AXIS2_PLACEMENT_3D('',#5883,#4670,#4671);
#4250=AXIS2_PLACEMENT_3D('',#5885,#4673,#4674);
#4251=AXIS2_PLACEMENT_3D('',#5889,#4676,#4677);
#4252=AXIS2_PLACEMENT_3D('',#5893,#4679,#4680);
#4253=AXIS2_PLACEMENT_3D('',#5895,#4681,#4682);
#4254=AXIS2_PLACEMENT_3D('',#5897,#4684,#4685);
#4255=AXIS2_PLACEMENT_3D('',#5901,#4687,#4688);
#4256=AXIS2_PLACEMENT_3D('',#5909,#4693,#4694);
#4257=AXIS2_PLACEMENT_3D('',#5912,#4695,#4696);
#4258=AXIS2_PLACEMENT_3D('',#5916,#4698,#4699);
#4259=AXIS2_PLACEMENT_3D('',#5918,#4701,#4702);
#4260=AXIS2_PLACEMENT_3D('',#5924,#4706,#4707);
#4261=AXIS2_PLACEMENT_3D('',#5935,#4713,#4714);
#4262=AXIS2_PLACEMENT_3D('',#5936,#4715,#4716);
#4263=AXIS2_PLACEMENT_3D('',#5939,#4717,#4718);
#4264=AXIS2_PLACEMENT_3D('',#5943,#4720,#4721);
#4265=AXIS2_PLACEMENT_3D('',#5945,#4723,#4724);
#4266=AXIS2_PLACEMENT_3D('',#5949,#4726,#4727);
#4267=AXIS2_PLACEMENT_3D('',#5959,#4733,#4734);
#4268=AXIS2_PLACEMENT_3D('',#5963,#4737,#4738);
#4269=AXIS2_PLACEMENT_3D('',#5966,#4739,#4740);
#4270=AXIS2_PLACEMENT_3D('',#5970,#4742,#4743);
#4271=AXIS2_PLACEMENT_3D('',#5972,#4745,#4746);
#4272=AXIS2_PLACEMENT_3D('',#5978,#4750,#4751);
#4273=AXIS2_PLACEMENT_3D('',#5989,#4757,#4758);
#4274=AXIS2_PLACEMENT_3D('',#5990,#4759,#4760);
#4275=AXIS2_PLACEMENT_3D('',#5992,#4761,#4762);
#4276=AXIS2_PLACEMENT_3D('',#5994,#4764,#4765);
#4277=AXIS2_PLACEMENT_3D('',#5997,#4766,#4767);
#4278=AXIS2_PLACEMENT_3D('',#6001,#4769,#4770);
#4279=AXIS2_PLACEMENT_3D('',#6003,#4772,#4773);
#4280=AXIS2_PLACEMENT_3D('',#6007,#4775,#4776);
#4281=AXIS2_PLACEMENT_3D('',#6013,#4780,#4781);
#4282=AXIS2_PLACEMENT_3D('',#6017,#4784,#4785);
#4283=AXIS2_PLACEMENT_3D('',#6019,#4786,#4787);
#4284=AXIS2_PLACEMENT_3D('',#6021,#4789,#4790);
#4285=AXIS2_PLACEMENT_3D('',#6023,#4791,#4792);
#4286=AXIS2_PLACEMENT_3D('',#6025,#4794,#4795);
#4287=AXIS2_PLACEMENT_3D('',#6027,#4796,#4797);
#4288=AXIS2_PLACEMENT_3D('',#6031,#4799,#4800);
#4289=AXIS2_PLACEMENT_3D('',#6033,#4801,#4802);
#4290=AXIS2_PLACEMENT_3D('',#6035,#4804,#4805);
#4291=AXIS2_PLACEMENT_3D('',#6039,#4807,#4808);
#4292=AXIS2_PLACEMENT_3D('',#6041,#4810,#4811);
#4293=AXIS2_PLACEMENT_3D('',#6045,#4813,#4814);
#4294=AXIS2_PLACEMENT_3D('',#6047,#4815,#4816);
#4295=AXIS2_PLACEMENT_3D('',#6050,#4818,#4819);
#4296=AXIS2_PLACEMENT_3D('',#6051,#4820,#4821);
#4297=AXIS2_PLACEMENT_3D('',#6054,#4822,#4823);
#4298=AXIS2_PLACEMENT_3D('',#6058,#4825,#4826);
#4299=AXIS2_PLACEMENT_3D('',#6060,#4828,#4829);
#4300=AXIS2_PLACEMENT_3D('',#6066,#4832,#4833);
#4301=AXIS2_PLACEMENT_3D('',#6070,#4835,#4836);
#4302=AXIS2_PLACEMENT_3D('',#6072,#4838,#4839);
#4303=AXIS2_PLACEMENT_3D('',#6076,#4841,#4842);
#4304=AXIS2_PLACEMENT_3D('',#6080,#4845,#4846);
#4305=AXIS2_PLACEMENT_3D('',#6084,#4848,#4849);
#4306=AXIS2_PLACEMENT_3D('',#6086,#4851,#4852);
#4307=AXIS2_PLACEMENT_3D('',#6090,#4854,#4855);
#4308=AXIS2_PLACEMENT_3D('',#6094,#4857,#4858);
#4309=AXIS2_PLACEMENT_3D('',#6096,#4860,#4861);
#4310=AXIS2_PLACEMENT_3D('',#6098,#4862,#4863);
#4311=AXIS2_PLACEMENT_3D('',#6100,#4865,#4866);
#4312=AXIS2_PLACEMENT_3D('',#6102,#4867,#4868);
#4313=AXIS2_PLACEMENT_3D('',#6106,#4870,#4871);
#4314=AXIS2_PLACEMENT_3D('',#6108,#4872,#4873);
#4315=AXIS2_PLACEMENT_3D('',#6110,#4875,#4876);
#4316=AXIS2_PLACEMENT_3D('',#6124,#4877,#4878);
#4317=AXIS2_PLACEMENT_3D('',#6136,#4879,#4880);
#4318=AXIS2_PLACEMENT_3D('',#6137,#4881,#4882);
#4319=AXIS2_PLACEMENT_3D('',#6144,#4886,#4887);
#4320=AXIS2_PLACEMENT_3D('',#6170,#4889,#4890);
#4321=AXIS2_PLACEMENT_3D('',#6173,#4892,#4893);
#4322=AXIS2_PLACEMENT_3D('',#6177,#4895,#4896);
#4323=AXIS2_PLACEMENT_3D('',#6181,#4898,#4899);
#4324=AXIS2_PLACEMENT_3D('',#6185,#4901,#4902);
#4325=AXIS2_PLACEMENT_3D('',#6189,#4904,#4905);
#4326=AXIS2_PLACEMENT_3D('',#6193,#4907,#4908);
#4327=AXIS2_PLACEMENT_3D('',#6197,#4910,#4911);
#4328=AXIS2_PLACEMENT_3D('',#6201,#4913,#4914);
#4329=AXIS2_PLACEMENT_3D('',#6205,#4916,#4917);
#4330=AXIS2_PLACEMENT_3D('',#6209,#4919,#4920);
#4331=AXIS2_PLACEMENT_3D('',#6239,#4926,#4927);
#4332=AXIS2_PLACEMENT_3D('',#6243,#4929,#4930);
#4333=AXIS2_PLACEMENT_3D('',#6247,#4932,#4933);
#4334=AXIS2_PLACEMENT_3D('',#6251,#4935,#4936);
#4335=AXIS2_PLACEMENT_3D('',#6255,#4938,#4939);
#4336=AXIS2_PLACEMENT_3D('',#6259,#4941,#4942);
#4337=AXIS2_PLACEMENT_3D('',#6263,#4944,#4945);
#4338=AXIS2_PLACEMENT_3D('',#6266,#4947,#4948);
#4339=AXIS2_PLACEMENT_3D('',#6269,#4949,#4950);
#4340=AXIS2_PLACEMENT_3D('',#6295,#4952,#4953);
#4341=AXIS2_PLACEMENT_3D('',#6334,#4956,#4957);
#4342=AXIS2_PLACEMENT_3D('',#6360,#4959,#4960);
#4343=AXIS2_PLACEMENT_3D('',#6386,#4962,#4963);
#4344=AXIS2_PLACEMENT_3D('',#6412,#4965,#4966);
#4345=AXIS2_PLACEMENT_3D('',#6438,#4968,#4969);
#4346=AXIS2_PLACEMENT_3D('',#6464,#4971,#4972);
#4347=AXIS2_PLACEMENT_3D('',#6475,#4973,#4974);
#4348=AXIS2_PLACEMENT_3D('',#6488,#4975,#4976);
#4349=AXIS2_PLACEMENT_3D('',#6499,#4977,#4978);
#4350=AXIS2_PLACEMENT_3D('',#6512,#4979,#4980);
#4351=AXIS2_PLACEMENT_3D('',#6523,#4981,#4982);
#4352=AXIS2_PLACEMENT_3D('',#6536,#4983,#4984);
#4353=AXIS2_PLACEMENT_3D('',#6547,#4985,#4986);
#4354=AXIS2_PLACEMENT_3D('',#6560,#4987,#4988);
#4355=AXIS2_PLACEMENT_3D('',#6571,#4989,#4990);
#4356=AXIS2_PLACEMENT_3D('',#6584,#4991,#4992);
#4357=AXIS2_PLACEMENT_3D('',#6595,#4993,#4994);
#4358=AXIS2_PLACEMENT_3D('',#6608,#4995,#4996);
#4359=AXIS2_PLACEMENT_3D('',#6619,#4997,#4998);
#4360=AXIS2_PLACEMENT_3D('',#6632,#4999,#5000);
#4361=AXIS2_PLACEMENT_3D('',#6643,#5001,#5002);
#4362=AXIS2_PLACEMENT_3D('',#6656,#5003,#5004);
#4363=AXIS2_PLACEMENT_3D('',#6667,#5005,#5006);
#4364=AXIS2_PLACEMENT_3D('',#6680,#5007,#5008);
#4365=AXIS2_PLACEMENT_3D('',#6691,#5009,#5010);
#4366=AXIS2_PLACEMENT_3D('',#6694,#5011,#5012);
#4367=AXIS2_PLACEMENT_3D('',#6698,#5014,#5015);
#4368=AXIS2_PLACEMENT_3D('',#6700,#5017,#5018);
#4369=AXIS2_PLACEMENT_3D('',#6704,#5020,#5021);
#4370=AXIS2_PLACEMENT_3D('',#6708,#5023,#5024);
#4371=AXIS2_PLACEMENT_3D('',#6713,#5027,#5028);
#4372=AXIS2_PLACEMENT_3D('',#6717,#5030,#5031);
#4373=AXIS2_PLACEMENT_3D('',#6722,#5034,#5035);
#4374=AXIS2_PLACEMENT_3D('',#6726,#5037,#5038);
#4375=AXIS2_PLACEMENT_3D('',#6731,#5041,#5042);
#4376=AXIS2_PLACEMENT_3D('',#6735,#5044,#5045);
#4377=AXIS2_PLACEMENT_3D('',#6739,#5048,#5049);
#4378=AXIS2_PLACEMENT_3D('',#6753,#5058,#5059);
#4379=AXIS2_PLACEMENT_3D('',#6755,#5061,#5062);
#4380=AXIS2_PLACEMENT_3D('',#6758,#5063,#5064);
#4381=AXIS2_PLACEMENT_3D('',#6762,#5066,#5067);
#4382=AXIS2_PLACEMENT_3D('',#6764,#5069,#5070);
#4383=AXIS2_PLACEMENT_3D('',#6768,#5072,#5073);
#4384=AXIS2_PLACEMENT_3D('',#6772,#5075,#5076);
#4385=AXIS2_PLACEMENT_3D('',#6777,#5079,#5080);
#4386=AXIS2_PLACEMENT_3D('',#6781,#5082,#5083);
#4387=AXIS2_PLACEMENT_3D('',#6786,#5086,#5087);
#4388=AXIS2_PLACEMENT_3D('',#6790,#5089,#5090);
#4389=AXIS2_PLACEMENT_3D('',#6795,#5093,#5094);
#4390=AXIS2_PLACEMENT_3D('',#6799,#5096,#5097);
#4391=AXIS2_PLACEMENT_3D('',#6803,#5100,#5101);
#4392=AXIS2_PLACEMENT_3D('',#6817,#5110,#5111);
#4393=AXIS2_PLACEMENT_3D('',#6819,#5113,#5114);
#4394=AXIS2_PLACEMENT_3D('',#6822,#5115,#5116);
#4395=AXIS2_PLACEMENT_3D('',#6826,#5118,#5119);
#4396=AXIS2_PLACEMENT_3D('',#6828,#5121,#5122);
#4397=AXIS2_PLACEMENT_3D('',#6836,#5128,#5129);
#4398=AXIS2_PLACEMENT_3D('',#6843,#5133,#5134);
#4399=AXIS2_PLACEMENT_3D('',#6845,#5136,#5137);
#4400=AXIS2_PLACEMENT_3D('',#6848,#5138,#5139);
#4401=AXIS2_PLACEMENT_3D('',#6852,#5141,#5142);
#4402=AXIS2_PLACEMENT_3D('',#6854,#5144,#5145);
#4403=AXIS2_PLACEMENT_3D('',#6862,#5151,#5152);
#4404=AXIS2_PLACEMENT_3D('',#6869,#5156,#5157);
#4405=AXIS2_PLACEMENT_3D('',#6870,#5158,#5159);
#4406=AXIS2_PLACEMENT_3D('',#6873,#5161,#5162);
#4407=AXIS2_PLACEMENT_3D('',#6874,#5163,#5164);
#4408=AXIS2_PLACEMENT_3D('',#6877,#5166,#5167);
#4409=AXIS2_PLACEMENT_3D('',#6878,#5168,#5169);
#4410=AXIS2_PLACEMENT_3D('',#6879,#5170,#5171);
#4411=AXIS2_PLACEMENT_3D('',#6883,#5174,#5175);
#4412=AXIS2_PLACEMENT_3D('',#6887,#5178,#5179);
#4413=AXIS2_PLACEMENT_3D('',#6891,#5182,#5183);
#4414=AXIS2_PLACEMENT_3D('',#6895,#5186,#5187);
#4415=AXIS2_PLACEMENT_3D('',#6897,#5189,#5190);
#4416=AXIS2_PLACEMENT_3D('',#6900,#5193,#5194);
#4417=AXIS2_PLACEMENT_3D('',#6915,#5197,#5198);
#4418=AXIS2_PLACEMENT_3D('',#6919,#5201,#5202);
#4419=AXIS2_PLACEMENT_3D('',#6921,#5203,#5204);
#4420=AXIS2_PLACEMENT_3D('',#6925,#5206,#5207);
#4421=AXIS2_PLACEMENT_3D('',#6936,#5208,#5209);
#4422=AXIS2_PLACEMENT_3D('',#6951,#5212,#5213);
#4423=AXIS2_PLACEMENT_3D('',#6953,#5214,#5215);
#4424=AXIS2_PLACEMENT_3D('',#6955,#5217,#5218);
#4425=AXIS2_PLACEMENT_3D('',#6970,#5220,#5221);
#4426=AXIS2_PLACEMENT_3D('',#6994,#5223,#5224);
#4427=AXIS2_PLACEMENT_3D('',#6996,#5226,#5227);
#4428=AXIS2_PLACEMENT_3D('',#6998,#5229,#5230);
#4429=AXIS2_PLACEMENT_3D('',#7013,#5233,#5234);
#4430=AXIS2_PLACEMENT_3D('',#7017,#5237,#5238);
#4431=AXIS2_PLACEMENT_3D('',#7032,#5241,#5242);
#4432=AXIS2_PLACEMENT_3D('',#7033,#5243,#5244);
#4433=AXIS2_PLACEMENT_3D('',#7034,#5245,#5246);
#4434=AXIS2_PLACEMENT_3D('',#7049,#5249,#5250);
#4435=AXIS2_PLACEMENT_3D('',#7053,#5253,#5254);
#4436=AXIS2_PLACEMENT_3D('',#7068,#5257,#5258);
#4437=AXIS2_PLACEMENT_3D('',#7069,#5259,#5260);
#4438=AXIS2_PLACEMENT_3D('',#7070,#5261,#5262);
#4439=AXIS2_PLACEMENT_3D('',#7085,#5265,#5266);
#4440=AXIS2_PLACEMENT_3D('',#7089,#5269,#5270);
#4441=AXIS2_PLACEMENT_3D('',#7104,#5273,#5274);
#4442=AXIS2_PLACEMENT_3D('',#7105,#5275,#5276);
#4443=AXIS2_PLACEMENT_3D('',#7106,#5277,#5278);
#4444=AXIS2_PLACEMENT_3D('',#7119,#5280,#5281);
#4445=AXIS2_PLACEMENT_3D('',#7133,#5284,#5285);
#4446=AXIS2_PLACEMENT_3D('',#7135,#5287,#5288);
#4447=AXIS2_PLACEMENT_3D('',#7136,#5289,#5290);
#4448=AXIS2_PLACEMENT_3D('',#7151,#5293,#5294);
#4449=AXIS2_PLACEMENT_3D('',#7153,#5296,#5297);
#4450=AXIS2_PLACEMENT_3D('',#7166,#5299,#5300);
#4451=AXIS2_PLACEMENT_3D('',#7167,#5301,#5302);
#4452=AXIS2_PLACEMENT_3D('',#7168,#5303,#5304);
#4453=AXIS2_PLACEMENT_3D('',#7183,#5307,#5308);
#4454=AXIS2_PLACEMENT_3D('',#7185,#5310,#5311);
#4455=AXIS2_PLACEMENT_3D('',#7198,#5313,#5314);
#4456=AXIS2_PLACEMENT_3D('',#7199,#5315,#5316);
#4457=AXIS2_PLACEMENT_3D('',#7200,#5317,#5318);
#4458=AXIS2_PLACEMENT_3D('',#7215,#5321,#5322);
#4459=AXIS2_PLACEMENT_3D('',#7217,#5324,#5325);
#4460=AXIS2_PLACEMENT_3D('',#7230,#5327,#5328);
#4461=AXIS2_PLACEMENT_3D('',#7231,#5329,#5330);
#4462=AXIS2_PLACEMENT_3D('',#7232,#5331,#5332);
#4463=AXIS2_PLACEMENT_3D('',#7234,#5334,#5335);
#4464=AXIS2_PLACEMENT_3D('',#7237,#5338,#5339);
#4465=AXIS2_PLACEMENT_3D('',#7238,#5340,#5341);
#4466=AXIS2_PLACEMENT_3D('',#7240,#5343,#5344);
#4467=AXIS2_PLACEMENT_3D('',#7243,#5345,#5346);
#4468=AXIS2_PLACEMENT_3D('',#7246,#5349,#5350);
#4469=AXIS2_PLACEMENT_3D('',#7248,#5351,#5352);
#4470=AXIS2_PLACEMENT_3D('',#7250,#5354,#5355);
#4471=AXIS2_PLACEMENT_3D('',#7254,#5358,#5359);
#4472=AXIS2_PLACEMENT_3D('',#7255,#5360,#5361);
#4473=AXIS2_PLACEMENT_3D('',#7258,#5362,#5363);
#4474=AXIS2_PLACEMENT_3D('',#7262,#5365,#5366);
#4475=AXIS2_PLACEMENT_3D('',#7264,#5368,#5369);
#4476=AXIS2_PLACEMENT_3D('',#7266,#5370,#5371);
#4477=AXIS2_PLACEMENT_3D('',#7268,#5372,#5373);
#4478=AXIS2_PLACEMENT_3D('',#7272,#5375,#5376);
#4479=AXIS2_PLACEMENT_3D('',#7276,#5378,#5379);
#4480=AXIS2_PLACEMENT_3D('',#7278,#5381,#5382);
#4481=AXIS2_PLACEMENT_3D('',#7280,#5383,#5384);
#4482=AXIS2_PLACEMENT_3D('',#7282,#5386,#5387);
#4483=AXIS2_PLACEMENT_3D('',#7284,#5388,#5389);
#4484=AXIS2_PLACEMENT_3D('',#7286,#5391,#5392);
#4485=AXIS2_PLACEMENT_3D('',#7289,#5393,#5394);
#4486=AXIS2_PLACEMENT_3D('',#7293,#5396,#5397);
#4487=AXIS2_PLACEMENT_3D('',#7295,#5399,#5400);
#4488=AXIS2_PLACEMENT_3D('',#7297,#5401,#5402);
#4489=AXIS2_PLACEMENT_3D('',#7299,#5403,#5404);
#4490=AXIS2_PLACEMENT_3D('',#7303,#5406,#5407);
#4491=AXIS2_PLACEMENT_3D('',#7307,#5409,#5410);
#4492=AXIS2_PLACEMENT_3D('',#7309,#5412,#5413);
#4493=AXIS2_PLACEMENT_3D('',#7311,#5414,#5415);
#4494=AXIS2_PLACEMENT_3D('',#7313,#5417,#5418);
#4495=AXIS2_PLACEMENT_3D('',#7315,#5419,#5420);
#4496=AXIS2_PLACEMENT_3D('',#7317,#5422,#5423);
#4497=AXIS2_PLACEMENT_3D('',#7320,#5424,#5425);
#4498=AXIS2_PLACEMENT_3D('',#7324,#5427,#5428);
#4499=AXIS2_PLACEMENT_3D('',#7326,#5430,#5431);
#4500=AXIS2_PLACEMENT_3D('',#7328,#5432,#5433);
#4501=AXIS2_PLACEMENT_3D('',#7330,#5434,#5435);
#4502=AXIS2_PLACEMENT_3D('',#7334,#5437,#5438);
#4503=AXIS2_PLACEMENT_3D('',#7338,#5440,#5441);
#4504=AXIS2_PLACEMENT_3D('',#7340,#5443,#5444);
#4505=AXIS2_PLACEMENT_3D('',#7342,#5445,#5446);
#4506=AXIS2_PLACEMENT_3D('',#7344,#5448,#5449);
#4507=AXIS2_PLACEMENT_3D('',#7346,#5450,#5451);
#4508=AXIS2_PLACEMENT_3D('',#7348,#5453,#5454);
#4509=AXIS2_PLACEMENT_3D('',#7351,#5455,#5456);
#4510=AXIS2_PLACEMENT_3D('',#7355,#5458,#5459);
#4511=AXIS2_PLACEMENT_3D('',#7357,#5461,#5462);
#4512=AXIS2_PLACEMENT_3D('',#7359,#5463,#5464);
#4513=AXIS2_PLACEMENT_3D('',#7361,#5465,#5466);
#4514=AXIS2_PLACEMENT_3D('',#7365,#5468,#5469);
#4515=AXIS2_PLACEMENT_3D('',#7369,#5471,#5472);
#4516=AXIS2_PLACEMENT_3D('',#7371,#5474,#5475);
#4517=AXIS2_PLACEMENT_3D('',#7373,#5476,#5477);
#4518=AXIS2_PLACEMENT_3D('',#7375,#5479,#5480);
#4519=AXIS2_PLACEMENT_3D('',#7377,#5481,#5482);
#4520=AXIS2_PLACEMENT_3D('',#7379,#5484,#5485);
#4521=AXIS2_PLACEMENT_3D('',#7382,#5486,#5487);
#4522=AXIS2_PLACEMENT_3D('',#7386,#5489,#5490);
#4523=AXIS2_PLACEMENT_3D('',#7388,#5492,#5493);
#4524=AXIS2_PLACEMENT_3D('',#7390,#5494,#5495);
#4525=AXIS2_PLACEMENT_3D('',#7393,#5497,#5498);
#4526=AXIS2_PLACEMENT_3D('',#7395,#5500,#5501);
#4527=AXIS2_PLACEMENT_3D('',#7397,#5502,#5503);
#4528=AXIS2_PLACEMENT_3D('',#7399,#5505,#5506);
#4529=AXIS2_PLACEMENT_3D('',#7402,#5507,#5508);
#4530=AXIS2_PLACEMENT_3D('',#7406,#5510,#5511);
#4531=AXIS2_PLACEMENT_3D('',#7408,#5513,#5514);
#4532=AXIS2_PLACEMENT_3D('',#7410,#5515,#5516);
#4533=AXIS2_PLACEMENT_3D('',#7413,#5518,#5519);
#4534=AXIS2_PLACEMENT_3D('',#7414,#5520,#5521);
#4535=AXIS2_PLACEMENT_3D('',#7418,#5523,#5524);
#4536=AXIS2_PLACEMENT_3D('',#7422,#5526,#5527);
#4537=AXIS2_PLACEMENT_3D('',#7425,#5529,#5530);
#4538=AXIS2_PLACEMENT_3D('',#7426,#5531,#5532);
#4539=AXIS2_PLACEMENT_3D('',#7429,#5535,#5536);
#4540=AXIS2_PLACEMENT_3D('',#7431,#5538,#5539);
#4541=AXIS2_PLACEMENT_3D('',#7434,#5540,#5541);
#4542=AXIS2_PLACEMENT_3D('',#7438,#5543,#5544);
#4543=AXIS2_PLACEMENT_3D('',#7440,#5546,#5547);
#4544=AXIS2_PLACEMENT_3D('',#7442,#5548,#5549);
#4545=AXIS2_PLACEMENT_3D('',#7445,#5551,#5552);
#4546=AXIS2_PLACEMENT_3D('',#7446,#5553,#5554);
#4547=AXIS2_PLACEMENT_3D('',#7450,#5556,#5557);
#4548=AXIS2_PLACEMENT_3D('',#7454,#5559,#5560);
#4549=AXIS2_PLACEMENT_3D('',#7457,#5562,#5563);
#4550=AXIS2_PLACEMENT_3D('',#7458,#5564,#5565);
#4551=AXIS2_PLACEMENT_3D('',#7461,#5566,#5567);
#4552=AXIS2_PLACEMENT_3D('',#7465,#5569,#5570);
#4553=AXIS2_PLACEMENT_3D('',#7467,#5572,#5573);
#4554=AXIS2_PLACEMENT_3D('',#7469,#5574,#5575);
#4555=AXIS2_PLACEMENT_3D('',#7471,#5576,#5577);
#4556=AXIS2_PLACEMENT_3D('',#7475,#5579,#5580);
#4557=AXIS2_PLACEMENT_3D('',#7479,#5582,#5583);
#4558=AXIS2_PLACEMENT_3D('',#7481,#5585,#5586);
#4559=AXIS2_PLACEMENT_3D('',#7483,#5587,#5588);
#4560=AXIS2_PLACEMENT_3D('',#7485,#5590,#5591);
#4561=AXIS2_PLACEMENT_3D('',#7487,#5592,#5593);
#4562=AXIS2_PLACEMENT_3D('',#7489,#5595,#5596);
#4563=AXIS2_PLACEMENT_3D('',#7491,#5597,#5598);
#4564=AXIS2_PLACEMENT_3D('',#7493,#5600,#5601);
#4565=AXIS2_PLACEMENT_3D('',#7496,#5604,#5605);
#4566=AXIS2_PLACEMENT_3D('',#7498,#5606,#5607);
#4567=AXIS2_PLACEMENT_3D('',#7500,#5609,#5610);
#4568=AXIS2_PLACEMENT_3D('',#7503,#5613,#5614);
#4569=AXIS2_PLACEMENT_3D('',#7506,#5615,#5616);
#4570=AXIS2_PLACEMENT_3D('',#7510,#5618,#5619);
#4571=AXIS2_PLACEMENT_3D('',#7512,#5621,#5622);
#4572=AXIS2_PLACEMENT_3D('',#7514,#5623,#5624);
#4573=AXIS2_PLACEMENT_3D('',#7517,#5626,#5627);
#4574=AXIS2_PLACEMENT_3D('',#7518,#5628,#5629);
#4575=AXIS2_PLACEMENT_3D('',#7522,#5631,#5632);
#4576=AXIS2_PLACEMENT_3D('',#7526,#5634,#5635);
#4577=AXIS2_PLACEMENT_3D('',#7529,#5637,#5638);
#4578=AXIS2_PLACEMENT_3D('',#7530,#5639,#5640);
#4579=AXIS2_PLACEMENT_3D('',#7532,#5641,#5642);
#4580=AXIS2_PLACEMENT_3D('',#7534,#5644,#5645);
#4581=AXIS2_PLACEMENT_3D('',#7537,#5648,#5649);
#4582=AXIS2_PLACEMENT_3D('',#7540,#5650,#5651);
#4583=AXIS2_PLACEMENT_3D('',#7543,#5654,#5655);
#4584=AXIS2_PLACEMENT_3D('',#7545,#5656,#5657);
#4585=AXIS2_PLACEMENT_3D('',#7547,#5659,#5660);
#4586=AXIS2_PLACEMENT_3D('',#7551,#5663,#5664);
#4587=AXIS2_PLACEMENT_3D('',#7552,#5665,#5666);
#4588=AXIS2_PLACEMENT_3D('',#7554,#5668,#5669);
#4589=AXIS2_PLACEMENT_3D('',#7556,#5671,#5672);
#4590=AXIS2_PLACEMENT_3D('',#7558,#5674,#5675);
#4591=AXIS2_PLACEMENT_3D('',#7560,#5677,#5678);
#4592=AXIS2_PLACEMENT_3D('',#7562,#5680,#5681);
#4593=AXIS2_PLACEMENT_3D('',#7564,#5683,#5684);
#4594=AXIS2_PLACEMENT_3D('',#7566,#5686,#5687);
#4595=AXIS2_PLACEMENT_3D('',#7569,#5690,#5691);
#4596=AXIS2_PLACEMENT_3D('',#7571,#5693,#5694);
#4597=AXIS2_PLACEMENT_3D('',#7573,#5696,#5697);
#4598=AXIS2_PLACEMENT_3D('',#7575,#5699,#5700);
#4599=AXIS2_PLACEMENT_3D('',#7577,#5702,#5703);
#4600=AXIS2_PLACEMENT_3D('',#7579,#5705,#5706);
#4601=AXIS2_PLACEMENT_3D('',#7580,#5707,#5708);
#4602=AXIS2_PLACEMENT_3D('',#7582,#5710,#5711);
#4603=AXIS2_PLACEMENT_3D('',#7585,#5714,#5715);
#4604=AXIS2_PLACEMENT_3D('',#7587,#5717,#5718);
#4605=AXIS2_PLACEMENT_3D('',#7589,#5720,#5721);
#4606=AXIS2_PLACEMENT_3D('',#7592,#5724,#5725);
#4607=AXIS2_PLACEMENT_3D('',#7594,#5727,#5728);
#4608=AXIS2_PLACEMENT_3D('',#7596,#5730,#5731);
#4609=AXIS2_PLACEMENT_3D('',#7599,#5734,#5735);
#4610=AXIS2_PLACEMENT_3D('',#7601,#5737,#5738);
#4611=AXIS2_PLACEMENT_3D('',#7603,#5740,#5741);
#4612=AXIS2_PLACEMENT_3D('',#7606,#5744,#5745);
#4613=AXIS2_PLACEMENT_3D('',#7608,#5747,#5748);
#4614=AXIS2_PLACEMENT_3D('',#7610,#5750,#5751);
#4615=AXIS2_PLACEMENT_3D('',#7612,#5753,#5754);
#4616=AXIS2_PLACEMENT_3D('',#7614,#5756,#5757);
#4617=AXIS2_PLACEMENT_3D('',#7617,#5760,#5761);
#4618=AXIS2_PLACEMENT_3D('',#7620,#5764,#5765);
#4619=AXIS2_PLACEMENT_3D('',#7622,#5767,#5768);
#4620=AXIS2_PLACEMENT_3D('',#7624,#5770,#5771);
#4621=AXIS2_PLACEMENT_3D('',#7625,#5772,#5773);
#4622=AXIS2_PLACEMENT_3D('',#7626,#5774,#5775);
#4623=AXIS2_PLACEMENT_3D('',#7627,#5776,#5777);
#4624=AXIS2_PLACEMENT_3D('',#7628,#5778,#5779);
#4625=AXIS2_PLACEMENT_3D('',#7630,#5781,#5782);
#4626=AXIS2_PLACEMENT_3D('',#7632,#5784,#5785);
#4627=AXIS2_PLACEMENT_3D('',#7634,#5787,#5788);
#4628=AXIS2_PLACEMENT_3D('',#7636,#5790,#5791);
#4629=AXIS2_PLACEMENT_3D('',#7639,#5794,#5795);
#4630=AXIS2_PLACEMENT_3D('',#7641,#5797,#5798);
#4631=AXIS2_PLACEMENT_3D('',#7642,#5799,#5800);
#4632=AXIS2_PLACEMENT_3D('',#7643,#5801,#5802);
#4633=AXIS2_PLACEMENT_3D('',#7644,#5803,#5804);
#4634=AXIS2_PLACEMENT_3D('',#7646,#5806,#5807);
#4635=AXIS2_PLACEMENT_3D('',#7649,#5810,#5811);
#4636=AXIS2_PLACEMENT_3D('',#7652,#5814,#5815);
#4637=AXIS2_PLACEMENT_3D('',#7655,#5818,#5819);
#4638=AXIS2_PLACEMENT_3D('',#7658,#5822,#5823);
#4639=AXIS2_PLACEMENT_3D('',#7660,#5825,#5826);
#4640=AXIS2_PLACEMENT_3D('',#7661,#5827,#5828);
#4641=AXIS2_PLACEMENT_3D('',#7662,#5829,#5830);
#4642=AXIS2_PLACEMENT_3D('',#7663,#5831,#5832);
#4643=AXIS2_PLACEMENT_3D('',#7664,#5833,#5834);
#4644=AXIS2_PLACEMENT_3D('',#7665,#5835,#5836);
#4645=AXIS2_PLACEMENT_3D('',#7666,#5837,#5838);
#4646=AXIS2_PLACEMENT_3D('',#7667,#5839,#5840);
#4647=AXIS2_PLACEMENT_3D('',#7668,#5841,#5842);
#4648=AXIS2_PLACEMENT_3D('',#7669,#5843,#5844);
#4649=AXIS2_PLACEMENT_3D('',#7670,#5845,#5846);
#4650=AXIS2_PLACEMENT_3D('',#7671,#5847,#5848);
#4651=AXIS2_PLACEMENT_3D('',#7673,#5850,#5851);
#4652=AXIS2_PLACEMENT_3D('',#7674,#5852,#5853);
#4653=AXIS2_PLACEMENT_3D('',#7675,#5854,#5855);
#4654=AXIS2_PLACEMENT_3D('',#7676,#5856,#5857);
#4655=AXIS2_PLACEMENT_3D('',#7678,#5859,#5860);
#4656=AXIS2_PLACEMENT_3D('',#7679,#5861,#5862);
#4657=AXIS2_PLACEMENT_3D('',#7680,#5863,#5864);
#4658=AXIS2_PLACEMENT_3D('',#7681,#5865,#5866);
#4659=AXIS2_PLACEMENT_3D('',#7682,#5867,#5868);
#4660=AXIS2_PLACEMENT_3D('',#7683,#5869,#5870);
#4661=AXIS2_PLACEMENT_3D('',#7684,#5871,#5872);
#4662=AXIS2_PLACEMENT_3D('',#7685,#5873,#5874);
#4663=DIRECTION('axis',(0.,0.,1.));
#4664=DIRECTION('refdir',(1.,0.,0.));
#4665=DIRECTION('center_axis',(0.,0.,-1.));
#4666=DIRECTION('ref_axis',(0.707106781186546,0.707106781186549,0.));
#4667=DIRECTION('center_axis',(-5.18104078158408E-15,0.,1.));
#4668=DIRECTION('ref_axis',(0.707106781186546,0.707106781186549,0.));
#4669=DIRECTION('',(0.,0.,1.));
#4670=DIRECTION('center_axis',(-2.24190965091808E-15,0.,-1.));
#4671=DIRECTION('ref_axis',(0.707106781186546,0.707106781186549,0.));
#4672=DIRECTION('',(0.,0.,-1.));
#4673=DIRECTION('center_axis',(0.,1.,0.));
#4674=DIRECTION('ref_axis',(1.,0.,0.));
#4675=DIRECTION('',(-1.,0.,0.));
#4676=DIRECTION('center_axis',(0.,-1.,0.));
#4677=DIRECTION('ref_axis',(-0.707106781186546,0.,-0.707106781186549));
#4678=DIRECTION('',(0.,0.,1.));
#4679=DIRECTION('center_axis',(0.,-1.,0.));
#4680=DIRECTION('ref_axis',(-0.450931304187126,0.,0.892558658522844));
#4681=DIRECTION('center_axis',(0.,1.,0.));
#4682=DIRECTION('ref_axis',(-0.804998156732268,0.,0.59327731092437));
#4683=DIRECTION('',(1.,0.,-2.24190965091808E-15));
#4684=DIRECTION('center_axis',(5.18104078158408E-15,0.,-1.));
#4685=DIRECTION('ref_axis',(-1.,0.,-5.18104078158408E-15));
#4686=DIRECTION('',(0.,1.,0.));
#4687=DIRECTION('center_axis',(-5.18104078158408E-15,0.,1.));
#4688=DIRECTION('ref_axis',(0.707106781186546,-0.707106781186549,0.));
#4689=DIRECTION('',(-1.,0.,2.22044604925032E-15));
#4690=DIRECTION('',(-1.,0.,2.22044604925032E-15));
#4691=DIRECTION('',(-1.,0.,-5.18104078158408E-15));
#4692=DIRECTION('',(0.,-1.,0.));
#4693=DIRECTION('center_axis',(0.,0.,1.));
#4694=DIRECTION('ref_axis',(0.707106781186546,-0.707106781186549,0.));
#4695=DIRECTION('center_axis',(-2.24190965091808E-15,0.,-1.));
#4696=DIRECTION('ref_axis',(0.707106781186546,-0.707106781186549,0.));
#4697=DIRECTION('',(0.,0.,-1.));
#4698=DIRECTION('center_axis',(-5.18104078158408E-15,0.,1.));
#4699=DIRECTION('ref_axis',(0.707106781186546,-0.707106781186549,0.));
#4700=DIRECTION('',(0.,0.,1.));
#4701=DIRECTION('center_axis',(1.,0.,0.));
#4702=DIRECTION('ref_axis',(0.,0.,-1.));
#4703=DIRECTION('',(0.,1.,0.));
#4704=DIRECTION('',(0.,0.,-1.));
#4705=DIRECTION('',(0.,1.,0.));
#4706=DIRECTION('center_axis',(5.18104078158408E-15,0.,-1.));
#4707=DIRECTION('ref_axis',(-1.,0.,-5.18104078158408E-15));
#4708=DIRECTION('',(1.,0.,0.));
#4709=DIRECTION('',(0.,-1.,0.));
#4710=DIRECTION('',(1.,0.,5.18104078158408E-15));
#4711=DIRECTION('',(1.,0.,-2.22044604925032E-15));
#4712=DIRECTION('',(1.,0.,-2.22044604925032E-15));
#4713=DIRECTION('center_axis',(-5.18104078158408E-15,0.,1.));
#4714=DIRECTION('ref_axis',(0.707106781186546,0.707106781186549,0.));
#4715=DIRECTION('center_axis',(0.,0.,-1.));
#4716=DIRECTION('ref_axis',(-0.707106781186546,-0.707106781186549,0.));
#4717=DIRECTION('center_axis',(-5.18104078158408E-15,0.,1.));
#4718=DIRECTION('ref_axis',(-0.707106781186546,-0.707106781186549,0.));
#4719=DIRECTION('',(0.,0.,1.));
#4720=DIRECTION('center_axis',(7.47303216972692E-15,0.,-1.));
#4721=DIRECTION('ref_axis',(-0.707106781186546,-0.707106781186549,0.));
#4722=DIRECTION('',(0.,0.,-1.));
#4723=DIRECTION('center_axis',(5.18104078158408E-15,0.,-1.));
#4724=DIRECTION('ref_axis',(-1.,0.,-5.18104078158408E-15));
#4725=DIRECTION('',(0.,-1.,0.));
#4726=DIRECTION('center_axis',(-5.18104078158408E-15,0.,1.));
#4727=DIRECTION('ref_axis',(-0.707106781186546,0.707106781186549,0.));
#4728=DIRECTION('',(1.,0.,5.18104078158408E-15));
#4729=DIRECTION('',(1.,0.,5.18104078158408E-15));
#4730=DIRECTION('',(1.,0.,5.18104078158408E-15));
#4731=DIRECTION('',(0.,1.,0.));
#4732=DIRECTION('',(1.,0.,0.));
#4733=DIRECTION('center_axis',(-1.,0.,0.));
#4734=DIRECTION('ref_axis',(0.,0.,1.));
#4735=DIRECTION('',(0.,1.,0.));
#4736=DIRECTION('',(0.,0.,1.));
#4737=DIRECTION('center_axis',(0.,0.,1.));
#4738=DIRECTION('ref_axis',(-0.707106781186546,0.707106781186549,0.));
#4739=DIRECTION('center_axis',(7.47303216972692E-15,0.,-1.));
#4740=DIRECTION('ref_axis',(-0.707106781186546,0.707106781186549,0.));
#4741=DIRECTION('',(0.,0.,-1.));
#4742=DIRECTION('center_axis',(-5.18104078158408E-15,0.,1.));
#4743=DIRECTION('ref_axis',(-0.707106781186546,0.707106781186549,0.));
#4744=DIRECTION('',(0.,0.,1.));
#4745=DIRECTION('center_axis',(-1.,0.,0.));
#4746=DIRECTION('ref_axis',(0.,0.,1.));
#4747=DIRECTION('',(0.,-1.,0.));
#4748=DIRECTION('',(0.,0.,-1.));
#4749=DIRECTION('',(0.,1.,0.));
#4750=DIRECTION('center_axis',(5.18104078158408E-15,0.,-1.));
#4751=DIRECTION('ref_axis',(-1.,0.,-5.18104078158408E-15));
#4752=DIRECTION('',(-1.,0.,0.));
#4753=DIRECTION('',(0.,1.,0.));
#4754=DIRECTION('',(-1.,0.,-5.18104078158408E-15));
#4755=DIRECTION('',(-1.,0.,-5.18104078158408E-15));
#4756=DIRECTION('',(-1.,0.,-5.18104078158408E-15));
#4757=DIRECTION('center_axis',(-5.18104078158408E-15,0.,1.));
#4758=DIRECTION('ref_axis',(-0.707106781186546,-0.707106781186549,0.));
#4759=DIRECTION('center_axis',(0.,0.,-1.));
#4760=DIRECTION('ref_axis',(-0.707106781186546,0.707106781186549,0.));
#4761=DIRECTION('center_axis',(7.47303216972692E-15,0.,-1.));
#4762=DIRECTION('ref_axis',(-0.707106781186546,0.707106781186549,0.));
#4763=DIRECTION('',(0.,0.,-1.));
#4764=DIRECTION('center_axis',(0.,0.,1.));
#4765=DIRECTION('ref_axis',(-0.707106781186547,-0.707106781186548,0.));
#4766=DIRECTION('center_axis',(7.47303216972692E-15,0.,-1.));
#4767=DIRECTION('ref_axis',(-0.707106781186547,-0.707106781186548,0.));
#4768=DIRECTION('',(0.,0.,-1.));
#4769=DIRECTION('center_axis',(-5.18104078158408E-15,0.,1.));
#4770=DIRECTION('ref_axis',(-0.707106781186547,-0.707106781186548,0.));
#4771=DIRECTION('',(0.,0.,1.));
#4772=DIRECTION('center_axis',(5.18104078158408E-15,0.,-1.));
#4773=DIRECTION('ref_axis',(-1.,0.,-5.18104078158408E-15));
#4774=DIRECTION('',(0.,-1.,0.));
#4775=DIRECTION('center_axis',(-5.18104078158408E-15,0.,1.));
#4776=DIRECTION('ref_axis',(-0.707106781186547,0.707106781186548,0.));
#4777=DIRECTION('',(1.,0.,5.18104078158408E-15));
#4778=DIRECTION('',(0.,-1.,0.));
#4779=DIRECTION('',(-1.,0.,-5.18104078158408E-15));
#4780=DIRECTION('center_axis',(-1.,0.,0.));
#4781=DIRECTION('ref_axis',(0.,0.,1.));
#4782=DIRECTION('',(0.,1.,0.));
#4783=DIRECTION('',(0.,0.,1.));
#4784=DIRECTION('center_axis',(0.,0.,-1.));
#4785=DIRECTION('ref_axis',(-0.707106781186547,0.707106781186548,0.));
#4786=DIRECTION('center_axis',(7.47303216972692E-15,0.,-1.));
#4787=DIRECTION('ref_axis',(-0.707106781186547,0.707106781186548,0.));
#4788=DIRECTION('',(0.,0.,-1.));
#4789=DIRECTION('center_axis',(0.,0.,1.));
#4790=DIRECTION('ref_axis',(-0.707106781186546,-0.707106781186549,0.));
#4791=DIRECTION('center_axis',(7.47303216972692E-15,0.,-1.));
#4792=DIRECTION('ref_axis',(-0.707106781186546,-0.707106781186549,0.));
#4793=DIRECTION('',(0.,0.,1.));
#4794=DIRECTION('center_axis',(0.,1.,0.));
#4795=DIRECTION('ref_axis',(-1.,0.,0.));
#4796=DIRECTION('center_axis',(0.,1.,0.));
#4797=DIRECTION('ref_axis',(-0.8220640569395,0.,0.569395017793597));
#4798=DIRECTION('',(0.,0.,1.));
#4799=DIRECTION('center_axis',(0.,1.,0.));
#4800=DIRECTION('ref_axis',(0.450931304187114,0.,0.89255865852285));
#4801=DIRECTION('center_axis',(0.,1.,0.));
#4802=DIRECTION('ref_axis',(-0.804998156732268,0.,0.59327731092437));
#4803=DIRECTION('',(1.,0.,7.47303216972692E-15));
#4804=DIRECTION('center_axis',(0.,0.,-1.));
#4805=DIRECTION('ref_axis',(0.707106781186546,-0.707106781186549,0.));
#4806=DIRECTION('',(0.,0.,1.));
#4807=DIRECTION('center_axis',(-2.24190965091808E-15,0.,-1.));
#4808=DIRECTION('ref_axis',(0.707106781186546,-0.707106781186549,0.));
#4809=DIRECTION('',(0.,0.,-1.));
#4810=DIRECTION('center_axis',(0.,1.,0.));
#4811=DIRECTION('ref_axis',(-1.,0.,0.));
#4812=DIRECTION('',(1.,0.,-2.24190965091808E-15));
#4813=DIRECTION('center_axis',(0.,1.,0.));
#4814=DIRECTION('ref_axis',(-0.804998156732268,0.,0.59327731092437));
#4815=DIRECTION('center_axis',(0.,1.,0.));
#4816=DIRECTION('ref_axis',(-0.450931304187126,0.,0.892558658522844));
#4817=DIRECTION('',(0.,0.,-1.));
#4818=DIRECTION('center_axis',(0.,1.,0.));
#4819=DIRECTION('ref_axis',(-0.8220640569395,0.,0.569395017793597));
#4820=DIRECTION('center_axis',(0.,0.,1.));
#4821=DIRECTION('ref_axis',(0.707106781186547,0.707106781186548,0.));
#4822=DIRECTION('center_axis',(-2.24190965091808E-15,0.,-1.));
#4823=DIRECTION('ref_axis',(0.707106781186547,0.707106781186548,0.));
#4824=DIRECTION('',(0.,0.,-1.));
#4825=DIRECTION('center_axis',(-5.18104078158408E-15,0.,1.));
#4826=DIRECTION('ref_axis',(0.707106781186547,0.707106781186548,0.));
#4827=DIRECTION('',(0.,0.,1.));
#4828=DIRECTION('center_axis',(0.,-1.,0.));
#4829=DIRECTION('ref_axis',(1.,0.,0.));
#4830=DIRECTION('',(1.,0.,-2.22044604925032E-15));
#4831=DIRECTION('',(1.,0.,-2.22044604925032E-15));
#4832=DIRECTION('center_axis',(0.,1.,0.));
#4833=DIRECTION('ref_axis',(-0.8220640569395,0.,0.569395017793597));
#4834=DIRECTION('',(0.,0.,-1.));
#4835=DIRECTION('center_axis',(0.,-1.,0.));
#4836=DIRECTION('ref_axis',(-0.804998156732268,0.,0.59327731092437));
#4837=DIRECTION('',(-1.,0.,2.24190965091808E-15));
#4838=DIRECTION('center_axis',(5.18104078158408E-15,0.,-1.));
#4839=DIRECTION('ref_axis',(-1.,0.,-5.18104078158408E-15));
#4840=DIRECTION('',(0.,1.,0.));
#4841=DIRECTION('center_axis',(-5.18104078158408E-15,0.,1.));
#4842=DIRECTION('ref_axis',(0.707106781186547,-0.707106781186548,0.));
#4843=DIRECTION('',(-1.,0.,2.22044604925032E-15));
#4844=DIRECTION('',(0.,1.,0.));
#4845=DIRECTION('center_axis',(0.,0.,-1.));
#4846=DIRECTION('ref_axis',(0.707106781186547,-0.707106781186548,0.));
#4847=DIRECTION('',(0.,0.,1.));
#4848=DIRECTION('center_axis',(-2.24190965091808E-15,0.,-1.));
#4849=DIRECTION('ref_axis',(0.707106781186547,-0.707106781186548,0.));
#4850=DIRECTION('',(0.,0.,-1.));
#4851=DIRECTION('center_axis',(0.,1.,0.));
#4852=DIRECTION('ref_axis',(-1.,0.,0.));
#4853=DIRECTION('',(1.,0.,-2.24190965091808E-15));
#4854=DIRECTION('center_axis',(0.,1.,0.));
#4855=DIRECTION('ref_axis',(-0.804998156732268,0.,0.59327731092437));
#4856=DIRECTION('',(0.,0.,1.));
#4857=DIRECTION('center_axis',(0.,-1.,0.));
#4858=DIRECTION('ref_axis',(-0.8220640569395,0.,0.569395017793597));
#4859=DIRECTION('',(-1.,0.,2.22044604925032E-15));
#4860=DIRECTION('center_axis',(0.,0.,1.));
#4861=DIRECTION('ref_axis',(0.707106781186546,0.707106781186549,0.));
#4862=DIRECTION('center_axis',(-2.24190965091808E-15,0.,-1.));
#4863=DIRECTION('ref_axis',(0.707106781186546,0.707106781186549,0.));
#4864=DIRECTION('',(0.,0.,1.));
#4865=DIRECTION('center_axis',(0.,-1.,0.));
#4866=DIRECTION('ref_axis',(1.,0.,0.));
#4867=DIRECTION('center_axis',(0.,-1.,0.));
#4868=DIRECTION('ref_axis',(-0.8220640569395,0.,0.569395017793597));
#4869=DIRECTION('',(0.,0.,1.));
#4870=DIRECTION('center_axis',(0.,-1.,0.));
#4871=DIRECTION('ref_axis',(-0.450931304187126,0.,0.892558658522844));
#4872=DIRECTION('center_axis',(0.,-1.,0.));
#4873=DIRECTION('ref_axis',(-0.804998156732268,0.,0.59327731092437));
#4874=DIRECTION('',(-1.,0.,2.24190965091808E-15));
#4875=DIRECTION('center_axis',(0.,1.,0.));
#4876=DIRECTION('ref_axis',(0.,0.,1.));
#4877=DIRECTION('center_axis',(0.,-1.,0.));
#4878=DIRECTION('ref_axis',(-0.567977141372186,0.,0.823044328623118));
#4879=DIRECTION('center_axis',(0.,1.,0.));
#4880=DIRECTION('ref_axis',(-0.567977141372186,0.,0.823044328623118));
#4881=DIRECTION('center_axis',(0.,1.,0.));
#4882=DIRECTION('ref_axis',(-0.8220640569395,0.,0.569395017793597));
#4883=DIRECTION('',(0.,1.,0.));
#4884=DIRECTION('',(0.,-1.,0.));
#4885=DIRECTION('',(0.,-1.,0.));
#4886=DIRECTION('center_axis',(0.,1.,0.));
#4887=DIRECTION('ref_axis',(-0.8220640569395,0.,0.569395017793597));
#4888=DIRECTION('',(0.,-1.,0.));
#4889=DIRECTION('center_axis',(0.,-1.,0.));
#4890=DIRECTION('ref_axis',(-0.8220640569395,0.,0.569395017793597));
#4891=DIRECTION('',(0.,-1.,0.));
#4892=DIRECTION('center_axis',(0.,-1.,0.));
#4893=DIRECTION('ref_axis',(-0.8220640569395,0.,0.569395017793597));
#4894=DIRECTION('',(0.,-1.,0.));
#4895=DIRECTION('center_axis',(0.,-1.,0.));
#4896=DIRECTION('ref_axis',(-0.567977141372186,0.,0.823044328623118));
#4897=DIRECTION('',(0.,1.,0.));
#4898=DIRECTION('center_axis',(0.,-1.,0.));
#4899=DIRECTION('ref_axis',(-0.8220640569395,0.,0.569395017793597));
#4900=DIRECTION('',(0.,-1.,0.));
#4901=DIRECTION('center_axis',(0.,-1.,0.));
#4902=DIRECTION('ref_axis',(-0.283940966947479,0.,0.958841763425504));
#4903=DIRECTION('',(0.,1.,0.));
#4904=DIRECTION('center_axis',(0.,-1.,0.));
#4905=DIRECTION('ref_axis',(-0.8220640569395,0.,0.569395017793597));
#4906=DIRECTION('',(0.,-1.,0.));
#4907=DIRECTION('center_axis',(0.,-1.,0.));
#4908=DIRECTION('ref_axis',(-9.12674443730989E-15,0.,1.));
#4909=DIRECTION('',(0.,1.,0.));
#4910=DIRECTION('center_axis',(0.,-1.,0.));
#4911=DIRECTION('ref_axis',(-0.8220640569395,0.,0.569395017793597));
#4912=DIRECTION('',(0.,-1.,0.));
#4913=DIRECTION('center_axis',(0.,-1.,0.));
#4914=DIRECTION('ref_axis',(0.283940966947462,0.,0.958841763425509));
#4915=DIRECTION('',(0.,1.,0.));
#4916=DIRECTION('center_axis',(0.,-1.,0.));
#4917=DIRECTION('ref_axis',(-0.8220640569395,0.,0.569395017793597));
#4918=DIRECTION('',(0.,-1.,0.));
#4919=DIRECTION('center_axis',(0.,-1.,0.));
#4920=DIRECTION('ref_axis',(0.567977141372171,0.,0.823044328623128));
#4921=DIRECTION('',(0.,1.,0.));
#4922=DIRECTION('',(0.,1.,0.));
#4923=DIRECTION('',(0.,1.,0.));
#4924=DIRECTION('',(0.,1.,0.));
#4925=DIRECTION('',(0.,1.,0.));
#4926=DIRECTION('center_axis',(0.,1.,0.));
#4927=DIRECTION('ref_axis',(0.567977141372171,0.,0.823044328623128));
#4928=DIRECTION('',(0.,-1.,0.));
#4929=DIRECTION('center_axis',(0.,1.,0.));
#4930=DIRECTION('ref_axis',(-0.8220640569395,0.,0.569395017793597));
#4931=DIRECTION('',(0.,1.,0.));
#4932=DIRECTION('center_axis',(0.,1.,0.));
#4933=DIRECTION('ref_axis',(0.283940966947463,0.,0.958841763425509));
#4934=DIRECTION('',(0.,-1.,0.));
#4935=DIRECTION('center_axis',(0.,1.,0.));
#4936=DIRECTION('ref_axis',(-0.8220640569395,0.,0.569395017793597));
#4937=DIRECTION('',(0.,1.,0.));
#4938=DIRECTION('center_axis',(0.,1.,0.));
#4939=DIRECTION('ref_axis',(-9.12674443730989E-15,0.,1.));
#4940=DIRECTION('',(0.,-1.,0.));
#4941=DIRECTION('center_axis',(0.,1.,0.));
#4942=DIRECTION('ref_axis',(-0.8220640569395,0.,0.569395017793597));
#4943=DIRECTION('',(0.,1.,0.));
#4944=DIRECTION('center_axis',(0.,1.,0.));
#4945=DIRECTION('ref_axis',(-0.283940966947479,0.,0.958841763425504));
#4946=DIRECTION('',(0.,-1.,0.));
#4947=DIRECTION('center_axis',(0.,1.,0.));
#4948=DIRECTION('ref_axis',(-0.8220640569395,0.,0.569395017793597));
#4949=DIRECTION('center_axis',(0.,1.,0.));
#4950=DIRECTION('ref_axis',(-0.8220640569395,0.,0.569395017793597));
#4951=DIRECTION('',(0.,-1.,0.));
#4952=DIRECTION('center_axis',(0.,-1.,0.));
#4953=DIRECTION('ref_axis',(-0.8220640569395,0.,0.569395017793597));
#4954=DIRECTION('',(0.,1.,0.));
#4955=DIRECTION('',(0.,-1.,0.));
#4956=DIRECTION('center_axis',(0.,-1.,0.));
#4957=DIRECTION('ref_axis',(-0.8220640569395,0.,0.569395017793597));
#4958=DIRECTION('',(0.,1.,0.));
#4959=DIRECTION('center_axis',(0.,1.,0.));
#4960=DIRECTION('ref_axis',(-0.8220640569395,0.,0.569395017793597));
#4961=DIRECTION('',(0.,-1.,0.));
#4962=DIRECTION('center_axis',(0.,-1.,0.));
#4963=DIRECTION('ref_axis',(-0.8220640569395,0.,0.569395017793597));
#4964=DIRECTION('',(0.,1.,0.));
#4965=DIRECTION('center_axis',(0.,1.,0.));
#4966=DIRECTION('ref_axis',(-0.8220640569395,0.,0.569395017793597));
#4967=DIRECTION('',(0.,-1.,0.));
#4968=DIRECTION('center_axis',(0.,-1.,0.));
#4969=DIRECTION('ref_axis',(-0.8220640569395,0.,0.569395017793597));
#4970=DIRECTION('',(0.,1.,0.));
#4971=DIRECTION('center_axis',(0.,1.,0.));
#4972=DIRECTION('ref_axis',(-0.8220640569395,0.,0.569395017793597));
#4973=DIRECTION('center_axis',(0.,1.,0.));
#4974=DIRECTION('ref_axis',(0.,0.,1.));
#4975=DIRECTION('center_axis',(0.,-1.,0.));
#4976=DIRECTION('ref_axis',(-0.283940966947479,0.,0.958841763425504));
#4977=DIRECTION('center_axis',(0.,1.,0.));
#4978=DIRECTION('ref_axis',(0.,0.,1.));
#4979=DIRECTION('center_axis',(0.,-1.,0.));
#4980=DIRECTION('ref_axis',(-9.12674443730988E-15,0.,1.));
#4981=DIRECTION('center_axis',(0.,1.,0.));
#4982=DIRECTION('ref_axis',(0.,0.,1.));
#4983=DIRECTION('center_axis',(0.,-1.,0.));
#4984=DIRECTION('ref_axis',(0.283940966947463,0.,0.958841763425509));
#4985=DIRECTION('center_axis',(0.,1.,0.));
#4986=DIRECTION('ref_axis',(0.,0.,1.));
#4987=DIRECTION('center_axis',(0.,-1.,0.));
#4988=DIRECTION('ref_axis',(0.567977141372171,0.,0.823044328623128));
#4989=DIRECTION('center_axis',(0.,-1.,0.));
#4990=DIRECTION('ref_axis',(0.,0.,-1.));
#4991=DIRECTION('center_axis',(0.,1.,0.));
#4992=DIRECTION('ref_axis',(0.567977141372171,0.,0.823044328623128));
#4993=DIRECTION('center_axis',(0.,-1.,0.));
#4994=DIRECTION('ref_axis',(0.,0.,-1.));
#4995=DIRECTION('center_axis',(0.,1.,0.));
#4996=DIRECTION('ref_axis',(0.283940966947462,0.,0.958841763425509));
#4997=DIRECTION('center_axis',(0.,-1.,0.));
#4998=DIRECTION('ref_axis',(-9.00424887691599E-15,0.,1.));
#4999=DIRECTION('center_axis',(0.,1.,0.));
#5000=DIRECTION('ref_axis',(-9.12674443730988E-15,0.,1.));
#5001=DIRECTION('center_axis',(0.,-1.,0.));
#5002=DIRECTION('ref_axis',(0.,0.,-1.));
#5003=DIRECTION('center_axis',(0.,1.,0.));
#5004=DIRECTION('ref_axis',(-0.283940966947479,0.,0.958841763425504));
#5005=DIRECTION('center_axis',(0.,-1.,0.));
#5006=DIRECTION('ref_axis',(0.,0.,-1.));
#5007=DIRECTION('center_axis',(0.,1.,0.));
#5008=DIRECTION('ref_axis',(-0.567977141372186,0.,0.823044328623118));
#5009=DIRECTION('center_axis',(-1.,0.,0.));
#5010=DIRECTION('ref_axis',(0.,-0.707106781186548,-0.707106781186548));
#5011=DIRECTION('center_axis',(-1.,0.,0.));
#5012=DIRECTION('ref_axis',(0.,-0.707106781186548,-0.707106781186548));
#5013=DIRECTION('',(1.,0.,0.));
#5014=DIRECTION('center_axis',(1.,0.,0.));
#5015=DIRECTION('ref_axis',(0.,-0.707106781186548,-0.707106781186548));
#5016=DIRECTION('',(-1.,0.,0.));
#5017=DIRECTION('center_axis',(0.,1.,0.));
#5018=DIRECTION('ref_axis',(1.,0.,0.));
#5019=DIRECTION('',(1.28579753049617E-15,0.,-1.));
#5020=DIRECTION('center_axis',(0.,1.,0.));
#5021=DIRECTION('ref_axis',(0.70710678118655,0.,-0.707106781186545));
#5022=DIRECTION('',(1.,0.,5.18104078158408E-15));
#5023=DIRECTION('center_axis',(0.,1.,0.));
#5024=DIRECTION('ref_axis',(-0.707106781186547,0.,-0.707106781186548));
#5025=DIRECTION('',(0.,0.,1.));
#5026=DIRECTION('',(0.,0.,-1.));
#5027=DIRECTION('center_axis',(0.,1.,0.));
#5028=DIRECTION('ref_axis',(0.70710678118655,0.,-0.707106781186545));
#5029=DIRECTION('',(1.,0.,5.18104078158408E-15));
#5030=DIRECTION('center_axis',(0.,1.,0.));
#5031=DIRECTION('ref_axis',(-0.707106781186546,0.,-0.707106781186549));
#5032=DIRECTION('',(0.,0.,1.));
#5033=DIRECTION('',(1.22860165413501E-15,0.,-1.));
#5034=DIRECTION('center_axis',(0.,1.,0.));
#5035=DIRECTION('ref_axis',(0.70710678118655,0.,-0.707106781186545));
#5036=DIRECTION('',(1.,0.,5.18104078158408E-15));
#5037=DIRECTION('center_axis',(0.,1.,0.));
#5038=DIRECTION('ref_axis',(-0.707106781186546,0.,-0.707106781186549));
#5039=DIRECTION('',(0.,0.,1.));
#5040=DIRECTION('',(-4.09667897973768E-16,0.,-1.));
#5041=DIRECTION('center_axis',(0.,1.,0.));
#5042=DIRECTION('ref_axis',(0.707106781186549,0.,-0.707106781186546));
#5043=DIRECTION('',(1.,0.,5.18104078158408E-15));
#5044=DIRECTION('center_axis',(0.,1.,0.));
#5045=DIRECTION('ref_axis',(-0.707106781186546,0.,-0.707106781186549));
#5046=DIRECTION('',(0.,0.,1.));
#5047=DIRECTION('',(0.,0.,-1.));
#5048=DIRECTION('center_axis',(0.,1.,0.));
#5049=DIRECTION('ref_axis',(0.707106781186553,0.,-0.707106781186542));
#5050=DIRECTION('',(1.,0.,5.18104078158408E-15));
#5051=DIRECTION('',(0.,0.,-1.));
#5052=DIRECTION('',(-1.,0.,0.));
#5053=DIRECTION('',(0.,0.,-1.));
#5054=DIRECTION('',(0.,0.,1.));
#5055=DIRECTION('',(-1.,0.,0.));
#5056=DIRECTION('',(0.,0.,1.));
#5057=DIRECTION('',(1.,0.,-2.22044604925032E-15));
#5058=DIRECTION('center_axis',(0.,1.,0.));
#5059=DIRECTION('ref_axis',(-0.707106781186546,0.,-0.707106781186549));
#5060=DIRECTION('',(0.,0.,-1.));
#5061=DIRECTION('center_axis',(1.,0.,0.));
#5062=DIRECTION('ref_axis',(0.,0.707106781186548,-0.707106781186548));
#5063=DIRECTION('center_axis',(1.,0.,0.));
#5064=DIRECTION('ref_axis',(0.,0.707106781186548,-0.707106781186548));
#5065=DIRECTION('',(-1.,0.,0.));
#5066=DIRECTION('center_axis',(-1.,0.,0.));
#5067=DIRECTION('ref_axis',(0.,0.707106781186548,-0.707106781186548));
#5068=DIRECTION('',(1.,0.,0.));
#5069=DIRECTION('center_axis',(0.,1.,0.));
#5070=DIRECTION('ref_axis',(1.,0.,0.));
#5071=DIRECTION('',(0.,0.,-1.));
#5072=DIRECTION('center_axis',(0.,-1.,0.));
#5073=DIRECTION('ref_axis',(-0.707106781186546,0.,-0.707106781186549));
#5074=DIRECTION('',(-1.,0.,-5.18104078158408E-15));
#5075=DIRECTION('center_axis',(0.,-1.,0.));
#5076=DIRECTION('ref_axis',(0.707106781186549,0.,-0.707106781186546));
#5077=DIRECTION('',(4.09667897973768E-16,0.,1.));
#5078=DIRECTION('',(0.,0.,-1.));
#5079=DIRECTION('center_axis',(0.,-1.,0.));
#5080=DIRECTION('ref_axis',(-0.707106781186546,0.,-0.707106781186549));
#5081=DIRECTION('',(-1.,0.,-5.18104078158408E-15));
#5082=DIRECTION('center_axis',(0.,-1.,0.));
#5083=DIRECTION('ref_axis',(0.70710678118655,0.,-0.707106781186545));
#5084=DIRECTION('',(-1.22860165413501E-15,0.,1.));
#5085=DIRECTION('',(0.,0.,-1.));
#5086=DIRECTION('center_axis',(0.,-1.,0.));
#5087=DIRECTION('ref_axis',(-0.707106781186546,0.,-0.707106781186549));
#5088=DIRECTION('',(-1.,0.,-5.18104078158408E-15));
#5089=DIRECTION('center_axis',(0.,-1.,0.));
#5090=DIRECTION('ref_axis',(0.70710678118655,0.,-0.707106781186545));
#5091=DIRECTION('',(0.,0.,1.));
#5092=DIRECTION('',(0.,0.,-1.));
#5093=DIRECTION('center_axis',(0.,-1.,0.));
#5094=DIRECTION('ref_axis',(-0.707106781186547,0.,-0.707106781186548));
#5095=DIRECTION('',(-1.,0.,-5.18104078158408E-15));
#5096=DIRECTION('center_axis',(0.,-1.,0.));
#5097=DIRECTION('ref_axis',(0.70710678118655,0.,-0.707106781186545));
#5098=DIRECTION('',(-1.28579753049617E-15,0.,1.));
#5099=DIRECTION('',(0.,0.,1.));
#5100=DIRECTION('center_axis',(0.,-1.,0.));
#5101=DIRECTION('ref_axis',(-0.707106781186546,0.,-0.707106781186549));
#5102=DIRECTION('',(-1.,0.,2.22044604925032E-15));
#5103=DIRECTION('',(0.,0.,-1.));
#5104=DIRECTION('',(1.,0.,0.));
#5105=DIRECTION('',(0.,0.,-1.));
#5106=DIRECTION('',(0.,0.,1.));
#5107=DIRECTION('',(1.,0.,0.));
#5108=DIRECTION('',(0.,0.,1.));
#5109=DIRECTION('',(-1.,0.,-5.18104078158408E-15));
#5110=DIRECTION('center_axis',(0.,-1.,0.));
#5111=DIRECTION('ref_axis',(0.707106781186553,0.,-0.707106781186542));
#5112=DIRECTION('',(0.,0.,1.));
#5113=DIRECTION('center_axis',(0.,0.,-1.));
#5114=DIRECTION('ref_axis',(0.707106781186547,0.707106781186548,0.));
#5115=DIRECTION('center_axis',(0.,0.,1.));
#5116=DIRECTION('ref_axis',(0.707106781186547,0.707106781186548,0.));
#5117=DIRECTION('',(0.,0.,1.));
#5118=DIRECTION('center_axis',(0.,0.,-1.));
#5119=DIRECTION('ref_axis',(0.707106781186547,0.707106781186548,0.));
#5120=DIRECTION('',(0.,0.,-1.));
#5121=DIRECTION('center_axis',(-1.,0.,0.));
#5122=DIRECTION('ref_axis',(0.,0.,1.));
#5123=DIRECTION('',(0.,1.,0.));
#5124=DIRECTION('',(0.,1.,0.));
#5125=DIRECTION('',(0.,1.,0.));
#5126=DIRECTION('',(0.,0.,1.));
#5127=DIRECTION('',(0.,-1.,0.));
#5128=DIRECTION('center_axis',(0.,0.,1.));
#5129=DIRECTION('ref_axis',(1.,0.,0.));
#5130=DIRECTION('',(1.,0.,0.));
#5131=DIRECTION('',(0.,1.,0.));
#5132=DIRECTION('',(-1.,0.,0.));
#5133=DIRECTION('center_axis',(0.,0.,-1.));
#5134=DIRECTION('ref_axis',(0.707106781186547,-0.707106781186548,0.));
#5135=DIRECTION('',(0.,1.,0.));
#5136=DIRECTION('center_axis',(0.,0.,1.));
#5137=DIRECTION('ref_axis',(-0.707106781186547,0.707106781186548,0.));
#5138=DIRECTION('center_axis',(0.,0.,-1.));
#5139=DIRECTION('ref_axis',(-0.707106781186547,0.707106781186548,0.));
#5140=DIRECTION('',(0.,0.,-1.));
#5141=DIRECTION('center_axis',(0.,0.,1.));
#5142=DIRECTION('ref_axis',(-0.707106781186547,0.707106781186548,0.));
#5143=DIRECTION('',(0.,0.,1.));
#5144=DIRECTION('center_axis',(1.,0.,0.));
#5145=DIRECTION('ref_axis',(0.,0.,-1.));
#5146=DIRECTION('',(0.,1.,0.));
#5147=DIRECTION('',(0.,0.,-1.));
#5148=DIRECTION('',(0.,-1.,0.));
#5149=DIRECTION('',(0.,1.,0.));
#5150=DIRECTION('',(0.,-1.,0.));
#5151=DIRECTION('center_axis',(0.,0.,-1.));
#5152=DIRECTION('ref_axis',(-1.,0.,0.));
#5153=DIRECTION('',(-1.,0.,0.));
#5154=DIRECTION('',(0.,1.,0.));
#5155=DIRECTION('',(1.,0.,0.));
#5156=DIRECTION('center_axis',(0.,0.,1.));
#5157=DIRECTION('ref_axis',(-0.707106781186547,-0.707106781186548,0.));
#5158=DIRECTION('center_axis',(0.,0.,-1.));
#5159=DIRECTION('ref_axis',(-0.707106781186547,-0.707106781186548,0.));
#5160=DIRECTION('',(0.,0.,1.));
#5161=DIRECTION('center_axis',(0.,0.,-1.));
#5162=DIRECTION('ref_axis',(-0.707106781186547,-0.707106781186548,0.));
#5163=DIRECTION('center_axis',(0.,0.,1.));
#5164=DIRECTION('ref_axis',(0.707106781186547,-0.707106781186548,0.));
#5165=DIRECTION('',(0.,0.,-1.));
#5166=DIRECTION('center_axis',(0.,0.,1.));
#5167=DIRECTION('ref_axis',(0.707106781186547,-0.707106781186548,0.));
#5168=DIRECTION('center_axis',(0.,0.,1.));
#5169=DIRECTION('ref_axis',(1.,0.,0.));
#5170=DIRECTION('center_axis',(0.,1.,0.));
#5171=DIRECTION('ref_axis',(1.,0.,0.));
#5172=DIRECTION('',(1.,0.,0.));
#5173=DIRECTION('',(0.,0.,-1.));
#5174=DIRECTION('center_axis',(0.,1.,0.));
#5175=DIRECTION('ref_axis',(1.,0.,0.));
#5176=DIRECTION('',(-1.,0.,0.));
#5177=DIRECTION('',(0.,0.,1.));
#5178=DIRECTION('center_axis',(0.,0.,-1.));
#5179=DIRECTION('ref_axis',(-1.,0.,0.));
#5180=DIRECTION('',(1.,0.,0.));
#5181=DIRECTION('',(0.,1.,0.));
#5182=DIRECTION('center_axis',(0.,1.,0.));
#5183=DIRECTION('ref_axis',(1.,0.,0.));
#5184=DIRECTION('',(0.,0.,1.));
#5185=DIRECTION('',(-1.,0.,0.));
#5186=DIRECTION('center_axis',(0.,1.,0.));
#5187=DIRECTION('ref_axis',(1.,0.,0.));
#5188=DIRECTION('',(0.,0.,-1.));
#5189=DIRECTION('center_axis',(0.,0.,1.));
#5190=DIRECTION('ref_axis',(1.,0.,0.));
#5191=DIRECTION('',(0.,-1.,0.));
#5192=DIRECTION('',(0.,-1.,0.));
#5193=DIRECTION('center_axis',(0.,0.,-1.));
#5194=DIRECTION('ref_axis',(0.70710678118655,0.707106781186545,0.));
#5195=DIRECTION('',(0.,0.,-1.));
#5196=DIRECTION('',(0.,0.,1.));
#5197=DIRECTION('center_axis',(-1.,0.,0.));
#5198=DIRECTION('ref_axis',(0.,0.,1.));
#5199=DIRECTION('',(0.,1.,0.));
#5200=DIRECTION('',(0.,0.,1.));
#5201=DIRECTION('center_axis',(0.,1.,0.));
#5202=DIRECTION('ref_axis',(-0.804998156732268,0.,0.59327731092437));
#5203=DIRECTION('center_axis',(0.,-1.,0.));
#5204=DIRECTION('ref_axis',(-0.804998156732268,0.,0.59327731092437));
#5205=DIRECTION('',(0.,-1.,0.));
#5206=DIRECTION('center_axis',(0.,1.,0.));
#5207=DIRECTION('ref_axis',(-0.804998156732268,0.,0.59327731092437));
#5208=DIRECTION('center_axis',(0.,0.,1.));
#5209=DIRECTION('ref_axis',(-0.707106781186547,0.707106781186548,0.));
#5210=DIRECTION('',(0.,0.,-1.));
#5211=DIRECTION('',(0.,0.,1.));
#5212=DIRECTION('center_axis',(0.,-1.,0.));
#5213=DIRECTION('ref_axis',(1.,0.,0.));
#5214=DIRECTION('center_axis',(0.,-1.,0.));
#5215=DIRECTION('ref_axis',(-0.804998156732268,0.,0.59327731092437));
#5216=DIRECTION('',(0.,0.,1.));
#5217=DIRECTION('center_axis',(0.,1.,0.));
#5218=DIRECTION('ref_axis',(-0.804998156732268,0.,0.59327731092437));
#5219=DIRECTION('',(0.,-1.,0.));
#5220=DIRECTION('center_axis',(0.,1.,0.));
#5221=DIRECTION('ref_axis',(-0.804998156732268,0.,0.59327731092437));
#5222=DIRECTION('',(0.,1.,0.));
#5223=DIRECTION('center_axis',(0.,0.,-1.));
#5224=DIRECTION('ref_axis',(0.707106781186548,0.707106781186547,0.));
#5225=DIRECTION('',(0.,0.,-1.));
#5226=DIRECTION('center_axis',(-1.,0.,0.));
#5227=DIRECTION('ref_axis',(0.,0.,1.));
#5228=DIRECTION('',(0.,0.,1.));
#5229=DIRECTION('center_axis',(0.,0.,1.));
#5230=DIRECTION('ref_axis',(-0.707106781186548,0.707106781186547,0.));
#5231=DIRECTION('',(0.,0.,-1.));
#5232=DIRECTION('',(0.,0.,1.));
#5233=DIRECTION('center_axis',(1.,0.,0.));
#5234=DIRECTION('ref_axis',(0.,0.,-1.));
#5235=DIRECTION('',(0.,0.,-1.));
#5236=DIRECTION('',(0.,-1.,0.));
#5237=DIRECTION('center_axis',(0.,0.,-1.));
#5238=DIRECTION('ref_axis',(0.707106781186548,0.707106781186547,0.));
#5239=DIRECTION('',(0.,0.,-1.));
#5240=DIRECTION('',(0.,0.,1.));
#5241=DIRECTION('center_axis',(0.,-1.,0.));
#5242=DIRECTION('ref_axis',(1.,0.,0.));
#5243=DIRECTION('center_axis',(0.,-1.,0.));
#5244=DIRECTION('ref_axis',(-0.804998156732268,0.,0.59327731092437));
#5245=DIRECTION('center_axis',(-7.77554916653095E-17,0.,1.));
#5246=DIRECTION('ref_axis',(-0.707106781186548,0.707106781186547,0.));
#5247=DIRECTION('',(7.77554916653095E-17,0.,-1.));
#5248=DIRECTION('',(-7.77554916653095E-17,0.,1.));
#5249=DIRECTION('center_axis',(1.,0.,7.77554916653095E-17));
#5250=DIRECTION('ref_axis',(7.77554916653095E-17,0.,-1.));
#5251=DIRECTION('',(7.77554916653095E-17,0.,-1.));
#5252=DIRECTION('',(0.,-1.,0.));
#5253=DIRECTION('center_axis',(0.,0.,-1.));
#5254=DIRECTION('ref_axis',(0.707106781186548,0.707106781186547,0.));
#5255=DIRECTION('',(0.,0.,-1.));
#5256=DIRECTION('',(0.,0.,1.));
#5257=DIRECTION('center_axis',(0.,-1.,0.));
#5258=DIRECTION('ref_axis',(1.,0.,0.));
#5259=DIRECTION('center_axis',(0.,-1.,0.));
#5260=DIRECTION('ref_axis',(-0.804998156732268,0.,0.59327731092437));
#5261=DIRECTION('center_axis',(0.,0.,1.));
#5262=DIRECTION('ref_axis',(-0.707106781186548,0.707106781186547,0.));
#5263=DIRECTION('',(0.,0.,-1.));
#5264=DIRECTION('',(0.,0.,1.));
#5265=DIRECTION('center_axis',(1.,0.,0.));
#5266=DIRECTION('ref_axis',(0.,0.,-1.));
#5267=DIRECTION('',(0.,0.,-1.));
#5268=DIRECTION('',(0.,-1.,0.));
#5269=DIRECTION('center_axis',(0.,0.,-1.));
#5270=DIRECTION('ref_axis',(0.707106781186547,0.707106781186548,0.));
#5271=DIRECTION('',(0.,0.,-1.));
#5272=DIRECTION('',(0.,0.,1.));
#5273=DIRECTION('center_axis',(0.,-1.,0.));
#5274=DIRECTION('ref_axis',(1.,0.,0.));
#5275=DIRECTION('center_axis',(0.,-1.,0.));
#5276=DIRECTION('ref_axis',(-0.804998156732268,0.,0.59327731092437));
#5277=DIRECTION('center_axis',(0.,0.,1.));
#5278=DIRECTION('ref_axis',(-0.707106781186547,0.707106781186548,0.));
#5279=DIRECTION('',(0.,0.,1.));
#5280=DIRECTION('center_axis',(0.,1.,0.));
#5281=DIRECTION('ref_axis',(-0.804998156732268,0.,0.59327731092437));
#5282=DIRECTION('',(0.,-1.,0.));
#5283=DIRECTION('',(0.,1.,0.));
#5284=DIRECTION('center_axis',(1.,0.,0.));
#5285=DIRECTION('ref_axis',(0.,0.,-1.));
#5286=DIRECTION('',(0.,0.,-1.));
#5287=DIRECTION('center_axis',(0.,0.,-1.));
#5288=DIRECTION('ref_axis',(-0.707106781186547,-0.707106781186548,0.));
#5289=DIRECTION('center_axis',(0.,0.,1.));
#5290=DIRECTION('ref_axis',(0.70710678118655,-0.707106781186545,0.));
#5291=DIRECTION('',(0.,0.,-1.));
#5292=DIRECTION('',(0.,0.,1.));
#5293=DIRECTION('center_axis',(-1.,0.,0.));
#5294=DIRECTION('ref_axis',(0.,0.,1.));
#5295=DIRECTION('',(0.,1.,0.));
#5296=DIRECTION('center_axis',(0.,0.,-1.));
#5297=DIRECTION('ref_axis',(-0.707106781186548,-0.707106781186547,0.));
#5298=DIRECTION('',(0.,0.,1.));
#5299=DIRECTION('center_axis',(0.,1.,0.));
#5300=DIRECTION('ref_axis',(-1.,0.,0.));
#5301=DIRECTION('center_axis',(0.,1.,0.));
#5302=DIRECTION('ref_axis',(-0.804998156732268,0.,0.59327731092437));
#5303=DIRECTION('center_axis',(0.,0.,1.));
#5304=DIRECTION('ref_axis',(0.707106781186548,-0.707106781186547,0.));
#5305=DIRECTION('',(0.,0.,-1.));
#5306=DIRECTION('',(0.,0.,1.));
#5307=DIRECTION('center_axis',(-1.,0.,0.));
#5308=DIRECTION('ref_axis',(0.,0.,1.));
#5309=DIRECTION('',(0.,1.,0.));
#5310=DIRECTION('center_axis',(7.77554916653095E-17,0.,-1.));
#5311=DIRECTION('ref_axis',(-0.707106781186548,-0.707106781186547,0.));
#5312=DIRECTION('',(-7.77554916653095E-17,0.,1.));
#5313=DIRECTION('center_axis',(0.,1.,0.));
#5314=DIRECTION('ref_axis',(-1.,0.,0.));
#5315=DIRECTION('center_axis',(0.,1.,0.));
#5316=DIRECTION('ref_axis',(-0.804998156732268,0.,0.59327731092437));
#5317=DIRECTION('center_axis',(0.,0.,1.));
#5318=DIRECTION('ref_axis',(0.707106781186548,-0.707106781186547,0.));
#5319=DIRECTION('',(0.,0.,-1.));
#5320=DIRECTION('',(0.,0.,1.));
#5321=DIRECTION('center_axis',(-1.,0.,0.));
#5322=DIRECTION('ref_axis',(0.,0.,1.));
#5323=DIRECTION('',(0.,1.,0.));
#5324=DIRECTION('center_axis',(0.,0.,-1.));
#5325=DIRECTION('ref_axis',(-0.707106781186548,-0.707106781186547,0.));
#5326=DIRECTION('',(0.,0.,1.));
#5327=DIRECTION('center_axis',(0.,1.,0.));
#5328=DIRECTION('ref_axis',(-1.,0.,0.));
#5329=DIRECTION('center_axis',(0.,1.,0.));
#5330=DIRECTION('ref_axis',(-0.804998156732268,0.,0.59327731092437));
#5331=DIRECTION('center_axis',(0.,0.,1.));
#5332=DIRECTION('ref_axis',(0.707106781186547,-0.707106781186548,0.));
#5333=DIRECTION('',(0.,0.,-1.));
#5334=DIRECTION('center_axis',(0.,0.,-1.));
#5335=DIRECTION('ref_axis',(-0.707106781186547,-0.707106781186548,0.));
#5336=DIRECTION('',(0.,0.,-1.));
#5337=DIRECTION('',(0.,0.,1.));
#5338=DIRECTION('center_axis',(1.,0.,0.));
#5339=DIRECTION('ref_axis',(0.,0.,-1.));
#5340=DIRECTION('center_axis',(0.,0.,1.));
#5341=DIRECTION('ref_axis',(0.70710678118655,-0.707106781186545,0.));
#5342=DIRECTION('',(0.,0.,-1.));
#5343=DIRECTION('center_axis',(0.,-1.,0.));
#5344=DIRECTION('ref_axis',(-0.450931304187126,0.,0.892558658522844));
#5345=DIRECTION('center_axis',(0.,1.,0.));
#5346=DIRECTION('ref_axis',(-0.450931304187126,0.,0.892558658522844));
#5347=DIRECTION('',(0.,1.,0.));
#5348=DIRECTION('',(0.,-1.,0.));
#5349=DIRECTION('center_axis',(0.,1.,0.));
#5350=DIRECTION('ref_axis',(-0.804998156732268,0.,0.59327731092437));
#5351=DIRECTION('center_axis',(0.,-1.,0.));
#5352=DIRECTION('ref_axis',(-0.804998156732268,0.,0.59327731092437));
#5353=DIRECTION('',(0.,1.,0.));
#5354=DIRECTION('center_axis',(0.,1.,0.));
#5355=DIRECTION('ref_axis',(1.,0.,0.));
#5356=DIRECTION('',(-1.,0.,2.24190965091808E-15));
#5357=DIRECTION('',(0.,0.,-1.));
#5358=DIRECTION('center_axis',(0.,1.,0.));
#5359=DIRECTION('ref_axis',(-0.707106781186546,0.,-0.707106781186549));
#5360=DIRECTION('center_axis',(0.,1.,0.));
#5361=DIRECTION('ref_axis',(0.865778215138393,0.,0.500427899094144));
#5362=DIRECTION('center_axis',(0.,-1.,0.));
#5363=DIRECTION('ref_axis',(0.865778215138393,0.,0.500427899094144));
#5364=DIRECTION('',(0.,-1.,0.));
#5365=DIRECTION('center_axis',(0.,1.,0.));
#5366=DIRECTION('ref_axis',(0.865778215138393,0.,0.500427899094144));
#5367=DIRECTION('',(0.,1.,0.));
#5368=DIRECTION('center_axis',(0.,1.,0.));
#5369=DIRECTION('ref_axis',(1.,0.,0.));
#5370=DIRECTION('center_axis',(0.,-1.,0.));
#5371=DIRECTION('ref_axis',(-0.804998156732268,0.,0.59327731092437));
#5372=DIRECTION('center_axis',(0.,1.,0.));
#5373=DIRECTION('ref_axis',(-0.583007084239952,0.,0.812467069933317));
#5374=DIRECTION('',(0.,0.,-1.));
#5375=DIRECTION('center_axis',(0.,1.,0.));
#5376=DIRECTION('ref_axis',(-0.707106781186547,0.,-0.707106781186548));
#5377=DIRECTION('',(1.,0.,0.));
#5378=DIRECTION('center_axis',(0.,1.,0.));
#5379=DIRECTION('ref_axis',(0.70710678118655,0.,-0.707106781186545));
#5380=DIRECTION('',(0.,0.,1.));
#5381=DIRECTION('center_axis',(0.,1.,0.));
#5382=DIRECTION('ref_axis',(-0.804998156732268,0.,0.59327731092437));
#5383=DIRECTION('center_axis',(0.,-1.,0.));
#5384=DIRECTION('ref_axis',(-0.804998156732268,0.,0.59327731092437));
#5385=DIRECTION('',(0.,1.,0.));
#5386=DIRECTION('center_axis',(0.,-1.,0.));
#5387=DIRECTION('ref_axis',(-0.583007084239952,0.,0.812467069933317));
#5388=DIRECTION('center_axis',(0.,-1.,0.));
#5389=DIRECTION('ref_axis',(-0.583007084239952,0.,0.812467069933317));
#5390=DIRECTION('',(0.,-1.,0.));
#5391=DIRECTION('center_axis',(0.,1.,0.));
#5392=DIRECTION('ref_axis',(0.782951913357479,0.,0.622082230392304));
#5393=DIRECTION('center_axis',(0.,-1.,0.));
#5394=DIRECTION('ref_axis',(0.782951913357479,0.,0.622082230392304));
#5395=DIRECTION('',(0.,-1.,0.));
#5396=DIRECTION('center_axis',(0.,1.,0.));
#5397=DIRECTION('ref_axis',(0.782951913357479,0.,0.622082230392304));
#5398=DIRECTION('',(0.,1.,0.));
#5399=DIRECTION('center_axis',(0.,1.,0.));
#5400=DIRECTION('ref_axis',(1.,0.,0.));
#5401=DIRECTION('center_axis',(0.,-1.,0.));
#5402=DIRECTION('ref_axis',(-0.804998156732268,0.,0.59327731092437));
#5403=DIRECTION('center_axis',(0.,1.,0.));
#5404=DIRECTION('ref_axis',(-0.69025754574076,0.,0.723563763982099));
#5405=DIRECTION('',(0.,0.,-1.));
#5406=DIRECTION('center_axis',(0.,1.,0.));
#5407=DIRECTION('ref_axis',(-0.707106781186546,0.,-0.707106781186549));
#5408=DIRECTION('',(1.,0.,0.));
#5409=DIRECTION('center_axis',(0.,1.,0.));
#5410=DIRECTION('ref_axis',(0.70710678118655,0.,-0.707106781186545));
#5411=DIRECTION('',(0.,0.,1.));
#5412=DIRECTION('center_axis',(0.,1.,0.));
#5413=DIRECTION('ref_axis',(-0.804998156732268,0.,0.59327731092437));
#5414=DIRECTION('center_axis',(0.,-1.,0.));
#5415=DIRECTION('ref_axis',(-0.804998156732268,0.,0.59327731092437));
#5416=DIRECTION('',(0.,1.,0.));
#5417=DIRECTION('center_axis',(0.,-1.,0.));
#5418=DIRECTION('ref_axis',(-0.69025754574076,0.,0.723563763982099));
#5419=DIRECTION('center_axis',(0.,-1.,0.));
#5420=DIRECTION('ref_axis',(-0.69025754574076,0.,0.723563763982099));
#5421=DIRECTION('',(0.,-1.,0.));
#5422=DIRECTION('center_axis',(0.,1.,0.));
#5423=DIRECTION('ref_axis',(0.690257545740757,0.,0.723563763982102));
#5424=DIRECTION('center_axis',(0.,-1.,0.));
#5425=DIRECTION('ref_axis',(0.690257545740757,0.,0.723563763982102));
#5426=DIRECTION('',(0.,-1.,0.));
#5427=DIRECTION('center_axis',(0.,1.,0.));
#5428=DIRECTION('ref_axis',(0.690257545740757,0.,0.723563763982102));
#5429=DIRECTION('',(0.,1.,0.));
#5430=DIRECTION('center_axis',(0.,1.,0.));
#5431=DIRECTION('ref_axis',(1.,0.,0.));
#5432=DIRECTION('center_axis',(0.,-1.,0.));
#5433=DIRECTION('ref_axis',(-0.804998156732268,0.,0.59327731092437));
#5434=DIRECTION('center_axis',(0.,1.,0.));
#5435=DIRECTION('ref_axis',(-0.782951913357479,0.,0.622082230392304));
#5436=DIRECTION('',(0.,0.,-1.));
#5437=DIRECTION('center_axis',(0.,1.,0.));
#5438=DIRECTION('ref_axis',(-0.707106781186546,0.,-0.707106781186549));
#5439=DIRECTION('',(1.,0.,0.));
#5440=DIRECTION('center_axis',(0.,1.,0.));
#5441=DIRECTION('ref_axis',(0.70710678118655,0.,-0.707106781186545));
#5442=DIRECTION('',(0.,0.,1.));
#5443=DIRECTION('center_axis',(0.,1.,0.));
#5444=DIRECTION('ref_axis',(-0.804998156732268,0.,0.59327731092437));
#5445=DIRECTION('center_axis',(0.,-1.,0.));
#5446=DIRECTION('ref_axis',(-0.804998156732268,0.,0.59327731092437));
#5447=DIRECTION('',(0.,1.,0.));
#5448=DIRECTION('center_axis',(0.,-1.,0.));
#5449=DIRECTION('ref_axis',(-0.782951913357479,0.,0.622082230392304));
#5450=DIRECTION('center_axis',(0.,-1.,0.));
#5451=DIRECTION('ref_axis',(-0.782951913357479,0.,0.622082230392304));
#5452=DIRECTION('',(0.,-1.,0.));
#5453=DIRECTION('center_axis',(0.,1.,0.));
#5454=DIRECTION('ref_axis',(0.58300708423996,0.,0.812467069933311));
#5455=DIRECTION('center_axis',(0.,-1.,0.));
#5456=DIRECTION('ref_axis',(0.58300708423996,0.,0.812467069933311));
#5457=DIRECTION('',(0.,-1.,0.));
#5458=DIRECTION('center_axis',(0.,1.,0.));
#5459=DIRECTION('ref_axis',(0.58300708423996,0.,0.812467069933311));
#5460=DIRECTION('',(0.,1.,0.));
#5461=DIRECTION('center_axis',(0.,1.,0.));
#5462=DIRECTION('ref_axis',(1.,0.,0.));
#5463=DIRECTION('center_axis',(0.,-1.,0.));
#5464=DIRECTION('ref_axis',(-0.804998156732268,0.,0.59327731092437));
#5465=DIRECTION('center_axis',(0.,1.,0.));
#5466=DIRECTION('ref_axis',(-0.865778215138394,0.,0.500427899094142));
#5467=DIRECTION('',(0.,0.,-1.));
#5468=DIRECTION('center_axis',(0.,1.,0.));
#5469=DIRECTION('ref_axis',(-0.707106781186546,0.,-0.707106781186549));
#5470=DIRECTION('',(1.,0.,0.));
#5471=DIRECTION('center_axis',(0.,1.,0.));
#5472=DIRECTION('ref_axis',(0.707106781186549,0.,-0.707106781186546));
#5473=DIRECTION('',(0.,0.,1.));
#5474=DIRECTION('center_axis',(0.,1.,0.));
#5475=DIRECTION('ref_axis',(-0.804998156732268,0.,0.59327731092437));
#5476=DIRECTION('center_axis',(0.,-1.,0.));
#5477=DIRECTION('ref_axis',(-0.804998156732268,0.,0.59327731092437));
#5478=DIRECTION('',(0.,1.,0.));
#5479=DIRECTION('center_axis',(0.,-1.,0.));
#5480=DIRECTION('ref_axis',(-0.865778215138394,0.,0.500427899094142));
#5481=DIRECTION('center_axis',(0.,-1.,0.));
#5482=DIRECTION('ref_axis',(-0.865778215138394,0.,0.500427899094142));
#5483=DIRECTION('',(0.,-1.,0.));
#5484=DIRECTION('center_axis',(0.,1.,0.));
#5485=DIRECTION('ref_axis',(0.450931304187114,0.,0.89255865852285));
#5486=DIRECTION('center_axis',(0.,-1.,0.));
#5487=DIRECTION('ref_axis',(0.450931304187114,0.,0.89255865852285));
#5488=DIRECTION('',(0.,-1.,0.));
#5489=DIRECTION('center_axis',(0.,1.,0.));
#5490=DIRECTION('ref_axis',(0.450931304187114,0.,0.89255865852285));
#5491=DIRECTION('',(0.,1.,0.));
#5492=DIRECTION('center_axis',(0.,1.,0.));
#5493=DIRECTION('ref_axis',(1.,0.,0.));
#5494=DIRECTION('center_axis',(0.,1.,0.));
#5495=DIRECTION('ref_axis',(0.707106781186553,0.,-0.707106781186542));
#5496=DIRECTION('',(0.,0.,1.));
#5497=DIRECTION('center_axis',(0.,-1.,0.));
#5498=DIRECTION('ref_axis',(-0.804998156732268,0.,0.59327731092437));
#5499=DIRECTION('',(-1.,0.,-7.47303216972692E-15));
#5500=DIRECTION('center_axis',(0.,1.,0.));
#5501=DIRECTION('ref_axis',(-0.804998156732268,0.,0.59327731092437));
#5502=DIRECTION('center_axis',(0.,-1.,0.));
#5503=DIRECTION('ref_axis',(-0.804998156732268,0.,0.59327731092437));
#5504=DIRECTION('',(0.,-1.,0.));
#5505=DIRECTION('center_axis',(0.,1.,0.));
#5506=DIRECTION('ref_axis',(0.865778215138393,0.,0.500427899094144));
#5507=DIRECTION('center_axis',(0.,-1.,0.));
#5508=DIRECTION('ref_axis',(0.865778215138393,0.,0.500427899094144));
#5509=DIRECTION('',(0.,-1.,0.));
#5510=DIRECTION('center_axis',(0.,1.,0.));
#5511=DIRECTION('ref_axis',(0.865778215138393,0.,0.500427899094144));
#5512=DIRECTION('',(0.,1.,0.));
#5513=DIRECTION('center_axis',(0.,1.,0.));
#5514=DIRECTION('ref_axis',(-0.804998156732268,0.,0.59327731092437));
#5515=DIRECTION('center_axis',(0.,1.,0.));
#5516=DIRECTION('ref_axis',(-0.804998156732268,0.,0.59327731092437));
#5517=DIRECTION('',(0.,1.,0.));
#5518=DIRECTION('center_axis',(0.,1.,0.));
#5519=DIRECTION('ref_axis',(-0.804998156732268,0.,0.59327731092437));
#5520=DIRECTION('center_axis',(0.,1.,0.));
#5521=DIRECTION('ref_axis',(1.,0.,0.));
#5522=DIRECTION('',(0.,0.,-1.));
#5523=DIRECTION('center_axis',(0.,-1.,0.));
#5524=DIRECTION('ref_axis',(0.70710678118655,0.,-0.707106781186545));
#5525=DIRECTION('',(-1.,0.,0.));
#5526=DIRECTION('center_axis',(0.,-1.,0.));
#5527=DIRECTION('ref_axis',(-0.707106781186547,0.,-0.707106781186548));
#5528=DIRECTION('',(0.,0.,1.));
#5529=DIRECTION('center_axis',(0.,-1.,0.));
#5530=DIRECTION('ref_axis',(-0.583007084239952,0.,0.812467069933317));
#5531=DIRECTION('center_axis',(0.,-1.,0.));
#5532=DIRECTION('ref_axis',(-0.450931304187126,0.,0.892558658522844));
#5533=DIRECTION('',(0.,1.,0.));
#5534=DIRECTION('',(0.,-1.,0.));
#5535=DIRECTION('center_axis',(-1.,0.,0.));
#5536=DIRECTION('ref_axis',(0.,0.,1.));
#5537=DIRECTION('',(0.,1.,0.));
#5538=DIRECTION('center_axis',(0.,1.,0.));
#5539=DIRECTION('ref_axis',(0.690257545740757,0.,0.723563763982102));
#5540=DIRECTION('center_axis',(0.,-1.,0.));
#5541=DIRECTION('ref_axis',(0.690257545740757,0.,0.723563763982102));
#5542=DIRECTION('',(0.,-1.,0.));
#5543=DIRECTION('center_axis',(0.,1.,0.));
#5544=DIRECTION('ref_axis',(0.690257545740757,0.,0.723563763982102));
#5545=DIRECTION('',(0.,1.,0.));
#5546=DIRECTION('center_axis',(0.,1.,0.));
#5547=DIRECTION('ref_axis',(-0.804998156732268,0.,0.59327731092437));
#5548=DIRECTION('center_axis',(0.,1.,0.));
#5549=DIRECTION('ref_axis',(-0.804998156732268,0.,0.59327731092437));
#5550=DIRECTION('',(0.,1.,0.));
#5551=DIRECTION('center_axis',(0.,1.,0.));
#5552=DIRECTION('ref_axis',(-0.804998156732268,0.,0.59327731092437));
#5553=DIRECTION('center_axis',(0.,1.,0.));
#5554=DIRECTION('ref_axis',(1.,0.,0.));
#5555=DIRECTION('',(0.,0.,-1.));
#5556=DIRECTION('center_axis',(0.,-1.,0.));
#5557=DIRECTION('ref_axis',(0.70710678118655,0.,-0.707106781186545));
#5558=DIRECTION('',(-1.,0.,0.));
#5559=DIRECTION('center_axis',(0.,-1.,0.));
#5560=DIRECTION('ref_axis',(-0.707106781186546,0.,-0.707106781186549));
#5561=DIRECTION('',(0.,0.,1.));
#5562=DIRECTION('center_axis',(0.,-1.,0.));
#5563=DIRECTION('ref_axis',(-0.782951913357479,0.,0.622082230392304));
#5564=DIRECTION('center_axis',(0.,-1.,0.));
#5565=DIRECTION('ref_axis',(-0.69025754574076,0.,0.723563763982099));
#5566=DIRECTION('center_axis',(0.,1.,0.));
#5567=DIRECTION('ref_axis',(-0.69025754574076,0.,0.723563763982099));
#5568=DIRECTION('',(0.,1.,0.));
#5569=DIRECTION('center_axis',(0.,-1.,0.));
#5570=DIRECTION('ref_axis',(-0.69025754574076,0.,0.723563763982099));
#5571=DIRECTION('',(0.,-1.,0.));
#5572=DIRECTION('center_axis',(0.,1.,0.));
#5573=DIRECTION('ref_axis',(1.,0.,0.));
#5574=DIRECTION('center_axis',(0.,1.,0.));
#5575=DIRECTION('ref_axis',(-0.804998156732268,0.,0.59327731092437));
#5576=DIRECTION('center_axis',(0.,-1.,0.));
#5577=DIRECTION('ref_axis',(0.782951913357479,0.,0.622082230392304));
#5578=DIRECTION('',(0.,0.,-1.));
#5579=DIRECTION('center_axis',(0.,-1.,0.));
#5580=DIRECTION('ref_axis',(0.70710678118655,0.,-0.707106781186545));
#5581=DIRECTION('',(-1.,0.,0.));
#5582=DIRECTION('center_axis',(0.,-1.,0.));
#5583=DIRECTION('ref_axis',(-0.707106781186546,0.,-0.707106781186549));
#5584=DIRECTION('',(-7.77554916653095E-17,0.,1.));
#5585=DIRECTION('center_axis',(0.,1.,0.));
#5586=DIRECTION('ref_axis',(-0.804998156732268,0.,0.59327731092437));
#5587=DIRECTION('center_axis',(0.,1.,0.));
#5588=DIRECTION('ref_axis',(-0.804998156732268,0.,0.59327731092437));
#5589=DIRECTION('',(0.,-1.,0.));
#5590=DIRECTION('center_axis',(0.,1.,0.));
#5591=DIRECTION('ref_axis',(0.782951913357479,0.,0.622082230392304));
#5592=DIRECTION('center_axis',(0.,1.,0.));
#5593=DIRECTION('ref_axis',(0.782951913357479,0.,0.622082230392304));
#5594=DIRECTION('',(0.,1.,0.));
#5595=DIRECTION('center_axis',(0.,-1.,0.));
#5596=DIRECTION('ref_axis',(-0.583007084239952,0.,0.812467069933317));
#5597=DIRECTION('center_axis',(0.,1.,0.));
#5598=DIRECTION('ref_axis',(-0.583007084239952,0.,0.812467069933317));
#5599=DIRECTION('',(0.,-1.,0.));
#5600=DIRECTION('center_axis',(-1.,0.,2.73111931982512E-16));
#5601=DIRECTION('ref_axis',(2.73111931982512E-16,0.,1.));
#5602=DIRECTION('',(0.,1.,0.));
#5603=DIRECTION('',(0.,0.,-1.));
#5604=DIRECTION('center_axis',(0.,-1.,0.));
#5605=DIRECTION('ref_axis',(-0.782951913357479,0.,0.622082230392304));
#5606=DIRECTION('center_axis',(0.,1.,0.));
#5607=DIRECTION('ref_axis',(-0.782951913357479,0.,0.622082230392304));
#5608=DIRECTION('',(0.,-1.,0.));
#5609=DIRECTION('center_axis',(-1.,0.,1.29023817252523E-16));
#5610=DIRECTION('ref_axis',(1.29023817252523E-16,0.,1.));
#5611=DIRECTION('',(0.,1.,0.));
#5612=DIRECTION('',(0.,0.,-1.));
#5613=DIRECTION('center_axis',(0.,1.,0.));
#5614=DIRECTION('ref_axis',(0.58300708423996,0.,0.812467069933311));
#5615=DIRECTION('center_axis',(0.,-1.,0.));
#5616=DIRECTION('ref_axis',(0.58300708423996,0.,0.812467069933311));
#5617=DIRECTION('',(0.,-1.,0.));
#5618=DIRECTION('center_axis',(0.,1.,0.));
#5619=DIRECTION('ref_axis',(0.58300708423996,0.,0.812467069933311));
#5620=DIRECTION('',(0.,1.,0.));
#5621=DIRECTION('center_axis',(0.,1.,0.));
#5622=DIRECTION('ref_axis',(-0.804998156732268,0.,0.59327731092437));
#5623=DIRECTION('center_axis',(0.,1.,0.));
#5624=DIRECTION('ref_axis',(-0.804998156732268,0.,0.59327731092437));
#5625=DIRECTION('',(0.,1.,0.));
#5626=DIRECTION('center_axis',(0.,1.,0.));
#5627=DIRECTION('ref_axis',(-0.804998156732268,0.,0.59327731092437));
#5628=DIRECTION('center_axis',(0.,1.,0.));
#5629=DIRECTION('ref_axis',(1.,0.,0.));
#5630=DIRECTION('',(0.,0.,-1.));
#5631=DIRECTION('center_axis',(0.,-1.,0.));
#5632=DIRECTION('ref_axis',(0.707106781186549,0.,-0.707106781186546));
#5633=DIRECTION('',(-1.,0.,0.));
#5634=DIRECTION('center_axis',(0.,-1.,0.));
#5635=DIRECTION('ref_axis',(-0.707106781186546,0.,-0.707106781186549));
#5636=DIRECTION('',(0.,0.,1.));
#5637=DIRECTION('center_axis',(0.,-1.,0.));
#5638=DIRECTION('ref_axis',(-0.865778215138394,0.,0.500427899094142));
#5639=DIRECTION('center_axis',(0.,-1.,0.));
#5640=DIRECTION('ref_axis',(-0.865778215138394,0.,0.500427899094142));
#5641=DIRECTION('center_axis',(0.,1.,0.));
#5642=DIRECTION('ref_axis',(-0.865778215138394,0.,0.500427899094142));
#5643=DIRECTION('',(0.,-1.,0.));
#5644=DIRECTION('center_axis',(-1.,0.,-4.28599176832057E-16));
#5645=DIRECTION('ref_axis',(-4.28599176832057E-16,0.,1.));
#5646=DIRECTION('',(0.,1.,0.));
#5647=DIRECTION('',(0.,0.,-1.));
#5648=DIRECTION('center_axis',(0.,1.,0.));
#5649=DIRECTION('ref_axis',(0.450931304187114,0.,0.89255865852285));
#5650=DIRECTION('center_axis',(0.,-1.,0.));
#5651=DIRECTION('ref_axis',(0.450931304187114,0.,0.89255865852285));
#5652=DIRECTION('',(0.,-1.,0.));
#5653=DIRECTION('',(0.,1.,0.));
#5654=DIRECTION('center_axis',(0.,1.,0.));
#5655=DIRECTION('ref_axis',(-0.804998156732268,0.,0.59327731092437));
#5656=DIRECTION('center_axis',(0.,1.,0.));
#5657=DIRECTION('ref_axis',(-0.804998156732268,0.,0.59327731092437));
#5658=DIRECTION('',(0.,-1.,0.));
#5659=DIRECTION('center_axis',(0.,1.,0.));
#5660=DIRECTION('ref_axis',(1.,0.,0.));
#5661=DIRECTION('',(1.,0.,7.47303216972692E-15));
#5662=DIRECTION('',(0.,0.,-1.));
#5663=DIRECTION('center_axis',(0.,-1.,0.));
#5664=DIRECTION('ref_axis',(0.707106781186553,0.,-0.707106781186542));
#5665=DIRECTION('center_axis',(0.,1.,0.));
#5666=DIRECTION('ref_axis',(0.707106781186553,0.,-0.707106781186542));
#5667=DIRECTION('',(0.,-1.,0.));
#5668=DIRECTION('center_axis',(0.,1.,0.));
#5669=DIRECTION('ref_axis',(-0.707106781186546,0.,-0.707106781186549));
#5670=DIRECTION('',(0.,-1.,0.));
#5671=DIRECTION('center_axis',(5.18104078158408E-15,0.,-1.));
#5672=DIRECTION('ref_axis',(-1.,0.,-5.18104078158408E-15));
#5673=DIRECTION('',(0.,1.,0.));
#5674=DIRECTION('center_axis',(0.,1.,0.));
#5675=DIRECTION('ref_axis',(0.707106781186549,0.,-0.707106781186546));
#5676=DIRECTION('',(0.,-1.,0.));
#5677=DIRECTION('center_axis',(0.,1.,0.));
#5678=DIRECTION('ref_axis',(-0.707106781186546,0.,-0.707106781186549));
#5679=DIRECTION('',(0.,-1.,0.));
#5680=DIRECTION('center_axis',(5.18104078158408E-15,0.,-1.));
#5681=DIRECTION('ref_axis',(-1.,0.,-5.18104078158408E-15));
#5682=DIRECTION('',(0.,1.,0.));
#5683=DIRECTION('center_axis',(0.,1.,0.));
#5684=DIRECTION('ref_axis',(0.70710678118655,0.,-0.707106781186545));
#5685=DIRECTION('',(0.,-1.,0.));
#5686=DIRECTION('center_axis',(0.,1.,0.));
#5687=DIRECTION('ref_axis',(-0.707106781186546,0.,-0.707106781186549));
#5688=DIRECTION('',(0.,-1.,0.));
#5689=DIRECTION('',(0.,1.,0.));
#5690=DIRECTION('center_axis',(5.18104078158408E-15,0.,-1.));
#5691=DIRECTION('ref_axis',(-1.,0.,-5.18104078158408E-15));
#5692=DIRECTION('',(0.,1.,0.));
#5693=DIRECTION('center_axis',(0.,1.,0.));
#5694=DIRECTION('ref_axis',(0.70710678118655,0.,-0.707106781186545));
#5695=DIRECTION('',(0.,-1.,0.));
#5696=DIRECTION('center_axis',(0.,1.,0.));
#5697=DIRECTION('ref_axis',(-0.707106781186547,0.,-0.707106781186548));
#5698=DIRECTION('',(0.,-1.,0.));
#5699=DIRECTION('center_axis',(5.18104078158408E-15,0.,-1.));
#5700=DIRECTION('ref_axis',(-1.,0.,-5.18104078158408E-15));
#5701=DIRECTION('',(0.,1.,0.));
#5702=DIRECTION('center_axis',(0.,1.,0.));
#5703=DIRECTION('ref_axis',(0.70710678118655,0.,-0.707106781186545));
#5704=DIRECTION('',(0.,-1.,0.));
#5705=DIRECTION('center_axis',(0.,1.,0.));
#5706=DIRECTION('ref_axis',(-0.707106781186546,0.,-0.707106781186549));
#5707=DIRECTION('center_axis',(0.,1.,0.));
#5708=DIRECTION('ref_axis',(-0.707106781186546,0.,-0.707106781186549));
#5709=DIRECTION('',(0.,1.,0.));
#5710=DIRECTION('center_axis',(0.,1.,0.));
#5711=DIRECTION('ref_axis',(0.70710678118655,0.,-0.707106781186545));
#5712=DIRECTION('',(0.,1.,0.));
#5713=DIRECTION('',(0.,-1.,0.));
#5714=DIRECTION('center_axis',(5.18104078158408E-15,0.,-1.));
#5715=DIRECTION('ref_axis',(-1.,0.,-5.18104078158408E-15));
#5716=DIRECTION('',(0.,-1.,0.));
#5717=DIRECTION('center_axis',(0.,1.,0.));
#5718=DIRECTION('ref_axis',(-0.707106781186547,0.,-0.707106781186548));
#5719=DIRECTION('',(0.,1.,0.));
#5720=DIRECTION('center_axis',(0.,1.,0.));
#5721=DIRECTION('ref_axis',(0.70710678118655,0.,-0.707106781186545));
#5722=DIRECTION('',(0.,1.,0.));
#5723=DIRECTION('',(0.,-1.,0.));
#5724=DIRECTION('center_axis',(5.18104078158408E-15,0.,-1.));
#5725=DIRECTION('ref_axis',(-1.,0.,-5.18104078158408E-15));
#5726=DIRECTION('',(0.,-1.,0.));
#5727=DIRECTION('center_axis',(0.,1.,0.));
#5728=DIRECTION('ref_axis',(-0.707106781186546,0.,-0.707106781186549));
#5729=DIRECTION('',(0.,1.,0.));
#5730=DIRECTION('center_axis',(0.,1.,0.));
#5731=DIRECTION('ref_axis',(0.70710678118655,0.,-0.707106781186545));
#5732=DIRECTION('',(0.,1.,0.));
#5733=DIRECTION('',(0.,-1.,0.));
#5734=DIRECTION('center_axis',(5.18104078158408E-15,0.,-1.));
#5735=DIRECTION('ref_axis',(-1.,0.,-5.18104078158408E-15));
#5736=DIRECTION('',(0.,-1.,0.));
#5737=DIRECTION('center_axis',(0.,1.,0.));
#5738=DIRECTION('ref_axis',(-0.707106781186546,0.,-0.707106781186549));
#5739=DIRECTION('',(0.,1.,0.));
#5740=DIRECTION('center_axis',(0.,1.,0.));
#5741=DIRECTION('ref_axis',(0.707106781186549,0.,-0.707106781186546));
#5742=DIRECTION('',(0.,1.,0.));
#5743=DIRECTION('',(0.,-1.,0.));
#5744=DIRECTION('center_axis',(5.18104078158408E-15,0.,-1.));
#5745=DIRECTION('ref_axis',(-1.,0.,-5.18104078158408E-15));
#5746=DIRECTION('',(0.,-1.,0.));
#5747=DIRECTION('center_axis',(0.,1.,0.));
#5748=DIRECTION('ref_axis',(-0.707106781186546,0.,-0.707106781186549));
#5749=DIRECTION('',(0.,1.,0.));
#5750=DIRECTION('center_axis',(0.,1.,0.));
#5751=DIRECTION('ref_axis',(0.707106781186553,0.,-0.707106781186542));
#5752=DIRECTION('',(0.,-1.,0.));
#5753=DIRECTION('center_axis',(1.,0.,5.48876189135011E-16));
#5754=DIRECTION('ref_axis',(5.48876189135011E-16,0.,-1.));
#5755=DIRECTION('',(0.,0.,-1.));
#5756=DIRECTION('center_axis',(0.,0.,1.));
#5757=DIRECTION('ref_axis',(1.,0.,0.));
#5758=DIRECTION('',(1.,0.,5.18104078158408E-15));
#5759=DIRECTION('',(0.,1.,0.));
#5760=DIRECTION('center_axis',(0.,0.,1.));
#5761=DIRECTION('ref_axis',(1.,0.,0.));
#5762=DIRECTION('',(-1.,0.,-5.18104078158408E-15));
#5763=DIRECTION('',(0.,1.,0.));
#5764=DIRECTION('center_axis',(0.,0.,1.));
#5765=DIRECTION('ref_axis',(1.,0.,0.));
#5766=DIRECTION('',(0.,1.,0.));
#5767=DIRECTION('center_axis',(1.,0.,0.));
#5768=DIRECTION('ref_axis',(0.,0.,-1.));
#5769=DIRECTION('',(0.,1.,0.));
#5770=DIRECTION('center_axis',(0.,0.,1.));
#5771=DIRECTION('ref_axis',(1.,0.,0.));
#5772=DIRECTION('center_axis',(-1.,0.,0.));
#5773=DIRECTION('ref_axis',(0.,0.,1.));
#5774=DIRECTION('center_axis',(-1.,0.,0.));
#5775=DIRECTION('ref_axis',(0.,0.,1.));
#5776=DIRECTION('center_axis',(1.,0.,0.));
#5777=DIRECTION('ref_axis',(0.,0.,-1.));
#5778=DIRECTION('center_axis',(0.,1.,0.));
#5779=DIRECTION('ref_axis',(-0.804998156732268,0.,0.59327731092437));
#5780=DIRECTION('',(0.,1.,0.));
#5781=DIRECTION('center_axis',(0.,1.,0.));
#5782=DIRECTION('ref_axis',(-1.,0.,0.));
#5783=DIRECTION('',(0.,0.,1.));
#5784=DIRECTION('center_axis',(0.,1.,0.));
#5785=DIRECTION('ref_axis',(-1.,0.,0.));
#5786=DIRECTION('',(0.,0.,1.));
#5787=DIRECTION('center_axis',(0.,1.,0.));
#5788=DIRECTION('ref_axis',(-1.,0.,0.));
#5789=DIRECTION('',(0.,0.,1.));
#5790=DIRECTION('center_axis',(0.,1.,0.));
#5791=DIRECTION('ref_axis',(-1.,0.,0.));
#5792=DIRECTION('',(7.77554916653095E-17,0.,-1.));
#5793=DIRECTION('',(0.,0.,1.));
#5794=DIRECTION('center_axis',(0.,-1.,0.));
#5795=DIRECTION('ref_axis',(1.,0.,0.));
#5796=DIRECTION('',(-1.,0.,-7.47303216972692E-15));
#5797=DIRECTION('center_axis',(0.,1.,0.));
#5798=DIRECTION('ref_axis',(-0.804998156732268,0.,0.59327731092437));
#5799=DIRECTION('center_axis',(0.,1.,0.));
#5800=DIRECTION('ref_axis',(-0.804998156732268,0.,0.59327731092437));
#5801=DIRECTION('center_axis',(0.,1.,0.));
#5802=DIRECTION('ref_axis',(-0.804998156732268,0.,0.59327731092437));
#5803=DIRECTION('center_axis',(0.,-1.,0.));
#5804=DIRECTION('ref_axis',(1.,0.,0.));
#5805=DIRECTION('',(-1.,0.,-7.47303216972692E-15));
#5806=DIRECTION('center_axis',(0.,-1.,0.));
#5807=DIRECTION('ref_axis',(1.,0.,0.));
#5808=DIRECTION('',(0.,0.,-1.));
#5809=DIRECTION('',(0.,0.,1.));
#5810=DIRECTION('center_axis',(0.,-1.,0.));
#5811=DIRECTION('ref_axis',(1.,0.,0.));
#5812=DIRECTION('',(0.,0.,-1.));
#5813=DIRECTION('',(0.,0.,1.));
#5814=DIRECTION('center_axis',(0.,-1.,0.));
#5815=DIRECTION('ref_axis',(1.,0.,0.));
#5816=DIRECTION('',(0.,0.,-1.));
#5817=DIRECTION('',(-7.77554916653095E-17,0.,1.));
#5818=DIRECTION('center_axis',(0.,-1.,0.));
#5819=DIRECTION('ref_axis',(1.,0.,0.));
#5820=DIRECTION('',(0.,0.,-1.));
#5821=DIRECTION('',(0.,0.,1.));
#5822=DIRECTION('center_axis',(0.,1.,0.));
#5823=DIRECTION('ref_axis',(-1.,0.,0.));
#5824=DIRECTION('',(1.,0.,7.47303216972692E-15));
#5825=DIRECTION('center_axis',(0.,1.,0.));
#5826=DIRECTION('ref_axis',(-1.,0.,0.));
#5827=DIRECTION('center_axis',(-1.,0.,2.73111931982512E-16));
#5828=DIRECTION('ref_axis',(2.73111931982512E-16,0.,1.));
#5829=DIRECTION('center_axis',(1.,0.,1.28579753049617E-15));
#5830=DIRECTION('ref_axis',(1.28579753049617E-15,0.,-1.));
#5831=DIRECTION('center_axis',(1.,0.,1.28579753049617E-15));
#5832=DIRECTION('ref_axis',(1.28579753049617E-15,0.,-1.));
#5833=DIRECTION('center_axis',(-1.,0.,-4.28599176832057E-16));
#5834=DIRECTION('ref_axis',(-4.28599176832057E-16,0.,1.));
#5835=DIRECTION('center_axis',(1.,0.,-4.09667897973768E-16));
#5836=DIRECTION('ref_axis',(-4.09667897973768E-16,0.,-1.));
#5837=DIRECTION('center_axis',(1.,0.,-4.09667897973768E-16));
#5838=DIRECTION('ref_axis',(-4.09667897973768E-16,0.,-1.));
#5839=DIRECTION('center_axis',(-1.,0.,1.29023817252523E-16));
#5840=DIRECTION('ref_axis',(1.29023817252523E-16,0.,1.));
#5841=DIRECTION('center_axis',(1.,0.,1.22860165413501E-15));
#5842=DIRECTION('ref_axis',(1.22860165413501E-15,0.,-1.));
#5843=DIRECTION('center_axis',(1.,0.,1.22860165413501E-15));
#5844=DIRECTION('ref_axis',(1.22860165413501E-15,0.,-1.));
#5845=DIRECTION('center_axis',(-7.47303216972692E-15,0.,1.));
#5846=DIRECTION('ref_axis',(1.,0.,7.47303216972692E-15));
#5847=DIRECTION('center_axis',(1.,0.,0.));
#5848=DIRECTION('ref_axis',(0.,0.,-1.));
#5849=DIRECTION('',(0.,1.,0.));
#5850=DIRECTION('center_axis',(2.24190965091808E-15,0.,1.));
#5851=DIRECTION('ref_axis',(1.,0.,-2.24190965091808E-15));
#5852=DIRECTION('center_axis',(2.24190965091808E-15,0.,1.));
#5853=DIRECTION('ref_axis',(1.,0.,-2.24190965091808E-15));
#5854=DIRECTION('center_axis',(-7.47303216972692E-15,0.,1.));
#5855=DIRECTION('ref_axis',(1.,0.,7.47303216972692E-15));
#5856=DIRECTION('center_axis',(2.24190965091808E-15,0.,1.));
#5857=DIRECTION('ref_axis',(1.,0.,-2.24190965091808E-15));
#5858=DIRECTION('',(0.,1.,0.));
#5859=DIRECTION('center_axis',(-7.47303216972692E-15,0.,1.));
#5860=DIRECTION('ref_axis',(1.,0.,7.47303216972692E-15));
#5861=DIRECTION('center_axis',(1.,0.,0.));
#5862=DIRECTION('ref_axis',(0.,0.,-1.));
#5863=DIRECTION('center_axis',(-1.,0.,0.));
#5864=DIRECTION('ref_axis',(0.,0.,1.));
#5865=DIRECTION('center_axis',(1.,0.,5.48876189135011E-16));
#5866=DIRECTION('ref_axis',(5.48876189135011E-16,0.,-1.));
#5867=DIRECTION('center_axis',(-1.,0.,-5.85048406730958E-17));
#5868=DIRECTION('ref_axis',(-5.85048406730958E-17,0.,1.));
#5869=DIRECTION('center_axis',(-1.,0.,-5.85048406730958E-17));
#5870=DIRECTION('ref_axis',(-5.85048406730958E-17,0.,1.));
#5871=DIRECTION('center_axis',(1.,0.,1.29023817252523E-15));
#5872=DIRECTION('ref_axis',(1.29023817252523E-15,0.,-1.));
#5873=DIRECTION('center_axis',(1.,0.,1.29023817252523E-15));
#5874=DIRECTION('ref_axis',(1.29023817252523E-15,0.,-1.));
#5875=CARTESIAN_POINT('',(0.,0.,0.));
#5876=CARTESIAN_POINT('Origin',(94.,29.,17.1301685837457));
#5877=CARTESIAN_POINT('',(96.,29.,5.99999999999998));
#5878=CARTESIAN_POINT('',(94.,31.,5.99999999999998));
#5879=CARTESIAN_POINT('Origin',(94.,29.,6.00000000000003));
#5880=CARTESIAN_POINT('',(94.,31.,12.));
#5881=CARTESIAN_POINT('',(94.,31.,17.1301685837457));
#5882=CARTESIAN_POINT('',(96.,29.,12.));
#5883=CARTESIAN_POINT('Origin',(94.,29.,12.));
#5884=CARTESIAN_POINT('',(96.,29.,17.1301685837457));
#5885=CARTESIAN_POINT('Origin',(-43.5,31.,22.2603371674914));
#5886=CARTESIAN_POINT('',(63.,31.,5.99999999999998));
#5887=CARTESIAN_POINT('',(45.,31.,5.99999999999998));
#5888=CARTESIAN_POINT('',(61.,31.,8.00000000000079));
#5889=CARTESIAN_POINT('Origin',(63.,31.,8.00000000000079));
#5890=CARTESIAN_POINT('',(61.,31.,33.2908588114567));
#5891=CARTESIAN_POINT('',(61.,31.,29.7111348315886));
#5892=CARTESIAN_POINT('',(64.1866438356165,31.,34.9007893712615));
#5893=CARTESIAN_POINT('Origin',(63.,31.,33.2908588114567));
#5894=CARTESIAN_POINT('',(87.086164228309,31.,12.));
#5895=CARTESIAN_POINT('Origin',(-8.88178419700125E-15,31.,-52.1818181818182));
#5896=CARTESIAN_POINT('',(96.,31.,12.));
#5897=CARTESIAN_POINT('Origin',(-84.,0.,6.00000000000003));
#5898=CARTESIAN_POINT('',(96.,27.,5.99999999999998));
#5899=CARTESIAN_POINT('',(96.,0.,5.99999999999998));
#5900=CARTESIAN_POINT('',(94.,25.,5.99999999999999));
#5901=CARTESIAN_POINT('Origin',(94.,27.,6.00000000000003));
#5902=CARTESIAN_POINT('',(90.,25.,5.99999999999998));
#5903=CARTESIAN_POINT('',(93.,25.,5.99999999999999));
#5904=CARTESIAN_POINT('',(84.,25.,6.00000000000001));
#5905=CARTESIAN_POINT('',(93.,25.,5.99999999999999));
#5906=CARTESIAN_POINT('',(63.,25.,6.00000000000079));
#5907=CARTESIAN_POINT('',(-42.,25.,6.00000000000025));
#5908=CARTESIAN_POINT('',(63.,0.,6.00000000000079));
#5909=CARTESIAN_POINT('Origin',(94.,-29.,17.1301685837457));
#5910=CARTESIAN_POINT('',(96.,-29.,12.));
#5911=CARTESIAN_POINT('',(94.,-31.,12.));
#5912=CARTESIAN_POINT('Origin',(94.,-29.,12.));
#5913=CARTESIAN_POINT('',(94.,-31.,6.));
#5914=CARTESIAN_POINT('',(94.,-31.,17.1301685837457));
#5915=CARTESIAN_POINT('',(96.,-29.,5.99999999999998));
#5916=CARTESIAN_POINT('Origin',(94.,-29.,6.00000000000003));
#5917=CARTESIAN_POINT('',(96.,-29.,17.1301685837457));
#5918=CARTESIAN_POINT('Origin',(96.,0.,12.));
#5919=CARTESIAN_POINT('',(96.,-27.,5.99999999999998));
#5920=CARTESIAN_POINT('',(96.,0.,5.99999999999998));
#5921=CARTESIAN_POINT('',(96.,-27.,12.));
#5922=CARTESIAN_POINT('',(96.,-27.,5.99999999999999));
#5923=CARTESIAN_POINT('',(96.,0.,12.));
#5924=CARTESIAN_POINT('Origin',(-84.,0.,6.00000000000003));
#5925=CARTESIAN_POINT('',(63.,-31.,6.));
#5926=CARTESIAN_POINT('',(90.,-31.,6.));
#5927=CARTESIAN_POINT('',(63.,-25.,6.00000000000079));
#5928=CARTESIAN_POINT('',(63.,0.,6.00000000000079));
#5929=CARTESIAN_POINT('',(84.,-25.,6.00000000000001));
#5930=CARTESIAN_POINT('',(-42.,-25.,6.00000000000025));
#5931=CARTESIAN_POINT('',(90.,-25.,5.99999999999998));
#5932=CARTESIAN_POINT('',(-2.99999999999999,-25.,6.00000000000021));
#5933=CARTESIAN_POINT('',(94.,-25.,5.99999999999999));
#5934=CARTESIAN_POINT('',(-2.99999999999999,-25.,6.00000000000021));
#5935=CARTESIAN_POINT('Origin',(94.,-27.,6.00000000000003));
#5936=CARTESIAN_POINT('Origin',(-94.,-29.,8.1301685837457));
#5937=CARTESIAN_POINT('',(-96.,-29.,5.99999999999997));
#5938=CARTESIAN_POINT('',(-94.,-31.,5.99999999999997));
#5939=CARTESIAN_POINT('Origin',(-94.,-29.,6.00000000000003));
#5940=CARTESIAN_POINT('',(-94.,-31.,12.));
#5941=CARTESIAN_POINT('',(-94.,-31.,8.1301685837457));
#5942=CARTESIAN_POINT('',(-96.,-29.,12.));
#5943=CARTESIAN_POINT('Origin',(-94.,-29.,12.));
#5944=CARTESIAN_POINT('',(-96.,-29.,8.1301685837457));
#5945=CARTESIAN_POINT('Origin',(-84.,0.,6.00000000000003));
#5946=CARTESIAN_POINT('',(-96.,-27.,5.99999999999997));
#5947=CARTESIAN_POINT('',(-96.,0.,5.99999999999997));
#5948=CARTESIAN_POINT('',(-94.,-25.,5.99999999999998));
#5949=CARTESIAN_POINT('Origin',(-94.,-27.,6.00000000000003));
#5950=CARTESIAN_POINT('',(-90.,-25.,5.99999999999998));
#5951=CARTESIAN_POINT('',(-90.,-25.,6.));
#5952=CARTESIAN_POINT('',(-84.,-25.,6.00000000000003));
#5953=CARTESIAN_POINT('',(-90.,-25.,6.));
#5954=CARTESIAN_POINT('',(-63.,-25.,6.00000000000014));
#5955=CARTESIAN_POINT('',(-42.,-25.,6.00000000000025));
#5956=CARTESIAN_POINT('',(-63.,-31.,5.99999999999997));
#5957=CARTESIAN_POINT('',(-63.,0.,6.00000000000014));
#5958=CARTESIAN_POINT('',(-48.,-31.,5.99999999999997));
#5959=CARTESIAN_POINT('Origin',(-96.,0.,-6.));
#5960=CARTESIAN_POINT('',(-96.,-27.,12.));
#5961=CARTESIAN_POINT('',(-96.,0.,12.));
#5962=CARTESIAN_POINT('',(-96.,-27.,-3.));
#5963=CARTESIAN_POINT('Origin',(-94.,29.,8.13016858374571));
#5964=CARTESIAN_POINT('',(-96.,29.,12.));
#5965=CARTESIAN_POINT('',(-94.,31.,12.));
#5966=CARTESIAN_POINT('Origin',(-94.,29.,12.));
#5967=CARTESIAN_POINT('',(-94.,31.,6.));
#5968=CARTESIAN_POINT('',(-94.,31.,8.13016858374571));
#5969=CARTESIAN_POINT('',(-96.,29.,5.99999999999997));
#5970=CARTESIAN_POINT('Origin',(-94.,29.,6.00000000000003));
#5971=CARTESIAN_POINT('',(-96.,29.,8.13016858374571));
#5972=CARTESIAN_POINT('Origin',(-96.,0.,-6.));
#5973=CARTESIAN_POINT('',(-96.,27.,5.99999999999997));
#5974=CARTESIAN_POINT('',(-96.,0.,5.99999999999997));
#5975=CARTESIAN_POINT('',(-96.,27.,12.));
#5976=CARTESIAN_POINT('',(-96.,27.,-3.));
#5977=CARTESIAN_POINT('',(-96.,0.,12.));
#5978=CARTESIAN_POINT('Origin',(-84.,0.,6.00000000000003));
#5979=CARTESIAN_POINT('',(-63.,31.,6.));
#5980=CARTESIAN_POINT('',(90.,31.,6.));
#5981=CARTESIAN_POINT('',(-63.,25.,6.00000000000014));
#5982=CARTESIAN_POINT('',(-63.,0.,6.00000000000014));
#5983=CARTESIAN_POINT('',(-84.,25.,6.00000000000003));
#5984=CARTESIAN_POINT('',(-42.,25.,6.00000000000025));
#5985=CARTESIAN_POINT('',(-90.,25.,5.99999999999998));
#5986=CARTESIAN_POINT('',(5.99999999999995,25.,6.0000000000005));
#5987=CARTESIAN_POINT('',(-94.,25.,5.99999999999998));
#5988=CARTESIAN_POINT('',(5.99999999999995,25.,6.0000000000005));
#5989=CARTESIAN_POINT('Origin',(-94.,27.,6.00000000000003));
#5990=CARTESIAN_POINT('Origin',(-94.,-27.,-3.));
#5991=CARTESIAN_POINT('',(-94.,-25.,12.));
#5992=CARTESIAN_POINT('Origin',(-94.,-27.,12.));
#5993=CARTESIAN_POINT('',(-94.,-25.,-3.));
#5994=CARTESIAN_POINT('Origin',(-94.,-17.,-3.));
#5995=CARTESIAN_POINT('',(-94.,-19.,12.));
#5996=CARTESIAN_POINT('',(-96.,-17.,12.));
#5997=CARTESIAN_POINT('Origin',(-94.,-17.,12.));
#5998=CARTESIAN_POINT('',(-96.,-17.,5.99999999999997));
#5999=CARTESIAN_POINT('',(-96.,-17.,-3.));
#6000=CARTESIAN_POINT('',(-94.,-19.,5.99999999999998));
#6001=CARTESIAN_POINT('Origin',(-94.,-17.,6.00000000000003));
#6002=CARTESIAN_POINT('',(-94.,-19.,-3.));
#6003=CARTESIAN_POINT('Origin',(-84.,0.,6.00000000000003));
#6004=CARTESIAN_POINT('',(-96.,17.,5.99999999999997));
#6005=CARTESIAN_POINT('',(-96.,0.,5.99999999999997));
#6006=CARTESIAN_POINT('',(-94.,19.,5.99999999999998));
#6007=CARTESIAN_POINT('Origin',(-94.,17.,6.00000000000003));
#6008=CARTESIAN_POINT('',(-90.,19.,5.99999999999998));
#6009=CARTESIAN_POINT('',(-90.,19.,6.));
#6010=CARTESIAN_POINT('',(-90.,-19.,5.99999999999998));
#6011=CARTESIAN_POINT('',(-90.,0.,6.));
#6012=CARTESIAN_POINT('',(5.99999999999995,-19.,6.0000000000005));
#6013=CARTESIAN_POINT('Origin',(-96.,0.,-6.));
#6014=CARTESIAN_POINT('',(-96.,17.,12.));
#6015=CARTESIAN_POINT('',(-96.,0.,12.));
#6016=CARTESIAN_POINT('',(-96.,17.,-3.));
#6017=CARTESIAN_POINT('Origin',(-94.,17.,-3.));
#6018=CARTESIAN_POINT('',(-94.,19.,12.));
#6019=CARTESIAN_POINT('Origin',(-94.,17.,12.));
#6020=CARTESIAN_POINT('',(-94.,19.,-3.));
#6021=CARTESIAN_POINT('Origin',(-94.,27.,-3.));
#6022=CARTESIAN_POINT('',(-94.,25.,12.));
#6023=CARTESIAN_POINT('Origin',(-94.,27.,12.));
#6024=CARTESIAN_POINT('',(-94.,25.,-3.));
#6025=CARTESIAN_POINT('Origin',(96.,25.,0.));
#6026=CARTESIAN_POINT('',(-61.,25.,29.7945440632958));
#6027=CARTESIAN_POINT('Origin',(9.32587340685131E-13,25.,-52.1818181818192));
#6028=CARTESIAN_POINT('',(-61.,25.,33.2908588114567));
#6029=CARTESIAN_POINT('',(-61.,25.,14.8972720316479));
#6030=CARTESIAN_POINT('',(-64.1866438356165,25.,34.9007893712615));
#6031=CARTESIAN_POINT('Origin',(-63.,25.,33.2908588114567));
#6032=CARTESIAN_POINT('',(-87.086164228309,25.,12.));
#6033=CARTESIAN_POINT('Origin',(-8.88178419700125E-15,25.,-52.1818181818182));
#6034=CARTESIAN_POINT('',(-6.26017614123693E-14,25.,12.0000000000007));
#6035=CARTESIAN_POINT('Origin',(94.,27.,5.99999999999999));
#6036=CARTESIAN_POINT('',(96.,27.,12.));
#6037=CARTESIAN_POINT('',(96.,27.,5.99999999999999));
#6038=CARTESIAN_POINT('',(94.,25.,12.));
#6039=CARTESIAN_POINT('Origin',(94.,27.,12.));
#6040=CARTESIAN_POINT('',(94.,25.,5.99999999999999));
#6041=CARTESIAN_POINT('Origin',(96.,25.,0.));
#6042=CARTESIAN_POINT('',(87.086164228309,25.,12.));
#6043=CARTESIAN_POINT('',(91.5430821141545,25.,12.));
#6044=CARTESIAN_POINT('',(64.1866438356165,25.,34.9007893712615));
#6045=CARTESIAN_POINT('Origin',(-8.88178419700125E-15,25.,-52.1818181818182));
#6046=CARTESIAN_POINT('',(61.,25.,33.2908588114567));
#6047=CARTESIAN_POINT('Origin',(63.,25.,33.2908588114567));
#6048=CARTESIAN_POINT('',(61.,25.,29.7945440632958));
#6049=CARTESIAN_POINT('',(61.,25.,18.5809662478429));
#6050=CARTESIAN_POINT('Origin',(9.32587340685131E-13,25.,-52.1818181818192));
#6051=CARTESIAN_POINT('Origin',(94.,17.,5.99999999999999));
#6052=CARTESIAN_POINT('',(94.,19.,12.));
#6053=CARTESIAN_POINT('',(96.,17.,12.));
#6054=CARTESIAN_POINT('Origin',(94.,17.,12.));
#6055=CARTESIAN_POINT('',(96.,17.,5.99999999999998));
#6056=CARTESIAN_POINT('',(96.,17.,5.99999999999999));
#6057=CARTESIAN_POINT('',(94.,19.,5.99999999999999));
#6058=CARTESIAN_POINT('Origin',(94.,17.,6.00000000000003));
#6059=CARTESIAN_POINT('',(94.,19.,5.99999999999999));
#6060=CARTESIAN_POINT('Origin',(-96.,19.,0.));
#6061=CARTESIAN_POINT('',(90.,19.,5.99999999999998));
#6062=CARTESIAN_POINT('',(-2.99999999999999,19.,6.00000000000021));
#6063=CARTESIAN_POINT('',(84.,19.,6.00000000000002));
#6064=CARTESIAN_POINT('',(-2.99999999999999,19.,6.00000000000021));
#6065=CARTESIAN_POINT('',(63.,19.,28.2676937305756));
#6066=CARTESIAN_POINT('Origin',(9.32587340685131E-13,19.,-52.1818181818192));
#6067=CARTESIAN_POINT('',(63.,19.,35.7630838030267));
#6068=CARTESIAN_POINT('',(63.,19.,18.5809662478429));
#6069=CARTESIAN_POINT('',(87.086164228309,19.,12.));
#6070=CARTESIAN_POINT('Origin',(-8.88178419700125E-15,19.,-52.1818181818182));
#6071=CARTESIAN_POINT('',(-4.45691788584548,19.,12.0000000000002));
#6072=CARTESIAN_POINT('Origin',(-84.,0.,6.00000000000003));
#6073=CARTESIAN_POINT('',(96.,-17.,5.99999999999998));
#6074=CARTESIAN_POINT('',(96.,0.,5.99999999999998));
#6075=CARTESIAN_POINT('',(94.,-19.,5.99999999999999));
#6076=CARTESIAN_POINT('Origin',(94.,-17.,6.00000000000003));
#6077=CARTESIAN_POINT('',(90.,-19.,5.99999999999998));
#6078=CARTESIAN_POINT('',(93.,-19.,5.99999999999999));
#6079=CARTESIAN_POINT('',(90.,0.,6.00000000000093));
#6080=CARTESIAN_POINT('Origin',(94.,-17.,5.99999999999999));
#6081=CARTESIAN_POINT('',(96.,-17.,12.));
#6082=CARTESIAN_POINT('',(96.,-17.,5.99999999999999));
#6083=CARTESIAN_POINT('',(94.,-19.,12.));
#6084=CARTESIAN_POINT('Origin',(94.,-17.,12.));
#6085=CARTESIAN_POINT('',(94.,-19.,5.99999999999999));
#6086=CARTESIAN_POINT('Origin',(96.,-19.,0.));
#6087=CARTESIAN_POINT('',(87.086164228309,-19.,12.));
#6088=CARTESIAN_POINT('',(91.5430821141545,-19.,12.));
#6089=CARTESIAN_POINT('',(63.,-19.,35.7630838030267));
#6090=CARTESIAN_POINT('Origin',(-8.88178419700125E-15,-19.,-52.1818181818182));
#6091=CARTESIAN_POINT('',(63.,-19.,28.2676937305756));
#6092=CARTESIAN_POINT('',(63.,-19.,18.5809662478429));
#6093=CARTESIAN_POINT('',(84.,-19.,6.00000000000002));
#6094=CARTESIAN_POINT('Origin',(9.32587340685131E-13,-19.,-52.1818181818192));
#6095=CARTESIAN_POINT('',(93.,-19.,5.99999999999999));
#6096=CARTESIAN_POINT('Origin',(94.,-27.,5.99999999999999));
#6097=CARTESIAN_POINT('',(94.,-25.,12.));
#6098=CARTESIAN_POINT('Origin',(94.,-27.,12.));
#6099=CARTESIAN_POINT('',(94.,-25.,5.99999999999999));
#6100=CARTESIAN_POINT('Origin',(-96.,-25.,0.));
#6101=CARTESIAN_POINT('',(61.,-25.,29.7945440632958));
#6102=CARTESIAN_POINT('Origin',(9.32587340685131E-13,-25.,-52.1818181818192));
#6103=CARTESIAN_POINT('',(61.,-25.,33.2908588114567));
#6104=CARTESIAN_POINT('',(61.,-25.,18.5809662478429));
#6105=CARTESIAN_POINT('',(64.1866438356165,-25.,34.9007893712615));
#6106=CARTESIAN_POINT('Origin',(63.,-25.,33.2908588114567));
#6107=CARTESIAN_POINT('',(87.086164228309,-25.,12.));
#6108=CARTESIAN_POINT('Origin',(-8.88178419700125E-15,-25.,-52.1818181818182));
#6109=CARTESIAN_POINT('',(-4.45691788584548,-25.,12.0000000000002));
#6110=CARTESIAN_POINT('Origin',(9.32587340685131E-13,23.,-52.1818181818192));
#6111=CARTESIAN_POINT('',(-55.,23.,33.9351021471285));
#6112=CARTESIAN_POINT('',(-55.,25.,31.5522650472641));
#6113=CARTESIAN_POINT('Ctrl Pts',(-55.,25.,31.5522650472641));
#6114=CARTESIAN_POINT('Ctrl Pts',(-55.,25.,31.8639045522005));
#6115=CARTESIAN_POINT('Ctrl Pts',(-55.,24.9359970978031,32.2323543441717));
#6116=CARTESIAN_POINT('Ctrl Pts',(-55.,24.727462328259,32.7904987406414));
#6117=CARTESIAN_POINT('Ctrl Pts',(-55.,24.5550775662975,33.0847486092299));
#6118=CARTESIAN_POINT('Ctrl Pts',(-55.,24.1941729488361,33.4854328507354));
#6119=CARTESIAN_POINT('Ctrl Pts',(-55.,23.9504717898567,33.6706267724501));
#6120=CARTESIAN_POINT('Ctrl Pts',(-55.,23.5063251219063,33.8735967734973));
#6121=CARTESIAN_POINT('Ctrl Pts',(-55.,23.2332573266204,33.9351021471285));
#6122=CARTESIAN_POINT('Ctrl Pts',(-55.,23.,33.9351021471285));
#6123=CARTESIAN_POINT('',(-61.,25.,27.2876520203599));
#6124=CARTESIAN_POINT('Origin',(9.32587340685131E-13,25.,-52.1818181818192));
#6125=CARTESIAN_POINT('',(-61.,23.,29.7945440632958));
#6126=CARTESIAN_POINT('Ctrl Pts',(-61.,23.,29.7945440632958));
#6127=CARTESIAN_POINT('Ctrl Pts',(-61.,23.2293913894615,29.7945440632958));
#6128=CARTESIAN_POINT('Ctrl Pts',(-61.,23.4974601228612,29.731993732053));
#6129=CARTESIAN_POINT('Ctrl Pts',(-61.,23.9381927018276,29.524891568998));
#6130=CARTESIAN_POINT('Ctrl Pts',(-61.,24.180895447644,29.3334961827087));
#6131=CARTESIAN_POINT('Ctrl Pts',(-61.,24.5452104483326,28.9166295928372));
#6132=CARTESIAN_POINT('Ctrl Pts',(-61.,24.7197066928131,28.6071744880782));
#6133=CARTESIAN_POINT('Ctrl Pts',(-61.,24.9341737207657,28.0154811143685));
#6134=CARTESIAN_POINT('Ctrl Pts',(-61.,25.,27.620962485657));
#6135=CARTESIAN_POINT('Ctrl Pts',(-61.,25.,27.2876520203599));
#6136=CARTESIAN_POINT('Origin',(9.32587340685131E-13,23.,-52.1818181818192));
#6137=CARTESIAN_POINT('Origin',(9.32587340685131E-13,0.,-52.1818181818192));
#6138=CARTESIAN_POINT('',(-55.,25.,33.9351021471286));
#6139=CARTESIAN_POINT('',(-55.,0.,33.9351021471285));
#6140=CARTESIAN_POINT('',(-61.,0.,29.7945440632958));
#6141=CARTESIAN_POINT('',(-84.,19.,6.00000000000003));
#6142=CARTESIAN_POINT('',(-84.,0.,6.00000000000003));
#6143=CARTESIAN_POINT('',(-63.,19.,28.2676937305741));
#6144=CARTESIAN_POINT('Origin',(9.32587340685131E-13,19.,-52.1818181818192));
#6145=CARTESIAN_POINT('',(-61.,17.,29.7945440632958));
#6146=CARTESIAN_POINT('Ctrl Pts',(-63.,19.,28.2676937305741));
#6147=CARTESIAN_POINT('Ctrl Pts',(-62.7472058156872,19.,28.4656568161557));
#6148=CARTESIAN_POINT('Ctrl Pts',(-62.4731463339837,18.9495765286381,28.6781558871137));
#6149=CARTESIAN_POINT('Ctrl Pts',(-61.9579430719718,18.7298961982475,29.0735983110831));
#6150=CARTESIAN_POINT('Ctrl Pts',(-61.7168517304487,18.5605849130155,29.2565797441672));
#6151=CARTESIAN_POINT('Ctrl Pts',(-61.3744462960653,18.1859868751361,29.5147930705742));
#6152=CARTESIAN_POINT('Ctrl Pts',(-61.2367294613805,17.9770266030483,29.6179410832294));
#6153=CARTESIAN_POINT('Ctrl Pts',(-61.0492802326433,17.5083272292472,29.7579342810056));
#6154=CARTESIAN_POINT('Ctrl Pts',(-61.,17.248337153464,29.7945440632958));
#6155=CARTESIAN_POINT('Ctrl Pts',(-61.,17.,29.7945440632958));
#6156=CARTESIAN_POINT('',(-61.,-17.,29.7945440632958));
#6157=CARTESIAN_POINT('',(-61.,0.,29.7945440632958));
#6158=CARTESIAN_POINT('',(-63.,-19.,28.2676937305741));
#6159=CARTESIAN_POINT('Ctrl Pts',(-61.,-17.,29.7945440632958));
#6160=CARTESIAN_POINT('Ctrl Pts',(-61.,-17.248337153464,29.7945440632958));
#6161=CARTESIAN_POINT('Ctrl Pts',(-61.0492802326433,-17.5083272292471,29.7579342810056));
#6162=CARTESIAN_POINT('Ctrl Pts',(-61.2367294613805,-17.9770266030483,29.6179410832294));
#6163=CARTESIAN_POINT('Ctrl Pts',(-61.3744462960653,-18.1859868751361,29.5147930705742));
#6164=CARTESIAN_POINT('Ctrl Pts',(-61.7168517304486,-18.5605849130155,29.2565797441672));
#6165=CARTESIAN_POINT('Ctrl Pts',(-61.9579430719718,-18.7298961982475,29.0735983110831));
#6166=CARTESIAN_POINT('Ctrl Pts',(-62.4731463339836,-18.9495765286381,28.6781558871138));
#6167=CARTESIAN_POINT('Ctrl Pts',(-62.7472058156872,-19.,28.4656568161557));
#6168=CARTESIAN_POINT('Ctrl Pts',(-63.,-19.,28.2676937305741));
#6169=CARTESIAN_POINT('',(-84.,-19.,6.00000000000003));
#6170=CARTESIAN_POINT('Origin',(9.32587340685131E-13,-19.,-52.1818181818192));
#6171=CARTESIAN_POINT('',(-84.,0.,6.00000000000003));
#6172=CARTESIAN_POINT('',(-61.,-25.,29.7945440632958));
#6173=CARTESIAN_POINT('Origin',(9.32587340685131E-13,-25.,-52.1818181818192));
#6174=CARTESIAN_POINT('',(-61.,-23.,29.7945440632958));
#6175=CARTESIAN_POINT('',(-61.,0.,29.7945440632958));
#6176=CARTESIAN_POINT('',(-55.,-23.,33.9351021471285));
#6177=CARTESIAN_POINT('Origin',(9.32587340685131E-13,-23.,-52.1818181818192));
#6178=CARTESIAN_POINT('',(-55.,-25.,33.9351021471286));
#6179=CARTESIAN_POINT('',(-55.,0.,33.9351021471285));
#6180=CARTESIAN_POINT('',(-32.,-25.,44.8600489011175));
#6181=CARTESIAN_POINT('Origin',(9.32587340685131E-13,-25.,-52.1818181818192));
#6182=CARTESIAN_POINT('',(-32.,-23.,44.8600489011176));
#6183=CARTESIAN_POINT('',(-32.,0.,44.8600489011176));
#6184=CARTESIAN_POINT('',(-26.,-23.,46.636823616894));
#6185=CARTESIAN_POINT('Origin',(9.32587340685131E-13,-23.,-52.1818181818192));
#6186=CARTESIAN_POINT('',(-26.,-25.,46.6368236168939));
#6187=CARTESIAN_POINT('',(-26.,0.,46.636823616894));
#6188=CARTESIAN_POINT('',(-3.00000000000006,-25.,49.955951359827));
#6189=CARTESIAN_POINT('Origin',(9.32587340685131E-13,-25.,-52.1818181818192));
#6190=CARTESIAN_POINT('',(-3.00000000000006,-23.,49.955951359827));
#6191=CARTESIAN_POINT('',(-3.00000000000006,0.,49.955951359827));
#6192=CARTESIAN_POINT('',(3.,-23.,49.955951359827));
#6193=CARTESIAN_POINT('Origin',(9.32587340685131E-13,-23.,-52.1818181818192));
#6194=CARTESIAN_POINT('',(3.00000000000006,-25.,49.9559513598267));
#6195=CARTESIAN_POINT('',(3.,0.,49.955951359827));
#6196=CARTESIAN_POINT('',(26.,-25.,46.6368236168945));
#6197=CARTESIAN_POINT('Origin',(9.32587340685131E-13,-25.,-52.1818181818192));
#6198=CARTESIAN_POINT('',(25.9999999999999,-23.,46.6368236168945));
#6199=CARTESIAN_POINT('',(26.,0.,46.6368236168945));
#6200=CARTESIAN_POINT('',(32.,-23.,44.8600489011182));
#6201=CARTESIAN_POINT('Origin',(9.32587340685131E-13,-23.,-52.1818181818192));
#6202=CARTESIAN_POINT('',(32.0000000000001,-25.,44.8600489011175));
#6203=CARTESIAN_POINT('',(32.,0.,44.8600489011182));
#6204=CARTESIAN_POINT('',(55.,-25.,33.9351021471297));
#6205=CARTESIAN_POINT('Origin',(9.32587340685131E-13,-25.,-52.1818181818192));
#6206=CARTESIAN_POINT('',(55.,-23.,33.9351021471297));
#6207=CARTESIAN_POINT('',(55.,0.,33.9351021471297));
#6208=CARTESIAN_POINT('',(61.,-23.,29.7945440632972));
#6209=CARTESIAN_POINT('Origin',(9.32587340685131E-13,-23.,-52.1818181818192));
#6210=CARTESIAN_POINT('',(61.,0.,29.7945440632972));
#6211=CARTESIAN_POINT('',(84.,0.,6.00000000000001));
#6212=CARTESIAN_POINT('',(61.,-17.,29.7945440632958));
#6213=CARTESIAN_POINT('Ctrl Pts',(63.,-19.,28.2676937305756));
#6214=CARTESIAN_POINT('Ctrl Pts',(62.7472058156872,-19.,28.4656568161571));
#6215=CARTESIAN_POINT('Ctrl Pts',(62.4731463339837,-18.9495765286381,28.6781558871152));
#6216=CARTESIAN_POINT('Ctrl Pts',(61.9579430719718,-18.7298961982475,29.0735983110845));
#6217=CARTESIAN_POINT('Ctrl Pts',(61.7168517304487,-18.5605849130155,29.2565797441686));
#6218=CARTESIAN_POINT('Ctrl Pts',(61.3744462960653,-18.1859868751361,29.5147930705756));
#6219=CARTESIAN_POINT('Ctrl Pts',(61.2367294613805,-17.9770266030483,29.6179410832308));
#6220=CARTESIAN_POINT('Ctrl Pts',(61.0492802326433,-17.5083272292472,29.757934281007));
#6221=CARTESIAN_POINT('Ctrl Pts',(61.,-17.248337153464,29.7945440632972));
#6222=CARTESIAN_POINT('Ctrl Pts',(61.,-17.,29.7945440632972));
#6223=CARTESIAN_POINT('',(61.,17.,29.7945440632958));
#6224=CARTESIAN_POINT('',(61.,0.,29.7945440632958));
#6225=CARTESIAN_POINT('Ctrl Pts',(61.,17.,29.7945440632972));
#6226=CARTESIAN_POINT('Ctrl Pts',(61.,17.248337153464,29.7945440632972));
#6227=CARTESIAN_POINT('Ctrl Pts',(61.0492802326433,17.5083272292472,29.757934281007));
#6228=CARTESIAN_POINT('Ctrl Pts',(61.2367294613805,17.9770266030483,29.6179410832308));
#6229=CARTESIAN_POINT('Ctrl Pts',(61.3744462960653,18.1859868751361,29.5147930705756));
#6230=CARTESIAN_POINT('Ctrl Pts',(61.7168517304487,18.5605849130155,29.2565797441686));
#6231=CARTESIAN_POINT('Ctrl Pts',(61.9579430719718,18.7298961982475,29.0735983110845));
#6232=CARTESIAN_POINT('Ctrl Pts',(62.4731463339837,18.9495765286381,28.6781558871152));
#6233=CARTESIAN_POINT('Ctrl Pts',(62.7472058156872,19.,28.4656568161571));
#6234=CARTESIAN_POINT('Ctrl Pts',(63.,19.,28.2676937305756));
#6235=CARTESIAN_POINT('',(84.,0.,6.00000000000001));
#6236=CARTESIAN_POINT('',(61.,23.,29.7945440632972));
#6237=CARTESIAN_POINT('',(61.,0.,29.7945440632972));
#6238=CARTESIAN_POINT('',(55.,23.,33.9351021471297));
#6239=CARTESIAN_POINT('Origin',(9.32587340685131E-13,23.,-52.1818181818192));
#6240=CARTESIAN_POINT('',(55.,25.,33.9351021471297));
#6241=CARTESIAN_POINT('',(55.,0.,33.9351021471297));
#6242=CARTESIAN_POINT('',(32.0000000000001,25.,44.8600489011175));
#6243=CARTESIAN_POINT('Origin',(9.32587340685131E-13,25.,-52.1818181818192));
#6244=CARTESIAN_POINT('',(32.,23.,44.8600489011182));
#6245=CARTESIAN_POINT('',(32.,0.,44.8600489011182));
#6246=CARTESIAN_POINT('',(25.9999999999999,23.,46.6368236168945));
#6247=CARTESIAN_POINT('Origin',(9.32587340685131E-13,23.,-52.1818181818192));
#6248=CARTESIAN_POINT('',(26.,25.,46.6368236168939));
#6249=CARTESIAN_POINT('',(26.,0.,46.6368236168945));
#6250=CARTESIAN_POINT('',(3.00000000000006,25.,49.9559513598267));
#6251=CARTESIAN_POINT('Origin',(9.32587340685131E-13,25.,-52.1818181818192));
#6252=CARTESIAN_POINT('',(3.,23.,49.955951359827));
#6253=CARTESIAN_POINT('',(3.,0.,49.955951359827));
#6254=CARTESIAN_POINT('',(-3.00000000000006,23.,49.955951359827));
#6255=CARTESIAN_POINT('Origin',(9.32587340685131E-13,23.,-52.1818181818192));
#6256=CARTESIAN_POINT('',(-3.00000000000006,25.,49.955951359827));
#6257=CARTESIAN_POINT('',(-3.00000000000006,0.,49.955951359827));
#6258=CARTESIAN_POINT('',(-26.,25.,46.6368236168939));
#6259=CARTESIAN_POINT('Origin',(9.32587340685131E-13,25.,-52.1818181818192));
#6260=CARTESIAN_POINT('',(-26.,23.,46.636823616894));
#6261=CARTESIAN_POINT('',(-26.,0.,46.636823616894));
#6262=CARTESIAN_POINT('',(-32.,23.,44.8600489011176));
#6263=CARTESIAN_POINT('Origin',(9.32587340685131E-13,23.,-52.1818181818192));
#6264=CARTESIAN_POINT('',(-32.,25.,44.8600489011176));
#6265=CARTESIAN_POINT('',(-32.,0.,44.8600489011176));
#6266=CARTESIAN_POINT('Origin',(9.32587340685131E-13,25.,-52.1818181818192));
#6267=CARTESIAN_POINT('',(5.00000000000001,19.,49.8775957247012));
#6268=CARTESIAN_POINT('',(24.,19.,47.1415122443323));
#6269=CARTESIAN_POINT('Origin',(9.32587340685131E-13,19.,-52.1818181818192));
#6270=CARTESIAN_POINT('',(26.,17.,46.6368236168939));
#6271=CARTESIAN_POINT('Ctrl Pts',(24.,19.,47.1415122443323));
#6272=CARTESIAN_POINT('Ctrl Pts',(24.2519922797213,19.,47.0806220719291));
#6273=CARTESIAN_POINT('Ctrl Pts',(24.5209776052509,18.9495309195481,47.0145068242472));
#6274=CARTESIAN_POINT('Ctrl Pts',(25.0167007012321,18.7431030219321,46.8906498577506));
#6275=CARTESIAN_POINT('Ctrl Pts',(25.2434409606087,18.5871171674264,46.8329631703222));
#6276=CARTESIAN_POINT('Ctrl Pts',(25.5962190539783,18.2300444788735,46.7423427527093));
#6277=CARTESIAN_POINT('Ctrl Pts',(25.7479735130236,18.0073269959675,46.702845525139));
#6278=CARTESIAN_POINT('Ctrl Pts',(25.9498910387327,17.5177296445754,46.650049207027));
#6279=CARTESIAN_POINT('Ctrl Pts',(26.,17.2508195409015,46.6368236168945));
#6280=CARTESIAN_POINT('Ctrl Pts',(26.,17.,46.6368236168945));
#6281=CARTESIAN_POINT('',(26.,-17.,46.6368236168939));
#6282=CARTESIAN_POINT('',(26.,0.,46.6368236168939));
#6283=CARTESIAN_POINT('',(24.,-19.,47.1415122443323));
#6284=CARTESIAN_POINT('Ctrl Pts',(26.,-17.,46.6368236168945));
#6285=CARTESIAN_POINT('Ctrl Pts',(26.,-17.2508195409015,46.6368236168945));
#6286=CARTESIAN_POINT('Ctrl Pts',(25.9498910387327,-17.5177296445754,46.650049207027));
#6287=CARTESIAN_POINT('Ctrl Pts',(25.7479735130236,-18.0073269959675,46.702845525139));
#6288=CARTESIAN_POINT('Ctrl Pts',(25.5962190539783,-18.2300444788735,46.7423427527093));
#6289=CARTESIAN_POINT('Ctrl Pts',(25.2434409606087,-18.5871171674264,46.8329631703222));
#6290=CARTESIAN_POINT('Ctrl Pts',(25.0167007012321,-18.7431030219321,46.8906498577506));
#6291=CARTESIAN_POINT('Ctrl Pts',(24.5209776052509,-18.9495309195481,47.0145068242472));
#6292=CARTESIAN_POINT('Ctrl Pts',(24.2519922797213,-19.,47.0806220719291));
#6293=CARTESIAN_POINT('Ctrl Pts',(24.,-19.,47.1415122443323));
#6294=CARTESIAN_POINT('',(5.00000000000001,-19.,49.8775957247012));
#6295=CARTESIAN_POINT('Origin',(9.32587340685131E-13,-19.,-52.1818181818192));
#6296=CARTESIAN_POINT('',(3.00000000000001,-17.,49.9559513598267));
#6297=CARTESIAN_POINT('Ctrl Pts',(5.00000000000001,-19.,49.8775957247012));
#6298=CARTESIAN_POINT('Ctrl Pts',(4.74894639483885,-19.,49.8898951097139));
#6299=CARTESIAN_POINT('Ctrl Pts',(4.48108545874033,-18.9498390134148,49.9019938102356));
#6300=CARTESIAN_POINT('Ctrl Pts',(3.98823132199419,-18.7457000382337,49.9224364241457));
#6301=CARTESIAN_POINT('Ctrl Pts',(3.7632416279646,-18.5917188843041,49.9308332357619));
#6302=CARTESIAN_POINT('Ctrl Pts',(3.40810762395118,-18.2364846103267,49.9433026605509));
#6303=CARTESIAN_POINT('Ctrl Pts',(3.25423536142786,-18.0116328642373,49.9482182354167));
#6304=CARTESIAN_POINT('Ctrl Pts',(3.05018131150684,-17.518943456211,49.9545160990698));
#6305=CARTESIAN_POINT('Ctrl Pts',(3.00000000000001,-17.2511062757222,49.955951359827));
#6306=CARTESIAN_POINT('Ctrl Pts',(3.00000000000001,-17.,49.955951359827));
#6307=CARTESIAN_POINT('',(3.00000000000001,17.,49.9559513598267));
#6308=CARTESIAN_POINT('',(3.00000000000001,0.,49.9559513598267));
#6309=CARTESIAN_POINT('Ctrl Pts',(3.00000000000001,17.,49.955951359827));
#6310=CARTESIAN_POINT('Ctrl Pts',(3.00000000000001,17.2511062757222,49.955951359827));
#6311=CARTESIAN_POINT('Ctrl Pts',(3.05018131150684,17.518943456211,49.9545160990698));
#6312=CARTESIAN_POINT('Ctrl Pts',(3.25423536142786,18.0116328642373,49.9482182354167));
#6313=CARTESIAN_POINT('Ctrl Pts',(3.40810762395117,18.2364846103267,49.9433026605509));
#6314=CARTESIAN_POINT('Ctrl Pts',(3.7632416279646,18.591718884304,49.9308332357619));
#6315=CARTESIAN_POINT('Ctrl Pts',(3.98823132199419,18.7457000382337,49.9224364241457));
#6316=CARTESIAN_POINT('Ctrl Pts',(4.48108545874033,18.9498390134148,49.9019938102356));
#6317=CARTESIAN_POINT('Ctrl Pts',(4.74894639483885,19.,49.8898951097138));
#6318=CARTESIAN_POINT('Ctrl Pts',(5.00000000000001,19.,49.8775957247012));
#6319=CARTESIAN_POINT('',(-3.00000000000006,17.,49.9559513598267));
#6320=CARTESIAN_POINT('',(-3.00000000000006,-17.,49.9559513598267));
#6321=CARTESIAN_POINT('',(-3.00000000000006,0.,49.9559513598267));
#6322=CARTESIAN_POINT('',(-5.00000000000006,-19.,49.8775957247011));
#6323=CARTESIAN_POINT('Ctrl Pts',(-3.00000000000006,-17.,49.955951359827));
#6324=CARTESIAN_POINT('Ctrl Pts',(-3.00000000000006,-17.2511062757222,49.955951359827));
#6325=CARTESIAN_POINT('Ctrl Pts',(-3.05018131150689,-17.518943456211,49.9545160990697));
#6326=CARTESIAN_POINT('Ctrl Pts',(-3.25423536142791,-18.0116328642373,49.9482182354167));
#6327=CARTESIAN_POINT('Ctrl Pts',(-3.40810762395123,-18.2364846103267,49.9433026605508));
#6328=CARTESIAN_POINT('Ctrl Pts',(-3.76324162796465,-18.591718884304,49.9308332357618));
#6329=CARTESIAN_POINT('Ctrl Pts',(-3.98823132199424,-18.7457000382337,49.9224364241456));
#6330=CARTESIAN_POINT('Ctrl Pts',(-4.48108545874039,-18.9498390134148,49.9019938102356));
#6331=CARTESIAN_POINT('Ctrl Pts',(-4.74894639483891,-19.,49.8898951097138));
#6332=CARTESIAN_POINT('Ctrl Pts',(-5.00000000000006,-19.,49.8775957247011));
#6333=CARTESIAN_POINT('',(-23.9999999999999,-19.,47.1415122443319));
#6334=CARTESIAN_POINT('Origin',(9.32587340685131E-13,-19.,-52.1818181818192));
#6335=CARTESIAN_POINT('',(-25.9999999999999,-17.,46.6368236168939));
#6336=CARTESIAN_POINT('Ctrl Pts',(-23.9999999999999,-19.,47.1415122443319));
#6337=CARTESIAN_POINT('Ctrl Pts',(-24.2519922797213,-19.,47.0806220719287));
#6338=CARTESIAN_POINT('Ctrl Pts',(-24.5209776052509,-18.9495309195481,47.0145068242467));
#6339=CARTESIAN_POINT('Ctrl Pts',(-25.0167007012321,-18.7431030219321,46.8906498577502));
#6340=CARTESIAN_POINT('Ctrl Pts',(-25.2434409606087,-18.5871171674264,46.8329631703218));
#6341=CARTESIAN_POINT('Ctrl Pts',(-25.5962190539783,-18.2300444788735,46.7423427527088));
#6342=CARTESIAN_POINT('Ctrl Pts',(-25.7479735130235,-18.0073269959675,46.7028455251385));
#6343=CARTESIAN_POINT('Ctrl Pts',(-25.9498910387327,-17.5177296445754,46.6500492070265));
#6344=CARTESIAN_POINT('Ctrl Pts',(-25.9999999999999,-17.2508195409015,46.636823616894));
#6345=CARTESIAN_POINT('Ctrl Pts',(-25.9999999999999,-17.,46.636823616894));
#6346=CARTESIAN_POINT('',(-25.9999999999999,17.,46.6368236168939));
#6347=CARTESIAN_POINT('',(-25.9999999999999,0.,46.6368236168939));
#6348=CARTESIAN_POINT('',(-23.9999999999999,19.,47.1415122443319));
#6349=CARTESIAN_POINT('Ctrl Pts',(-25.9999999999999,17.,46.636823616894));
#6350=CARTESIAN_POINT('Ctrl Pts',(-25.9999999999999,17.2508195409015,46.636823616894));
#6351=CARTESIAN_POINT('Ctrl Pts',(-25.9498910387327,17.5177296445754,46.6500492070265));
#6352=CARTESIAN_POINT('Ctrl Pts',(-25.7479735130235,18.0073269959675,46.7028455251385));
#6353=CARTESIAN_POINT('Ctrl Pts',(-25.5962190539783,18.2300444788735,46.7423427527088));
#6354=CARTESIAN_POINT('Ctrl Pts',(-25.2434409606087,18.5871171674264,46.8329631703218));
#6355=CARTESIAN_POINT('Ctrl Pts',(-25.0167007012321,18.7431030219321,46.8906498577502));
#6356=CARTESIAN_POINT('Ctrl Pts',(-24.5209776052509,18.9495309195481,47.0145068242467));
#6357=CARTESIAN_POINT('Ctrl Pts',(-24.2519922797213,19.,47.0806220719287));
#6358=CARTESIAN_POINT('Ctrl Pts',(-23.9999999999999,19.,47.1415122443319));
#6359=CARTESIAN_POINT('',(-5.00000000000006,19.,49.8775957247011));
#6360=CARTESIAN_POINT('Origin',(9.32587340685131E-13,19.,-52.1818181818192));
#6361=CARTESIAN_POINT('Ctrl Pts',(-5.00000000000006,19.,49.8775957247011));
#6362=CARTESIAN_POINT('Ctrl Pts',(-4.74894639483891,19.,49.8898951097138));
#6363=CARTESIAN_POINT('Ctrl Pts',(-4.48108545874039,18.9498390134148,49.9019938102356));
#6364=CARTESIAN_POINT('Ctrl Pts',(-3.98823132199424,18.7457000382337,49.9224364241456));
#6365=CARTESIAN_POINT('Ctrl Pts',(-3.76324162796465,18.591718884304,49.9308332357618));
#6366=CARTESIAN_POINT('Ctrl Pts',(-3.40810762395123,18.2364846103267,49.9433026605508));
#6367=CARTESIAN_POINT('Ctrl Pts',(-3.25423536142791,18.0116328642373,49.9482182354167));
#6368=CARTESIAN_POINT('Ctrl Pts',(-3.05018131150689,17.518943456211,49.9545160990697));
#6369=CARTESIAN_POINT('Ctrl Pts',(-3.00000000000006,17.2511062757222,49.955951359827));
#6370=CARTESIAN_POINT('Ctrl Pts',(-3.00000000000006,17.,49.955951359827));
#6371=CARTESIAN_POINT('',(-32.,17.,44.8600489011175));
#6372=CARTESIAN_POINT('',(-32.,-17.,44.8600489011175));
#6373=CARTESIAN_POINT('',(-32.,0.,44.8600489011175));
#6374=CARTESIAN_POINT('',(-34.,-19.,44.1775299217373));
#6375=CARTESIAN_POINT('Ctrl Pts',(-32.,-17.,44.8600489011176));
#6376=CARTESIAN_POINT('Ctrl Pts',(-32.,-17.2503121290559,44.8600489011176));
#6377=CARTESIAN_POINT('Ctrl Pts',(-32.0499429328966,-17.516359467084,44.8436230067935));
#6378=CARTESIAN_POINT('Ctrl Pts',(-32.2500708788118,-18.0035425713551,44.7772866418307));
#6379=CARTESIAN_POINT('Ctrl Pts',(-32.4001692018956,-18.2247092940835,44.7273420241285));
#6380=CARTESIAN_POINT('Ctrl Pts',(-32.7519715462051,-18.5841949303445,44.6090333759384));
#6381=CARTESIAN_POINT('Ctrl Pts',(-32.9809860096906,-18.7419873100435,44.5314072945356));
#6382=CARTESIAN_POINT('Ctrl Pts',(-33.4794153244647,-18.9498463736602,44.3599974721222));
#6383=CARTESIAN_POINT('Ctrl Pts',(-33.7487795675586,-19.,44.266172018961));
#6384=CARTESIAN_POINT('Ctrl Pts',(-34.,-19.,44.1775299217373));
#6385=CARTESIAN_POINT('',(-53.0000000000001,-19.,35.1802099937121));
#6386=CARTESIAN_POINT('Origin',(9.32587340685131E-13,-19.,-52.1818181818192));
#6387=CARTESIAN_POINT('',(-55.0000000000001,-17.,33.9351021471286));
#6388=CARTESIAN_POINT('Ctrl Pts',(-53.0000000000001,-19.,35.1802099937121));
#6389=CARTESIAN_POINT('Ctrl Pts',(-53.2548209726301,-19.,35.0256175256634));
#6390=CARTESIAN_POINT('Ctrl Pts',(-53.5281743633584,-18.948670428443,34.8581030385216));
#6391=CARTESIAN_POINT('Ctrl Pts',(-54.0365495391166,-18.7325846712511,34.5434068140869));
#6392=CARTESIAN_POINT('Ctrl Pts',(-54.2715914357161,-18.5677940104947,34.3962812420447));
#6393=CARTESIAN_POINT('Ctrl Pts',(-54.6156320763745,-18.2009460181637,34.1795796711322));
#6394=CARTESIAN_POINT('Ctrl Pts',(-54.75792156774,-17.9876762846778,34.0893066894045));
#6395=CARTESIAN_POINT('Ctrl Pts',(-54.9502683846213,-17.5120994576275,33.9669192747815));
#6396=CARTESIAN_POINT('Ctrl Pts',(-55.0000000000001,-17.24958424568,33.9351021471285));
#6397=CARTESIAN_POINT('Ctrl Pts',(-55.0000000000001,-17.,33.9351021471285));
#6398=CARTESIAN_POINT('',(-55.0000000000001,17.,33.9351021471286));
#6399=CARTESIAN_POINT('',(-55.0000000000001,0.,33.9351021471286));
#6400=CARTESIAN_POINT('',(-53.0000000000001,19.,35.1802099937121));
#6401=CARTESIAN_POINT('Ctrl Pts',(-55.0000000000001,17.,33.9351021471285));
#6402=CARTESIAN_POINT('Ctrl Pts',(-55.0000000000001,17.24958424568,33.9351021471285));
#6403=CARTESIAN_POINT('Ctrl Pts',(-54.9502683846213,17.5120994576275,33.9669192747815));
#6404=CARTESIAN_POINT('Ctrl Pts',(-54.75792156774,17.9876762846777,34.0893066894045));
#6405=CARTESIAN_POINT('Ctrl Pts',(-54.6156320763745,18.2009460181637,34.1795796711322));
#6406=CARTESIAN_POINT('Ctrl Pts',(-54.2715914357161,18.5677940104947,34.3962812420447));
#6407=CARTESIAN_POINT('Ctrl Pts',(-54.0365495391166,18.7325846712511,34.5434068140869));
#6408=CARTESIAN_POINT('Ctrl Pts',(-53.5281743633584,18.948670428443,34.8581030385216));
#6409=CARTESIAN_POINT('Ctrl Pts',(-53.2548209726301,19.,35.0256175256634));
#6410=CARTESIAN_POINT('Ctrl Pts',(-53.0000000000001,19.,35.1802099937121));
#6411=CARTESIAN_POINT('',(-34.,19.,44.1775299217373));
#6412=CARTESIAN_POINT('Origin',(9.32587340685131E-13,19.,-52.1818181818192));
#6413=CARTESIAN_POINT('Ctrl Pts',(-34.,19.,44.1775299217373));
#6414=CARTESIAN_POINT('Ctrl Pts',(-33.7487795675586,19.,44.266172018961));
#6415=CARTESIAN_POINT('Ctrl Pts',(-33.4794153244647,18.9498463736602,44.3599974721222));
#6416=CARTESIAN_POINT('Ctrl Pts',(-32.9809860096906,18.7419873100435,44.5314072945356));
#6417=CARTESIAN_POINT('Ctrl Pts',(-32.7519715462051,18.5841949303445,44.6090333759384));
#6418=CARTESIAN_POINT('Ctrl Pts',(-32.4001692018956,18.2247092940835,44.7273420241285));
#6419=CARTESIAN_POINT('Ctrl Pts',(-32.2500708788118,18.0035425713551,44.7772866418307));
#6420=CARTESIAN_POINT('Ctrl Pts',(-32.0499429328966,17.516359467084,44.8436230067935));
#6421=CARTESIAN_POINT('Ctrl Pts',(-32.,17.2503121290559,44.8600489011176));
#6422=CARTESIAN_POINT('Ctrl Pts',(-32.,17.,44.8600489011176));
#6423=CARTESIAN_POINT('',(55.,17.,33.9351021471285));
#6424=CARTESIAN_POINT('',(55.,-17.,33.9351021471285));
#6425=CARTESIAN_POINT('',(55.,0.,33.9351021471285));
#6426=CARTESIAN_POINT('',(53.,-19.,35.1802099937133));
#6427=CARTESIAN_POINT('Ctrl Pts',(55.,-17.,33.9351021471297));
#6428=CARTESIAN_POINT('Ctrl Pts',(55.,-17.24958424568,33.9351021471297));
#6429=CARTESIAN_POINT('Ctrl Pts',(54.9502683846212,-17.5120994576275,33.9669192747828));
#6430=CARTESIAN_POINT('Ctrl Pts',(54.7579215677399,-17.9876762846777,34.0893066894057));
#6431=CARTESIAN_POINT('Ctrl Pts',(54.6156320763744,-18.2009460181637,34.1795796711334));
#6432=CARTESIAN_POINT('Ctrl Pts',(54.271591435716,-18.5677940104947,34.396281242046));
#6433=CARTESIAN_POINT('Ctrl Pts',(54.0365495391165,-18.7325846712511,34.5434068140881));
#6434=CARTESIAN_POINT('Ctrl Pts',(53.5281743633583,-18.948670428443,34.8581030385228));
#6435=CARTESIAN_POINT('Ctrl Pts',(53.25482097263,-19.,35.0256175256646));
#6436=CARTESIAN_POINT('Ctrl Pts',(53.,-19.,35.1802099937133));
#6437=CARTESIAN_POINT('',(34.0000000000001,-19.,44.1775299217379));
#6438=CARTESIAN_POINT('Origin',(9.32587340685131E-13,-19.,-52.1818181818192));
#6439=CARTESIAN_POINT('',(32.0000000000001,-17.,44.8600489011175));
#6440=CARTESIAN_POINT('Ctrl Pts',(34.0000000000001,-19.,44.1775299217379));
#6441=CARTESIAN_POINT('Ctrl Pts',(33.7487795675587,-19.,44.2661720189616));
#6442=CARTESIAN_POINT('Ctrl Pts',(33.4794153244648,-18.9498463736602,44.3599974721228));
#6443=CARTESIAN_POINT('Ctrl Pts',(32.9809860096907,-18.7419873100435,44.5314072945363));
#6444=CARTESIAN_POINT('Ctrl Pts',(32.7519715462052,-18.5841949303445,44.609033375939));
#6445=CARTESIAN_POINT('Ctrl Pts',(32.4001692018957,-18.2247092940835,44.7273420241291));
#6446=CARTESIAN_POINT('Ctrl Pts',(32.2500708788119,-18.0035425713551,44.7772866418313));
#6447=CARTESIAN_POINT('Ctrl Pts',(32.0499429328967,-17.516359467084,44.843623006794));
#6448=CARTESIAN_POINT('Ctrl Pts',(32.0000000000001,-17.2503121290559,44.8600489011182));
#6449=CARTESIAN_POINT('Ctrl Pts',(32.0000000000001,-17.,44.8600489011182));
#6450=CARTESIAN_POINT('',(32.0000000000001,17.,44.8600489011175));
#6451=CARTESIAN_POINT('',(32.0000000000001,0.,44.8600489011175));
#6452=CARTESIAN_POINT('',(34.0000000000001,19.,44.1775299217379));
#6453=CARTESIAN_POINT('Ctrl Pts',(32.0000000000001,17.,44.8600489011182));
#6454=CARTESIAN_POINT('Ctrl Pts',(32.0000000000001,17.2503121290559,44.8600489011182));
#6455=CARTESIAN_POINT('Ctrl Pts',(32.0499429328967,17.516359467084,44.843623006794));
#6456=CARTESIAN_POINT('Ctrl Pts',(32.2500708788119,18.0035425713551,44.7772866418313));
#6457=CARTESIAN_POINT('Ctrl Pts',(32.4001692018957,18.2247092940835,44.7273420241291));
#6458=CARTESIAN_POINT('Ctrl Pts',(32.7519715462052,18.5841949303445,44.609033375939));
#6459=CARTESIAN_POINT('Ctrl Pts',(32.9809860096907,18.7419873100435,44.5314072945363));
#6460=CARTESIAN_POINT('Ctrl Pts',(33.4794153244648,18.9498463736602,44.3599974721228));
#6461=CARTESIAN_POINT('Ctrl Pts',(33.7487795675587,19.,44.2661720189616));
#6462=CARTESIAN_POINT('Ctrl Pts',(34.0000000000001,19.,44.1775299217379));
#6463=CARTESIAN_POINT('',(53.,19.,35.1802099937133));
#6464=CARTESIAN_POINT('Origin',(9.32587340685131E-13,19.,-52.1818181818192));
#6465=CARTESIAN_POINT('Ctrl Pts',(53.,19.,35.1802099937133));
#6466=CARTESIAN_POINT('Ctrl Pts',(53.25482097263,19.,35.0256175256646));
#6467=CARTESIAN_POINT('Ctrl Pts',(53.5281743633583,18.948670428443,34.8581030385228));
#6468=CARTESIAN_POINT('Ctrl Pts',(54.0365495391165,18.7325846712511,34.5434068140881));
#6469=CARTESIAN_POINT('Ctrl Pts',(54.271591435716,18.5677940104947,34.396281242046));
#6470=CARTESIAN_POINT('Ctrl Pts',(54.6156320763744,18.2009460181637,34.1795796711334));
#6471=CARTESIAN_POINT('Ctrl Pts',(54.7579215677399,17.9876762846777,34.0893066894057));
#6472=CARTESIAN_POINT('Ctrl Pts',(54.9502683846212,17.5120994576275,33.9669192747827));
#6473=CARTESIAN_POINT('Ctrl Pts',(55.,17.24958424568,33.9351021471297));
#6474=CARTESIAN_POINT('Ctrl Pts',(55.,17.,33.9351021471297));
#6475=CARTESIAN_POINT('Origin',(9.32587340685131E-13,23.,-52.1818181818192));
#6476=CARTESIAN_POINT('',(-26.,25.,44.567324936945));
#6477=CARTESIAN_POINT('Ctrl Pts',(-26.,25.,44.5673249369449));
#6478=CARTESIAN_POINT('Ctrl Pts',(-26.,25.,44.8256699476449));
#6479=CARTESIAN_POINT('Ctrl Pts',(-26.,24.9410169266568,45.130021200667));
#6480=CARTESIAN_POINT('Ctrl Pts',(-26.,24.7483843225129,45.6044436902753));
#6481=CARTESIAN_POINT('Ctrl Pts',(-26.,24.5822429228495,45.8595444845184));
#6482=CARTESIAN_POINT('Ctrl Pts',(-26.,24.2308645165313,46.2181818519128));
#6483=CARTESIAN_POINT('Ctrl Pts',(-26.,23.9849852870367,46.386667222105));
#6484=CARTESIAN_POINT('Ctrl Pts',(-26.,23.5312448777131,46.5782999159729));
#6485=CARTESIAN_POINT('Ctrl Pts',(-26.,23.2441587775606,46.636823616894));
#6486=CARTESIAN_POINT('Ctrl Pts',(-26.,23.,46.636823616894));
#6487=CARTESIAN_POINT('',(-32.,25.,42.7518254552766));
#6488=CARTESIAN_POINT('Origin',(9.32587340685131E-13,25.,-52.1818181818192));
#6489=CARTESIAN_POINT('Ctrl Pts',(-32.,23.,44.8600489011176));
#6490=CARTESIAN_POINT('Ctrl Pts',(-32.,23.2427142136998,44.8600489011176));
#6491=CARTESIAN_POINT('Ctrl Pts',(-32.,23.5279489197597,44.8011266185336));
#6492=CARTESIAN_POINT('Ctrl Pts',(-32.,23.9804221021872,44.6080138331279));
#6493=CARTESIAN_POINT('Ctrl Pts',(-32.,24.226065010815,44.4373760168642));
#6494=CARTESIAN_POINT('Ctrl Pts',(-32.,24.5786982932001,44.0734458546751));
#6495=CARTESIAN_POINT('Ctrl Pts',(-32.,24.7456893300018,43.813449545253));
#6496=CARTESIAN_POINT('Ctrl Pts',(-32.,24.9403628513242,43.3287670819734));
#6497=CARTESIAN_POINT('Ctrl Pts',(-32.,25.,43.0166381215515));
#6498=CARTESIAN_POINT('Ctrl Pts',(-32.,25.,42.7518254552766));
#6499=CARTESIAN_POINT('Origin',(9.32587340685131E-13,23.,-52.1818181818192));
#6500=CARTESIAN_POINT('',(3.00000000000006,25.,47.9550715952013));
#6501=CARTESIAN_POINT('Ctrl Pts',(3.,25.,47.9550715952013));
#6502=CARTESIAN_POINT('Ctrl Pts',(3.,25.,48.2020437641726));
#6503=CARTESIAN_POINT('Ctrl Pts',(3.,24.9422003286586,48.4927194618627));
#6504=CARTESIAN_POINT('Ctrl Pts',(3.,24.75323950366,48.9490281398322));
#6505=CARTESIAN_POINT('Ctrl Pts',(3.,24.5886631830048,49.1954152580039));
#6506=CARTESIAN_POINT('Ctrl Pts',(3.,24.2395671885224,49.5446032367927));
#6507=CARTESIAN_POINT('Ctrl Pts',(3.,23.9932968813651,49.7092092738161));
#6508=CARTESIAN_POINT('Ctrl Pts',(3.,23.5372499625137,49.8981575057544));
#6509=CARTESIAN_POINT('Ctrl Pts',(3.,23.2467926953255,49.955951359827));
#6510=CARTESIAN_POINT('Ctrl Pts',(3.,23.,49.955951359827));
#6511=CARTESIAN_POINT('',(-3.00000000000005,25.,47.9550715952013));
#6512=CARTESIAN_POINT('Origin',(9.32587340685131E-13,25.,-52.1818181818192));
#6513=CARTESIAN_POINT('Ctrl Pts',(-3.00000000000005,23.,49.955951359827));
#6514=CARTESIAN_POINT('Ctrl Pts',(-3.00000000000005,23.2467926953255,49.955951359827));
#6515=CARTESIAN_POINT('Ctrl Pts',(-3.00000000000006,23.5372499625137,49.8981575057543));
#6516=CARTESIAN_POINT('Ctrl Pts',(-3.00000000000006,23.9932968813651,49.709209273816));
#6517=CARTESIAN_POINT('Ctrl Pts',(-3.00000000000005,24.2395671885224,49.5446032367926));
#6518=CARTESIAN_POINT('Ctrl Pts',(-3.00000000000005,24.5886631830048,49.1954152580039));
#6519=CARTESIAN_POINT('Ctrl Pts',(-3.00000000000005,24.75323950366,48.9490281398321));
#6520=CARTESIAN_POINT('Ctrl Pts',(-3.00000000000005,24.9422003286586,48.4927194618627));
#6521=CARTESIAN_POINT('Ctrl Pts',(-3.00000000000005,25.,48.2020437641726));
#6522=CARTESIAN_POINT('Ctrl Pts',(-3.00000000000005,25.,47.9550715952013));
#6523=CARTESIAN_POINT('Origin',(9.32587340685131E-13,23.,-52.1818181818192));
#6524=CARTESIAN_POINT('',(32.0000000000001,25.,42.7518254552772));
#6525=CARTESIAN_POINT('Ctrl Pts',(32.,25.,42.7518254552772));
#6526=CARTESIAN_POINT('Ctrl Pts',(32.,25.,43.0166381215521));
#6527=CARTESIAN_POINT('Ctrl Pts',(32.,24.9403628513242,43.328767081974));
#6528=CARTESIAN_POINT('Ctrl Pts',(32.,24.7456893300018,43.8134495452536));
#6529=CARTESIAN_POINT('Ctrl Pts',(32.,24.5786982932001,44.0734458546757));
#6530=CARTESIAN_POINT('Ctrl Pts',(32.,24.226065010815,44.4373760168648));
#6531=CARTESIAN_POINT('Ctrl Pts',(32.,23.9804221021872,44.6080138331285));
#6532=CARTESIAN_POINT('Ctrl Pts',(32.,23.5279489197597,44.8011266185342));
#6533=CARTESIAN_POINT('Ctrl Pts',(32.,23.2427142136998,44.8600489011182));
#6534=CARTESIAN_POINT('Ctrl Pts',(32.,23.,44.8600489011182));
#6535=CARTESIAN_POINT('',(26.,25.,44.5673249369455));
#6536=CARTESIAN_POINT('Origin',(9.32587340685131E-13,25.,-52.1818181818192));
#6537=CARTESIAN_POINT('Ctrl Pts',(26.,23.,46.6368236168945));
#6538=CARTESIAN_POINT('Ctrl Pts',(26.,23.2441587775606,46.6368236168945));
#6539=CARTESIAN_POINT('Ctrl Pts',(26.,23.5312448777131,46.5782999159734));
#6540=CARTESIAN_POINT('Ctrl Pts',(26.,23.9849852870367,46.3866672221056));
#6541=CARTESIAN_POINT('Ctrl Pts',(26.,24.2308645165313,46.2181818519133));
#6542=CARTESIAN_POINT('Ctrl Pts',(26.,24.5822429228495,45.8595444845189));
#6543=CARTESIAN_POINT('Ctrl Pts',(26.,24.7483843225129,45.6044436902758));
#6544=CARTESIAN_POINT('Ctrl Pts',(26.,24.9410169266568,45.1300212006675));
#6545=CARTESIAN_POINT('Ctrl Pts',(26.,25.,44.8256699476454));
#6546=CARTESIAN_POINT('Ctrl Pts',(26.,25.,44.5673249369455));
#6547=CARTESIAN_POINT('Origin',(9.32587340685131E-13,23.,-52.1818181818192));
#6548=CARTESIAN_POINT('',(61.,25.,27.2876520203614));
#6549=CARTESIAN_POINT('Ctrl Pts',(61.,25.,27.2876520203614));
#6550=CARTESIAN_POINT('Ctrl Pts',(61.,25.,27.6209624856584));
#6551=CARTESIAN_POINT('Ctrl Pts',(61.,24.9341737207657,28.0154811143699));
#6552=CARTESIAN_POINT('Ctrl Pts',(61.,24.7197066928131,28.6071744880796));
#6553=CARTESIAN_POINT('Ctrl Pts',(61.,24.5452104483326,28.9166295928386));
#6554=CARTESIAN_POINT('Ctrl Pts',(61.,24.180895447644,29.3334961827101));
#6555=CARTESIAN_POINT('Ctrl Pts',(61.,23.9381927018276,29.5248915689993));
#6556=CARTESIAN_POINT('Ctrl Pts',(61.,23.4974601228612,29.7319937320544));
#6557=CARTESIAN_POINT('Ctrl Pts',(61.,23.2293913894615,29.7945440632972));
#6558=CARTESIAN_POINT('Ctrl Pts',(61.,23.,29.7945440632972));
#6559=CARTESIAN_POINT('',(55.,25.,31.5522650472654));
#6560=CARTESIAN_POINT('Origin',(9.32587340685131E-13,25.,-52.1818181818192));
#6561=CARTESIAN_POINT('Ctrl Pts',(55.,23.,33.9351021471297));
#6562=CARTESIAN_POINT('Ctrl Pts',(55.,23.2332573266204,33.9351021471297));
#6563=CARTESIAN_POINT('Ctrl Pts',(55.,23.5063251219063,33.8735967734985));
#6564=CARTESIAN_POINT('Ctrl Pts',(55.,23.9504717898567,33.6706267724513));
#6565=CARTESIAN_POINT('Ctrl Pts',(55.,24.1941729488361,33.4854328507366));
#6566=CARTESIAN_POINT('Ctrl Pts',(55.,24.5550775662975,33.0847486092311));
#6567=CARTESIAN_POINT('Ctrl Pts',(55.,24.727462328259,32.7904987406427));
#6568=CARTESIAN_POINT('Ctrl Pts',(55.,24.9359970978031,32.232354344173));
#6569=CARTESIAN_POINT('Ctrl Pts',(55.,25.,31.8639045522017));
#6570=CARTESIAN_POINT('Ctrl Pts',(55.,25.,31.5522650472654));
#6571=CARTESIAN_POINT('Origin',(9.32587340685131E-13,-23.,-52.1818181818192));
#6572=CARTESIAN_POINT('',(55.,-25.,31.5522650472654));
#6573=CARTESIAN_POINT('Ctrl Pts',(55.,-25.,31.5522650472654));
#6574=CARTESIAN_POINT('Ctrl Pts',(55.,-25.,31.8639045522017));
#6575=CARTESIAN_POINT('Ctrl Pts',(55.,-24.9359970978031,32.232354344173));
#6576=CARTESIAN_POINT('Ctrl Pts',(55.,-24.727462328259,32.7904987406427));
#6577=CARTESIAN_POINT('Ctrl Pts',(55.,-24.5550775662975,33.0847486092311));
#6578=CARTESIAN_POINT('Ctrl Pts',(55.,-24.1941729488361,33.4854328507366));
#6579=CARTESIAN_POINT('Ctrl Pts',(55.,-23.9504717898567,33.6706267724513));
#6580=CARTESIAN_POINT('Ctrl Pts',(55.,-23.5063251219063,33.8735967734985));
#6581=CARTESIAN_POINT('Ctrl Pts',(55.,-23.2332573266204,33.9351021471297));
#6582=CARTESIAN_POINT('Ctrl Pts',(55.,-23.,33.9351021471297));
#6583=CARTESIAN_POINT('',(61.,-25.,27.2876520203614));
#6584=CARTESIAN_POINT('Origin',(9.32587340685131E-13,-25.,-52.1818181818192));
#6585=CARTESIAN_POINT('Ctrl Pts',(61.,-23.,29.7945440632972));
#6586=CARTESIAN_POINT('Ctrl Pts',(61.,-23.2293913894615,29.7945440632972));
#6587=CARTESIAN_POINT('Ctrl Pts',(61.,-23.4974601228612,29.7319937320544));
#6588=CARTESIAN_POINT('Ctrl Pts',(61.,-23.9381927018276,29.5248915689993));
#6589=CARTESIAN_POINT('Ctrl Pts',(61.,-24.180895447644,29.3334961827101));
#6590=CARTESIAN_POINT('Ctrl Pts',(61.,-24.5452104483326,28.9166295928386));
#6591=CARTESIAN_POINT('Ctrl Pts',(61.,-24.7197066928131,28.6071744880796));
#6592=CARTESIAN_POINT('Ctrl Pts',(61.,-24.9341737207657,28.0154811143699));
#6593=CARTESIAN_POINT('Ctrl Pts',(61.,-25.,27.6209624856584));
#6594=CARTESIAN_POINT('Ctrl Pts',(61.,-25.,27.2876520203614));
#6595=CARTESIAN_POINT('Origin',(9.32587340685131E-13,-23.,-52.1818181818192));
#6596=CARTESIAN_POINT('',(26.,-25.,44.5673249369455));
#6597=CARTESIAN_POINT('Ctrl Pts',(26.,-25.,44.5673249369455));
#6598=CARTESIAN_POINT('Ctrl Pts',(26.,-25.,44.8256699476454));
#6599=CARTESIAN_POINT('Ctrl Pts',(26.,-24.9410169266568,45.1300212006675));
#6600=CARTESIAN_POINT('Ctrl Pts',(26.,-24.7483843225129,45.6044436902758));
#6601=CARTESIAN_POINT('Ctrl Pts',(26.,-24.5822429228495,45.8595444845189));
#6602=CARTESIAN_POINT('Ctrl Pts',(26.,-24.2308645165313,46.2181818519133));
#6603=CARTESIAN_POINT('Ctrl Pts',(26.,-23.9849852870367,46.3866672221056));
#6604=CARTESIAN_POINT('Ctrl Pts',(26.,-23.5312448777131,46.5782999159734));
#6605=CARTESIAN_POINT('Ctrl Pts',(26.,-23.2441587775606,46.6368236168945));
#6606=CARTESIAN_POINT('Ctrl Pts',(26.,-23.,46.6368236168945));
#6607=CARTESIAN_POINT('',(32.0000000000001,-25.,42.7518254552772));
#6608=CARTESIAN_POINT('Origin',(9.32587340685131E-13,-25.,-52.1818181818192));
#6609=CARTESIAN_POINT('Ctrl Pts',(32.,-23.,44.8600489011182));
#6610=CARTESIAN_POINT('Ctrl Pts',(32.,-23.2427142136998,44.8600489011182));
#6611=CARTESIAN_POINT('Ctrl Pts',(32.,-23.5279489197597,44.8011266185342));
#6612=CARTESIAN_POINT('Ctrl Pts',(32.,-23.9804221021872,44.6080138331285));
#6613=CARTESIAN_POINT('Ctrl Pts',(32.,-24.226065010815,44.4373760168648));
#6614=CARTESIAN_POINT('Ctrl Pts',(32.,-24.5786982932001,44.0734458546757));
#6615=CARTESIAN_POINT('Ctrl Pts',(32.,-24.7456893300018,43.8134495452536));
#6616=CARTESIAN_POINT('Ctrl Pts',(32.,-24.9403628513242,43.328767081974));
#6617=CARTESIAN_POINT('Ctrl Pts',(32.,-25.,43.0166381215521));
#6618=CARTESIAN_POINT('Ctrl Pts',(32.,-25.,42.7518254552772));
#6619=CARTESIAN_POINT('Origin',(9.32587340685131E-13,-23.,-52.1818181818192));
#6620=CARTESIAN_POINT('',(-3.00000000000005,-25.,47.9550715952013));
#6621=CARTESIAN_POINT('Ctrl Pts',(-3.00000000000005,-25.,47.9550715952013));
#6622=CARTESIAN_POINT('Ctrl Pts',(-3.00000000000005,-25.,48.2020437641726));
#6623=CARTESIAN_POINT('Ctrl Pts',(-3.00000000000005,-24.9422003286586,48.4927194618627));
#6624=CARTESIAN_POINT('Ctrl Pts',(-3.00000000000005,-24.75323950366,48.9490281398321));
#6625=CARTESIAN_POINT('Ctrl Pts',(-3.00000000000005,-24.5886631830048,49.1954152580039));
#6626=CARTESIAN_POINT('Ctrl Pts',(-3.00000000000005,-24.2395671885224,49.5446032367926));
#6627=CARTESIAN_POINT('Ctrl Pts',(-3.00000000000006,-23.9932968813651,49.709209273816));
#6628=CARTESIAN_POINT('Ctrl Pts',(-3.00000000000006,-23.5372499625137,49.8981575057543));
#6629=CARTESIAN_POINT('Ctrl Pts',(-3.00000000000006,-23.2467926953255,49.955951359827));
#6630=CARTESIAN_POINT('Ctrl Pts',(-3.00000000000006,-23.,49.955951359827));
#6631=CARTESIAN_POINT('',(3.00000000000006,-25.,47.9550715952013));
#6632=CARTESIAN_POINT('Origin',(9.32587340685131E-13,-25.,-52.1818181818192));
#6633=CARTESIAN_POINT('Ctrl Pts',(3.,-23.,49.955951359827));
#6634=CARTESIAN_POINT('Ctrl Pts',(3.,-23.2467926953255,49.955951359827));
#6635=CARTESIAN_POINT('Ctrl Pts',(3.,-23.5372499625137,49.8981575057544));
#6636=CARTESIAN_POINT('Ctrl Pts',(3.,-23.9932968813651,49.7092092738161));
#6637=CARTESIAN_POINT('Ctrl Pts',(3.,-24.2395671885224,49.5446032367927));
#6638=CARTESIAN_POINT('Ctrl Pts',(3.,-24.5886631830048,49.1954152580039));
#6639=CARTESIAN_POINT('Ctrl Pts',(3.,-24.75323950366,48.9490281398322));
#6640=CARTESIAN_POINT('Ctrl Pts',(3.,-24.9422003286586,48.4927194618627));
#6641=CARTESIAN_POINT('Ctrl Pts',(3.,-25.,48.2020437641726));
#6642=CARTESIAN_POINT('Ctrl Pts',(3.,-25.,47.9550715952013));
#6643=CARTESIAN_POINT('Origin',(9.32587340685131E-13,-23.,-52.1818181818192));
#6644=CARTESIAN_POINT('',(-32.,-25.,42.7518254552766));
#6645=CARTESIAN_POINT('Ctrl Pts',(-32.,-25.,42.7518254552766));
#6646=CARTESIAN_POINT('Ctrl Pts',(-32.,-25.,43.0166381215515));
#6647=CARTESIAN_POINT('Ctrl Pts',(-32.,-24.9403628513242,43.3287670819734));
#6648=CARTESIAN_POINT('Ctrl Pts',(-32.,-24.7456893300018,43.813449545253));
#6649=CARTESIAN_POINT('Ctrl Pts',(-32.,-24.5786982932001,44.0734458546751));
#6650=CARTESIAN_POINT('Ctrl Pts',(-32.,-24.226065010815,44.4373760168642));
#6651=CARTESIAN_POINT('Ctrl Pts',(-32.,-23.9804221021872,44.6080138331279));
#6652=CARTESIAN_POINT('Ctrl Pts',(-32.,-23.5279489197597,44.8011266185336));
#6653=CARTESIAN_POINT('Ctrl Pts',(-32.,-23.2427142136998,44.8600489011176));
#6654=CARTESIAN_POINT('Ctrl Pts',(-32.,-23.,44.8600489011176));
#6655=CARTESIAN_POINT('',(-26.,-25.,44.567324936945));
#6656=CARTESIAN_POINT('Origin',(9.32587340685131E-13,-25.,-52.1818181818192));
#6657=CARTESIAN_POINT('Ctrl Pts',(-26.,-23.,46.636823616894));
#6658=CARTESIAN_POINT('Ctrl Pts',(-26.,-23.2441587775606,46.636823616894));
#6659=CARTESIAN_POINT('Ctrl Pts',(-26.,-23.5312448777131,46.5782999159729));
#6660=CARTESIAN_POINT('Ctrl Pts',(-26.,-23.9849852870367,46.386667222105));
#6661=CARTESIAN_POINT('Ctrl Pts',(-26.,-24.2308645165313,46.2181818519128));
#6662=CARTESIAN_POINT('Ctrl Pts',(-26.,-24.5822429228495,45.8595444845184));
#6663=CARTESIAN_POINT('Ctrl Pts',(-26.,-24.7483843225129,45.6044436902753));
#6664=CARTESIAN_POINT('Ctrl Pts',(-26.,-24.9410169266568,45.130021200667));
#6665=CARTESIAN_POINT('Ctrl Pts',(-26.,-25.,44.8256699476449));
#6666=CARTESIAN_POINT('Ctrl Pts',(-26.,-25.,44.5673249369449));
#6667=CARTESIAN_POINT('Origin',(9.32587340685131E-13,-23.,-52.1818181818192));
#6668=CARTESIAN_POINT('',(-61.,-25.,27.2876520203599));
#6669=CARTESIAN_POINT('Ctrl Pts',(-61.,-25.,27.2876520203599));
#6670=CARTESIAN_POINT('Ctrl Pts',(-61.,-25.,27.620962485657));
#6671=CARTESIAN_POINT('Ctrl Pts',(-61.,-24.9341737207657,28.0154811143685));
#6672=CARTESIAN_POINT('Ctrl Pts',(-61.,-24.7197066928131,28.6071744880782));
#6673=CARTESIAN_POINT('Ctrl Pts',(-61.,-24.5452104483326,28.9166295928372));
#6674=CARTESIAN_POINT('Ctrl Pts',(-61.,-24.180895447644,29.3334961827087));
#6675=CARTESIAN_POINT('Ctrl Pts',(-61.,-23.9381927018276,29.524891568998));
#6676=CARTESIAN_POINT('Ctrl Pts',(-61.,-23.4974601228612,29.731993732053));
#6677=CARTESIAN_POINT('Ctrl Pts',(-61.,-23.2293913894615,29.7945440632958));
#6678=CARTESIAN_POINT('Ctrl Pts',(-61.,-23.,29.7945440632958));
#6679=CARTESIAN_POINT('',(-55.,-25.,31.5522650472641));
#6680=CARTESIAN_POINT('Origin',(9.32587340685131E-13,-25.,-52.1818181818192));
#6681=CARTESIAN_POINT('Ctrl Pts',(-55.,-23.,33.9351021471285));
#6682=CARTESIAN_POINT('Ctrl Pts',(-55.,-23.2332573266204,33.9351021471285));
#6683=CARTESIAN_POINT('Ctrl Pts',(-55.,-23.5063251219063,33.8735967734973));
#6684=CARTESIAN_POINT('Ctrl Pts',(-55.,-23.9504717898567,33.6706267724501));
#6685=CARTESIAN_POINT('Ctrl Pts',(-55.,-24.1941729488361,33.4854328507354));
#6686=CARTESIAN_POINT('Ctrl Pts',(-55.,-24.5550775662975,33.0847486092299));
#6687=CARTESIAN_POINT('Ctrl Pts',(-55.,-24.727462328259,32.7904987406414));
#6688=CARTESIAN_POINT('Ctrl Pts',(-55.,-24.9359970978031,32.2323543441717));
#6689=CARTESIAN_POINT('Ctrl Pts',(-55.,-25.,31.8639045522005));
#6690=CARTESIAN_POINT('Ctrl Pts',(-55.,-25.,31.5522650472641));
#6691=CARTESIAN_POINT('Origin',(-1.49999999999969,-23.,2.));
#6692=CARTESIAN_POINT('',(-3.,-25.,2.));
#6693=CARTESIAN_POINT('',(-3.,-23.,0.));
#6694=CARTESIAN_POINT('Origin',(-3.,-23.,2.));
#6695=CARTESIAN_POINT('',(3.00000000000006,-23.,0.));
#6696=CARTESIAN_POINT('',(-1.49999999999969,-23.,0.));
#6697=CARTESIAN_POINT('',(3.00000000000006,-25.,2.));
#6698=CARTESIAN_POINT('Origin',(3.00000000000006,-23.,2.));
#6699=CARTESIAN_POINT('',(-1.49999999999969,-25.,2.));
#6700=CARTESIAN_POINT('Origin',(6.21724893790088E-13,-25.,28.0000000000002));
#6701=CARTESIAN_POINT('',(55.,-25.,8.00000000000074));
#6702=CARTESIAN_POINT('',(55.,-25.,26.7228214077543));
#6703=CARTESIAN_POINT('',(53.,-25.,6.00000000000074));
#6704=CARTESIAN_POINT('Origin',(53.,-25.,8.00000000000074));
#6705=CARTESIAN_POINT('',(34.,-25.,6.00000000000064));
#6706=CARTESIAN_POINT('',(-42.,-25.,6.00000000000025));
#6707=CARTESIAN_POINT('',(32.0000000000001,-25.,8.00000000000064));
#6708=CARTESIAN_POINT('Origin',(34.,-25.,8.00000000000064));
#6709=CARTESIAN_POINT('',(32.0000000000001,-25.,33.2603371674915));
#6710=CARTESIAN_POINT('',(26.,-25.,8.00000000000059));
#6711=CARTESIAN_POINT('',(26.,-25.,37.318411808447));
#6712=CARTESIAN_POINT('',(24.,-25.,6.00000000000059));
#6713=CARTESIAN_POINT('Origin',(24.,-25.,8.00000000000059));
#6714=CARTESIAN_POINT('',(5.00000000000002,-25.,6.00000000000049));
#6715=CARTESIAN_POINT('',(-42.,-25.,6.00000000000025));
#6716=CARTESIAN_POINT('',(3.00000000000006,-25.,8.0000000000005));
#6717=CARTESIAN_POINT('Origin',(5.,-25.,8.00000000000049));
#6718=CARTESIAN_POINT('',(3.00000000000006,-25.,35.9766011128667));
#6719=CARTESIAN_POINT('',(-3.,-25.,8.00000000000044));
#6720=CARTESIAN_POINT('',(-3.00000000000005,-25.,43.9532022257333));
#6721=CARTESIAN_POINT('',(-5.,-25.,6.00000000000044));
#6722=CARTESIAN_POINT('Origin',(-5.,-25.,8.00000000000044));
#6723=CARTESIAN_POINT('',(-24.,-25.,6.00000000000034));
#6724=CARTESIAN_POINT('',(-42.,-25.,6.00000000000025));
#6725=CARTESIAN_POINT('',(-26.,-25.,8.00000000000034));
#6726=CARTESIAN_POINT('Origin',(-24.,-25.,8.00000000000034));
#6727=CARTESIAN_POINT('',(-26.,-25.,34.2095826687914));
#6728=CARTESIAN_POINT('',(-32.,-25.,8.00000000000029));
#6729=CARTESIAN_POINT('',(-32.,-25.,38.5206743349828));
#6730=CARTESIAN_POINT('',(-34.,-25.,6.00000000000029));
#6731=CARTESIAN_POINT('Origin',(-34.,-25.,8.00000000000029));
#6732=CARTESIAN_POINT('',(-53.,-25.,6.00000000000019));
#6733=CARTESIAN_POINT('',(-42.,-25.,6.00000000000025));
#6734=CARTESIAN_POINT('',(-55.,-25.,8.00000000000019));
#6735=CARTESIAN_POINT('Origin',(-53.,-25.,8.00000000000019));
#6736=CARTESIAN_POINT('',(-55.,-25.,27.3614107038773));
#6737=CARTESIAN_POINT('',(-61.,-25.,8.00000000000014));
#6738=CARTESIAN_POINT('',(-61.,-25.,28.897272031648));
#6739=CARTESIAN_POINT('Origin',(-63.,-25.,8.00000000000014));
#6740=CARTESIAN_POINT('',(-90.,-25.,6.));
#6741=CARTESIAN_POINT('',(-90.,-25.,0.));
#6742=CARTESIAN_POINT('',(-90.,-25.,0.));
#6743=CARTESIAN_POINT('',(-3.,-25.,0.));
#6744=CARTESIAN_POINT('',(-45.,-25.,0.));
#6745=CARTESIAN_POINT('',(-3.,-25.,11.0000000000001));
#6746=CARTESIAN_POINT('',(3.00000000000006,-25.,0.));
#6747=CARTESIAN_POINT('',(3.00000000000006,-25.,14.0000000000001));
#6748=CARTESIAN_POINT('',(90.,-25.,0.));
#6749=CARTESIAN_POINT('',(-45.,-25.,0.));
#6750=CARTESIAN_POINT('',(90.,-25.,5.99999999999998));
#6751=CARTESIAN_POINT('',(-2.99999999999999,-25.,6.00000000000021));
#6752=CARTESIAN_POINT('',(61.,-25.,8.00000000000079));
#6753=CARTESIAN_POINT('Origin',(63.,-25.,8.00000000000079));
#6754=CARTESIAN_POINT('',(61.,-25.,17.0000000000001));
#6755=CARTESIAN_POINT('Origin',(-1.49999999999969,23.,2.));
#6756=CARTESIAN_POINT('',(3.00000000000006,25.,2.));
#6757=CARTESIAN_POINT('',(3.00000000000006,23.,0.));
#6758=CARTESIAN_POINT('Origin',(3.00000000000006,23.,2.));
#6759=CARTESIAN_POINT('',(-3.,23.,0.));
#6760=CARTESIAN_POINT('',(-1.49999999999969,23.,0.));
#6761=CARTESIAN_POINT('',(-3.,25.,2.));
#6762=CARTESIAN_POINT('Origin',(-3.,23.,2.));
#6763=CARTESIAN_POINT('',(-1.49999999999969,25.,2.));
#6764=CARTESIAN_POINT('Origin',(6.21724893790088E-13,25.,28.0000000000002));
#6765=CARTESIAN_POINT('',(-55.,25.,8.00000000000019));
#6766=CARTESIAN_POINT('',(-55.,25.,27.3614107038773));
#6767=CARTESIAN_POINT('',(-53.,25.,6.00000000000019));
#6768=CARTESIAN_POINT('Origin',(-53.,25.,8.00000000000019));
#6769=CARTESIAN_POINT('',(-34.,25.,6.00000000000029));
#6770=CARTESIAN_POINT('',(-42.,25.,6.00000000000025));
#6771=CARTESIAN_POINT('',(-32.,25.,8.00000000000029));
#6772=CARTESIAN_POINT('Origin',(-34.,25.,8.00000000000029));
#6773=CARTESIAN_POINT('',(-32.,25.,38.5206743349828));
#6774=CARTESIAN_POINT('',(-26.,25.,8.00000000000034));
#6775=CARTESIAN_POINT('',(-26.,25.,34.2095826687914));
#6776=CARTESIAN_POINT('',(-24.,25.,6.00000000000034));
#6777=CARTESIAN_POINT('Origin',(-24.,25.,8.00000000000034));
#6778=CARTESIAN_POINT('',(-5.,25.,6.00000000000044));
#6779=CARTESIAN_POINT('',(-42.,25.,6.00000000000025));
#6780=CARTESIAN_POINT('',(-3.,25.,8.00000000000044));
#6781=CARTESIAN_POINT('Origin',(-5.,25.,8.00000000000044));
#6782=CARTESIAN_POINT('',(-3.00000000000005,25.,43.9532022257333));
#6783=CARTESIAN_POINT('',(3.00000000000006,25.,8.0000000000005));
#6784=CARTESIAN_POINT('',(3.00000000000006,25.,35.9766011128667));
#6785=CARTESIAN_POINT('',(5.00000000000002,25.,6.00000000000049));
#6786=CARTESIAN_POINT('Origin',(5.,25.,8.00000000000049));
#6787=CARTESIAN_POINT('',(24.,25.,6.00000000000059));
#6788=CARTESIAN_POINT('',(-42.,25.,6.00000000000025));
#6789=CARTESIAN_POINT('',(26.,25.,8.00000000000059));
#6790=CARTESIAN_POINT('Origin',(24.,25.,8.00000000000059));
#6791=CARTESIAN_POINT('',(26.,25.,37.318411808447));
#6792=CARTESIAN_POINT('',(32.0000000000001,25.,8.00000000000064));
#6793=CARTESIAN_POINT('',(32.0000000000001,25.,33.2603371674915));
#6794=CARTESIAN_POINT('',(34.,25.,6.00000000000064));
#6795=CARTESIAN_POINT('Origin',(34.,25.,8.00000000000064));
#6796=CARTESIAN_POINT('',(53.,25.,6.00000000000074));
#6797=CARTESIAN_POINT('',(-42.,25.,6.00000000000025));
#6798=CARTESIAN_POINT('',(55.,25.,8.00000000000074));
#6799=CARTESIAN_POINT('Origin',(53.,25.,8.00000000000074));
#6800=CARTESIAN_POINT('',(55.,25.,26.7228214077543));
#6801=CARTESIAN_POINT('',(61.,25.,8.00000000000079));
#6802=CARTESIAN_POINT('',(61.,25.,17.0000000000001));
#6803=CARTESIAN_POINT('Origin',(63.,25.,8.00000000000079));
#6804=CARTESIAN_POINT('',(93.,25.,5.99999999999999));
#6805=CARTESIAN_POINT('',(90.,25.,0.));
#6806=CARTESIAN_POINT('',(90.,25.,5.99999999999998));
#6807=CARTESIAN_POINT('',(3.00000000000006,25.,0.));
#6808=CARTESIAN_POINT('',(-45.,25.,0.));
#6809=CARTESIAN_POINT('',(3.00000000000006,25.,14.0000000000001));
#6810=CARTESIAN_POINT('',(-3.,25.,0.));
#6811=CARTESIAN_POINT('',(-3.,25.,11.0000000000001));
#6812=CARTESIAN_POINT('',(-90.,25.,0.));
#6813=CARTESIAN_POINT('',(-45.,25.,0.));
#6814=CARTESIAN_POINT('',(-90.,25.,0.));
#6815=CARTESIAN_POINT('',(5.99999999999995,25.,6.0000000000005));
#6816=CARTESIAN_POINT('',(-61.,25.,8.00000000000014));
#6817=CARTESIAN_POINT('Origin',(-63.,25.,8.00000000000014));
#6818=CARTESIAN_POINT('',(-61.,25.,28.897272031648));
#6819=CARTESIAN_POINT('Origin',(-5.,29.,9.50000000000001));
#6820=CARTESIAN_POINT('',(-2.99999999999999,29.,-6.));
#6821=CARTESIAN_POINT('',(-5.,31.,-6.));
#6822=CARTESIAN_POINT('Origin',(-5.,29.,-6.));
#6823=CARTESIAN_POINT('',(-5.,31.,0.));
#6824=CARTESIAN_POINT('',(-5.,31.,9.50000000000001));
#6825=CARTESIAN_POINT('',(-2.99999999999999,29.,0.));
#6826=CARTESIAN_POINT('Origin',(-5.,29.,0.));
#6827=CARTESIAN_POINT('',(-3.,29.,9.50000000000001));
#6828=CARTESIAN_POINT('Origin',(-3.,0.,-6.));
#6829=CARTESIAN_POINT('',(-2.99999999999999,0.,0.));
#6830=CARTESIAN_POINT('',(-3.,0.,0.));
#6831=CARTESIAN_POINT('',(-2.99999999999999,-29.,0.));
#6832=CARTESIAN_POINT('',(-2.99999999999999,0.,0.));
#6833=CARTESIAN_POINT('',(-2.99999999999999,-29.,-6.));
#6834=CARTESIAN_POINT('',(-3.,-29.,9.50000000000001));
#6835=CARTESIAN_POINT('',(-2.99999999999999,0.,-6.));
#6836=CARTESIAN_POINT('Origin',(-90.,0.,0.));
#6837=CARTESIAN_POINT('',(-96.,31.,0.));
#6838=CARTESIAN_POINT('',(-45.,31.,0.));
#6839=CARTESIAN_POINT('',(-96.,-31.,0.));
#6840=CARTESIAN_POINT('',(-96.,0.,0.));
#6841=CARTESIAN_POINT('',(-5.,-31.,0.));
#6842=CARTESIAN_POINT('',(48.,-31.,0.));
#6843=CARTESIAN_POINT('Origin',(-5.,-29.,0.));
#6844=CARTESIAN_POINT('',(-90.,0.,0.));
#6845=CARTESIAN_POINT('Origin',(5.00000000000006,29.,12.5));
#6846=CARTESIAN_POINT('',(3.00000000000006,29.,0.));
#6847=CARTESIAN_POINT('',(5.00000000000006,31.,0.));
#6848=CARTESIAN_POINT('Origin',(5.00000000000006,29.,0.));
#6849=CARTESIAN_POINT('',(5.00000000000005,31.,-6.));
#6850=CARTESIAN_POINT('',(5.00000000000006,31.,12.5));
#6851=CARTESIAN_POINT('',(3.00000000000006,29.,-6.));
#6852=CARTESIAN_POINT('Origin',(5.00000000000006,29.,-6.));
#6853=CARTESIAN_POINT('',(3.00000000000006,29.,12.5));
#6854=CARTESIAN_POINT('Origin',(3.00000000000006,0.,0.));
#6855=CARTESIAN_POINT('',(3.00000000000006,-29.,-6.));
#6856=CARTESIAN_POINT('',(3.00000000000006,0.,-6.));
#6857=CARTESIAN_POINT('',(3.00000000000006,-29.,0.));
#6858=CARTESIAN_POINT('',(3.00000000000006,-29.,12.5));
#6859=CARTESIAN_POINT('',(3.00000000000006,0.,0.));
#6860=CARTESIAN_POINT('',(3.00000000000006,0.,0.));
#6861=CARTESIAN_POINT('',(3.00000000000006,0.,0.));
#6862=CARTESIAN_POINT('Origin',(96.,0.,-6.));
#6863=CARTESIAN_POINT('',(96.,31.,-6.));
#6864=CARTESIAN_POINT('',(-96.,31.,-6.));
#6865=CARTESIAN_POINT('',(96.,-31.,-6.));
#6866=CARTESIAN_POINT('',(96.,0.,-6.));
#6867=CARTESIAN_POINT('',(5.00000000000005,-31.,-6.));
#6868=CARTESIAN_POINT('',(-96.,-31.,-6.));
#6869=CARTESIAN_POINT('Origin',(5.00000000000006,-29.,-6.));
#6870=CARTESIAN_POINT('Origin',(5.00000000000006,-29.,12.5));
#6871=CARTESIAN_POINT('',(5.00000000000006,-31.,0.));
#6872=CARTESIAN_POINT('',(5.00000000000006,-31.,12.5));
#6873=CARTESIAN_POINT('Origin',(5.00000000000006,-29.,0.));
#6874=CARTESIAN_POINT('Origin',(-5.,-29.,9.50000000000001));
#6875=CARTESIAN_POINT('',(-5.,-31.,-6.));
#6876=CARTESIAN_POINT('',(-5.,-31.,9.50000000000001));
#6877=CARTESIAN_POINT('Origin',(-5.,-29.,-6.));
#6878=CARTESIAN_POINT('Origin',(-3.,0.,0.));
#6879=CARTESIAN_POINT('Origin',(0.,31.,25.));
#6880=CARTESIAN_POINT('',(96.,31.,0.));
#6881=CARTESIAN_POINT('',(-45.,31.,0.));
#6882=CARTESIAN_POINT('',(96.,31.,-6.));
#6883=CARTESIAN_POINT('Origin',(0.,31.,25.));
#6884=CARTESIAN_POINT('',(-96.,31.,-6.));
#6885=CARTESIAN_POINT('',(-96.,31.,-6.));
#6886=CARTESIAN_POINT('',(-96.,31.,12.));
#6887=CARTESIAN_POINT('Origin',(96.,0.,-6.));
#6888=CARTESIAN_POINT('',(-96.,-31.,-6.));
#6889=CARTESIAN_POINT('',(-96.,-31.,-6.));
#6890=CARTESIAN_POINT('',(-96.,0.,-6.));
#6891=CARTESIAN_POINT('Origin',(0.,-31.,25.));
#6892=CARTESIAN_POINT('',(96.,-31.,0.));
#6893=CARTESIAN_POINT('',(96.,-31.,-6.));
#6894=CARTESIAN_POINT('',(48.,-31.,0.));
#6895=CARTESIAN_POINT('Origin',(0.,-31.,25.));
#6896=CARTESIAN_POINT('',(-96.,-31.,12.));
#6897=CARTESIAN_POINT('Origin',(-90.,0.,0.));
#6898=CARTESIAN_POINT('',(90.,0.,0.));
#6899=CARTESIAN_POINT('',(96.,0.,0.));
#6900=CARTESIAN_POINT('Origin',(-63.,17.,14.8972720316479));
#6901=CARTESIAN_POINT('',(-63.,19.,35.7630838030267));
#6902=CARTESIAN_POINT('',(-61.,17.,37.1619324956857));
#6903=CARTESIAN_POINT('Ctrl Pts',(-63.,19.,35.7630838030267));
#6904=CARTESIAN_POINT('Ctrl Pts',(-62.7474100915943,19.,35.9440285067038));
#6905=CARTESIAN_POINT('Ctrl Pts',(-62.4740950942432,18.9495891057361,36.1380056985845));
#6906=CARTESIAN_POINT('Ctrl Pts',(-61.961740024158,18.731903556646,36.4982056181712));
#6907=CARTESIAN_POINT('Ctrl Pts',(-61.72276077666,18.5645321233859,36.6644563675072));
#6908=CARTESIAN_POINT('Ctrl Pts',(-61.3789561700873,18.1928419457602,36.9022098500329));
#6909=CARTESIAN_POINT('Ctrl Pts',(-61.239068719107,17.9817382137005,36.9983111252238));
#6910=CARTESIAN_POINT('Ctrl Pts',(-61.0493969525033,17.5097418998726,37.1282603775081));
#6911=CARTESIAN_POINT('Ctrl Pts',(-61.,17.2486453568977,37.1619324956857));
#6912=CARTESIAN_POINT('Ctrl Pts',(-61.,17.,37.1619324956857));
#6913=CARTESIAN_POINT('',(-61.,17.,14.8972720316479));
#6914=CARTESIAN_POINT('',(-63.,19.,14.8972720316479));
#6915=CARTESIAN_POINT('Origin',(-61.,0.,29.7945440632958));
#6916=CARTESIAN_POINT('',(-61.,-17.,37.1619324956857));
#6917=CARTESIAN_POINT('',(-61.,0.,37.1619324956857));
#6918=CARTESIAN_POINT('',(-61.,-17.,14.8972720316479));
#6919=CARTESIAN_POINT('Origin',(-8.88178419700125E-15,0.,-52.1818181818182));
#6920=CARTESIAN_POINT('',(-87.086164228309,19.,12.));
#6921=CARTESIAN_POINT('Origin',(-8.88178419700125E-15,19.,-52.1818181818182));
#6922=CARTESIAN_POINT('',(-87.086164228309,-19.,12.));
#6923=CARTESIAN_POINT('',(-87.086164228309,0.,12.));
#6924=CARTESIAN_POINT('',(-63.,-19.,35.7630838030267));
#6925=CARTESIAN_POINT('Origin',(-8.88178419700125E-15,-19.,-52.1818181818182));
#6926=CARTESIAN_POINT('Ctrl Pts',(-61.,-17.,37.1619324956857));
#6927=CARTESIAN_POINT('Ctrl Pts',(-61.,-17.2486453568977,37.1619324956857));
#6928=CARTESIAN_POINT('Ctrl Pts',(-61.0493969525032,-17.5097418998726,37.1282603775081));
#6929=CARTESIAN_POINT('Ctrl Pts',(-61.239068719107,-17.9817382137005,36.9983111252238));
#6930=CARTESIAN_POINT('Ctrl Pts',(-61.3789561700873,-18.1928419457602,36.9022098500329));
#6931=CARTESIAN_POINT('Ctrl Pts',(-61.7227607766599,-18.5645321233859,36.6644563675072));
#6932=CARTESIAN_POINT('Ctrl Pts',(-61.961740024158,-18.731903556646,36.4982056181712));
#6933=CARTESIAN_POINT('Ctrl Pts',(-62.4740950942432,-18.9495891057361,36.1380056985845));
#6934=CARTESIAN_POINT('Ctrl Pts',(-62.7474100915943,-19.,35.9440285067038));
#6935=CARTESIAN_POINT('Ctrl Pts',(-63.,-19.,35.7630838030267));
#6936=CARTESIAN_POINT('Origin',(-53.0000000000001,17.,20.4878032816007));
#6937=CARTESIAN_POINT('',(-55.0000000000001,17.,40.9756065632013));
#6938=CARTESIAN_POINT('',(-53.0000000000001,19.,42.1278090315473));
#6939=CARTESIAN_POINT('Ctrl Pts',(-55.0000000000001,17.,40.9756065632013));
#6940=CARTESIAN_POINT('Ctrl Pts',(-55.0000000000001,17.2497252128705,40.9756065632013));
#6941=CARTESIAN_POINT('Ctrl Pts',(-54.9502201755848,17.5129362705189,41.005046396777));
#6942=CARTESIAN_POINT('Ctrl Pts',(-54.7563960541714,17.9907246371691,41.1190688371457));
#6943=CARTESIAN_POINT('Ctrl Pts',(-54.6126330244692,18.2054745578695,41.2034058977572));
#6944=CARTESIAN_POINT('Ctrl Pts',(-54.2672996977835,18.5707652446058,41.4045714975233));
#6945=CARTESIAN_POINT('Ctrl Pts',(-54.0334709751544,18.7342384419434,41.5399774945182));
#6946=CARTESIAN_POINT('Ctrl Pts',(-53.5269814102675,18.9488293490199,41.8301663284152));
#6947=CARTESIAN_POINT('Ctrl Pts',(-53.2543102892827,19.,41.9848920703607));
#6948=CARTESIAN_POINT('Ctrl Pts',(-53.0000000000001,19.,42.1278090315473));
#6949=CARTESIAN_POINT('',(-53.0000000000001,19.,20.4878032816007));
#6950=CARTESIAN_POINT('',(-55.0000000000001,17.,20.4878032816007));
#6951=CARTESIAN_POINT('Origin',(-96.,19.,0.));
#6952=CARTESIAN_POINT('',(-34.,19.,50.5182586688053));
#6953=CARTESIAN_POINT('Origin',(-8.88178419700125E-15,19.,-52.1818181818182));
#6954=CARTESIAN_POINT('',(-34.,19.,22.4300244505588));
#6955=CARTESIAN_POINT('Origin',(-8.88178419700125E-15,0.,-52.1818181818182));
#6956=CARTESIAN_POINT('',(-55.0000000000001,-17.,40.9756065632013));
#6957=CARTESIAN_POINT('',(-55.0000000000001,0.,40.9756065632013));
#6958=CARTESIAN_POINT('',(-53.0000000000001,-19.,42.1278090315473));
#6959=CARTESIAN_POINT('Ctrl Pts',(-53.0000000000001,-19.,42.1278090315473));
#6960=CARTESIAN_POINT('Ctrl Pts',(-53.2543102892827,-19.,41.9848920703607));
#6961=CARTESIAN_POINT('Ctrl Pts',(-53.5269814102675,-18.9488293490199,41.8301663284152));
#6962=CARTESIAN_POINT('Ctrl Pts',(-54.0334709751544,-18.7342384419434,41.5399774945182));
#6963=CARTESIAN_POINT('Ctrl Pts',(-54.2672996977835,-18.5707652446058,41.4045714975233));
#6964=CARTESIAN_POINT('Ctrl Pts',(-54.6126330244691,-18.2054745578695,41.2034058977572));
#6965=CARTESIAN_POINT('Ctrl Pts',(-54.7563960541714,-17.9907246371691,41.1190688371457));
#6966=CARTESIAN_POINT('Ctrl Pts',(-54.9502201755848,-17.5129362705189,41.005046396777));
#6967=CARTESIAN_POINT('Ctrl Pts',(-55.0000000000001,-17.2497252128705,40.9756065632013));
#6968=CARTESIAN_POINT('Ctrl Pts',(-55.0000000000001,-17.,40.9756065632013));
#6969=CARTESIAN_POINT('',(-34.,-19.,50.5182586688053));
#6970=CARTESIAN_POINT('Origin',(-8.88178419700125E-15,-19.,-52.1818181818182));
#6971=CARTESIAN_POINT('',(-32.,-17.,51.1589084709588));
#6972=CARTESIAN_POINT('Ctrl Pts',(-32.,-17.,51.1589084709588));
#6973=CARTESIAN_POINT('Ctrl Pts',(-32.,-17.2504024140158,51.1589084709588));
#6974=CARTESIAN_POINT('Ctrl Pts',(-32.0499706380211,-17.5166582902201,51.1434749447495));
#6975=CARTESIAN_POINT('Ctrl Pts',(-32.2505507196521,-18.0044787105025,51.0810444354208));
#6976=CARTESIAN_POINT('Ctrl Pts',(-32.4010843822963,-18.2260699691384,51.0340127524344));
#6977=CARTESIAN_POINT('Ctrl Pts',(-32.75324904164,-18.5850462584753,50.9228202525987));
#6978=CARTESIAN_POINT('Ctrl Pts',(-32.9817969852153,-18.7424034149252,50.8500955949022));
#6979=CARTESIAN_POINT('Ctrl Pts',(-33.4795898529723,-18.9498410973325,50.689418090315));
#6980=CARTESIAN_POINT('Ctrl Pts',(-33.7487890684741,-19.,50.6014248351199));
#6981=CARTESIAN_POINT('Ctrl Pts',(-34.,-19.,50.5182586688053));
#6982=CARTESIAN_POINT('',(-32.,17.,51.1589084709588));
#6983=CARTESIAN_POINT('',(-32.,0.,51.1589084709588));
#6984=CARTESIAN_POINT('Ctrl Pts',(-34.,19.,50.5182586688053));
#6985=CARTESIAN_POINT('Ctrl Pts',(-33.7487890684741,19.,50.6014248351199));
#6986=CARTESIAN_POINT('Ctrl Pts',(-33.4795898529723,18.9498410973325,50.689418090315));
#6987=CARTESIAN_POINT('Ctrl Pts',(-32.9817969852153,18.7424034149252,50.8500955949022));
#6988=CARTESIAN_POINT('Ctrl Pts',(-32.75324904164,18.5850462584753,50.9228202525987));
#6989=CARTESIAN_POINT('Ctrl Pts',(-32.4010843822963,18.2260699691384,51.0340127524344));
#6990=CARTESIAN_POINT('Ctrl Pts',(-32.250550719652,18.0044787105025,51.0810444354208));
#6991=CARTESIAN_POINT('Ctrl Pts',(-32.0499706380211,17.5166582902201,51.1434749447495));
#6992=CARTESIAN_POINT('Ctrl Pts',(-32.,17.2504024140158,51.1589084709588));
#6993=CARTESIAN_POINT('Ctrl Pts',(-32.,17.,51.1589084709588));
#6994=CARTESIAN_POINT('Origin',(-34.,17.,22.4300244505588));
#6995=CARTESIAN_POINT('',(-32.,17.,22.4300244505588));
#6996=CARTESIAN_POINT('Origin',(-32.,0.,44.8600489011175));
#6997=CARTESIAN_POINT('',(-32.,-17.,22.4300244505588));
#6998=CARTESIAN_POINT('Origin',(-23.9999999999999,17.,26.414580586657));
#6999=CARTESIAN_POINT('',(-25.9999999999999,17.,52.8291611733139));
#7000=CARTESIAN_POINT('',(-23.9999999999999,19.,53.3042272702888));
#7001=CARTESIAN_POINT('Ctrl Pts',(-25.9999999999999,17.,52.8291611733139));
#7002=CARTESIAN_POINT('Ctrl Pts',(-25.9999999999999,17.2508516562964,52.8291611733139));
#7003=CARTESIAN_POINT('Ctrl Pts',(-25.949882720001,17.5178681027081,52.8416087657941));
#7004=CARTESIAN_POINT('Ctrl Pts',(-25.7477220830335,18.0078182086205,52.8913536010706));
#7005=CARTESIAN_POINT('Ctrl Pts',(-25.5957264901766,18.2307783871361,52.9285837244709));
#7006=CARTESIAN_POINT('Ctrl Pts',(-25.2426887293911,18.5876348917212,53.0139346171763));
#7007=CARTESIAN_POINT('Ctrl Pts',(-25.016150902745,18.7433927598353,53.0681828995362));
#7008=CARTESIAN_POINT('Ctrl Pts',(-24.5207543540775,18.9495629983009,53.1846999324321));
#7009=CARTESIAN_POINT('Ctrl Pts',(-24.2518936955323,19.,53.2469168585953));
#7010=CARTESIAN_POINT('Ctrl Pts',(-23.9999999999999,19.,53.3042272702888));
#7011=CARTESIAN_POINT('',(-23.9999999999999,19.,26.414580586657));
#7012=CARTESIAN_POINT('',(-25.9999999999999,17.,26.414580586657));
#7013=CARTESIAN_POINT('Origin',(-25.9999999999999,0.,52.829161173314));
#7014=CARTESIAN_POINT('',(-25.9999999999999,-17.,52.8291611733139));
#7015=CARTESIAN_POINT('',(-25.9999999999999,-17.,26.414580586657));
#7016=CARTESIAN_POINT('',(-25.9999999999999,0.,52.8291611733139));
#7017=CARTESIAN_POINT('Origin',(-5.00000000000006,17.,24.9779756799133));
#7018=CARTESIAN_POINT('',(-5.00000000000006,19.,55.8843920095454));
#7019=CARTESIAN_POINT('',(-3.00000000000006,17.,55.9583953611741));
#7020=CARTESIAN_POINT('Ctrl Pts',(-5.00000000000006,19.,55.8843920095454));
#7021=CARTESIAN_POINT('Ctrl Pts',(-4.74893874031958,19.,55.896008094686));
#7022=CARTESIAN_POINT('Ctrl Pts',(-4.48107756760114,18.9498361727385,55.907434502729));
#7023=CARTESIAN_POINT('Ctrl Pts',(-3.98823373714042,18.7457006107624,55.9267411172883));
#7024=CARTESIAN_POINT('Ctrl Pts',(-3.76325420732904,18.5917260530182,55.9346712896926));
#7025=CARTESIAN_POINT('Ctrl Pts',(-3.40811917331539,18.2365015717237,55.946448455012));
#7026=CARTESIAN_POINT('Ctrl Pts',(-3.25424175474641,18.0116450968799,55.951091307723));
#7027=CARTESIAN_POINT('Ctrl Pts',(-3.05018195593277,17.5189482161228,55.9570397467947));
#7028=CARTESIAN_POINT('Ctrl Pts',(-3.00000000000006,17.2511082397421,55.9583953611741));
#7029=CARTESIAN_POINT('Ctrl Pts',(-3.00000000000006,17.,55.9583953611741));
#7030=CARTESIAN_POINT('',(-3.00000000000006,17.,24.9779756799133));
#7031=CARTESIAN_POINT('',(-5.00000000000006,19.,24.9779756799133));
#7032=CARTESIAN_POINT('Origin',(-96.,19.,0.));
#7033=CARTESIAN_POINT('Origin',(-8.88178419700125E-15,19.,-52.1818181818182));
#7034=CARTESIAN_POINT('Origin',(5.00000000000001,17.,27.9791976805871));
#7035=CARTESIAN_POINT('',(3.00000000000001,17.,55.9583953611741));
#7036=CARTESIAN_POINT('',(5.00000000000001,19.,55.8843920095454));
#7037=CARTESIAN_POINT('Ctrl Pts',(3.00000000000001,17.,55.9583953611741));
#7038=CARTESIAN_POINT('Ctrl Pts',(3.00000000000001,17.2511082397421,55.9583953611741));
#7039=CARTESIAN_POINT('Ctrl Pts',(3.05018195593271,17.5189482161228,55.9570397467947));
#7040=CARTESIAN_POINT('Ctrl Pts',(3.25424175474635,18.0116450968799,55.951091307723));
#7041=CARTESIAN_POINT('Ctrl Pts',(3.40811917331534,18.2365015717237,55.946448455012));
#7042=CARTESIAN_POINT('Ctrl Pts',(3.76325420732898,18.5917260530182,55.9346712896926));
#7043=CARTESIAN_POINT('Ctrl Pts',(3.98823373714036,18.7457006107624,55.9267411172883));
#7044=CARTESIAN_POINT('Ctrl Pts',(4.48107756760109,18.9498361727385,55.907434502729));
#7045=CARTESIAN_POINT('Ctrl Pts',(4.74893874031952,19.,55.896008094686));
#7046=CARTESIAN_POINT('Ctrl Pts',(5.00000000000001,19.,55.8843920095454));
#7047=CARTESIAN_POINT('',(5.00000000000001,19.,27.9791976805871));
#7048=CARTESIAN_POINT('',(3.00000000000001,17.,27.9791976805871));
#7049=CARTESIAN_POINT('Origin',(3.00000000000001,0.,55.9583953611742));
#7050=CARTESIAN_POINT('',(3.00000000000001,-17.,55.9583953611741));
#7051=CARTESIAN_POINT('',(3.00000000000001,-17.,27.9791976805871));
#7052=CARTESIAN_POINT('',(3.00000000000001,0.,55.9583953611741));
#7053=CARTESIAN_POINT('Origin',(24.,17.,23.3184118084469));
#7054=CARTESIAN_POINT('',(24.,19.,53.3042272702888));
#7055=CARTESIAN_POINT('',(26.,17.,52.8291611733139));
#7056=CARTESIAN_POINT('Ctrl Pts',(23.9999999999999,19.,53.3042272702888));
#7057=CARTESIAN_POINT('Ctrl Pts',(24.2518936955323,19.,53.2469168585953));
#7058=CARTESIAN_POINT('Ctrl Pts',(24.5207543540775,18.9495629983009,53.1846999324321));
#7059=CARTESIAN_POINT('Ctrl Pts',(25.016150902745,18.7433927598353,53.0681828995361));
#7060=CARTESIAN_POINT('Ctrl Pts',(25.2426887293911,18.5876348917212,53.0139346171763));
#7061=CARTESIAN_POINT('Ctrl Pts',(25.5957264901766,18.2307783871361,52.9285837244708));
#7062=CARTESIAN_POINT('Ctrl Pts',(25.7477220830335,18.0078182086205,52.8913536010706));
#7063=CARTESIAN_POINT('Ctrl Pts',(25.949882720001,17.5178681027081,52.8416087657941));
#7064=CARTESIAN_POINT('Ctrl Pts',(26.,17.2508516562964,52.8291611733139));
#7065=CARTESIAN_POINT('Ctrl Pts',(26.,17.,52.8291611733139));
#7066=CARTESIAN_POINT('',(26.,17.,23.3184118084469));
#7067=CARTESIAN_POINT('',(24.,19.,23.3184118084469));
#7068=CARTESIAN_POINT('Origin',(-96.,19.,0.));
#7069=CARTESIAN_POINT('Origin',(-8.88178419700125E-15,19.,-52.1818181818182));
#7070=CARTESIAN_POINT('Origin',(34.0000000000001,17.,25.5794542354794));
#7071=CARTESIAN_POINT('',(32.0000000000001,17.,51.1589084709588));
#7072=CARTESIAN_POINT('',(34.0000000000001,19.,50.5182586688053));
#7073=CARTESIAN_POINT('Ctrl Pts',(32.0000000000001,17.,51.1589084709588));
#7074=CARTESIAN_POINT('Ctrl Pts',(32.0000000000001,17.2504024140158,51.1589084709588));
#7075=CARTESIAN_POINT('Ctrl Pts',(32.0499706380212,17.5166582902201,51.1434749447495));
#7076=CARTESIAN_POINT('Ctrl Pts',(32.2505507196521,18.0044787105025,51.0810444354208));
#7077=CARTESIAN_POINT('Ctrl Pts',(32.4010843822964,18.2260699691384,51.0340127524344));
#7078=CARTESIAN_POINT('Ctrl Pts',(32.7532490416401,18.5850462584753,50.9228202525986));
#7079=CARTESIAN_POINT('Ctrl Pts',(32.9817969852153,18.7424034149252,50.8500955949022));
#7080=CARTESIAN_POINT('Ctrl Pts',(33.4795898529724,18.9498410973325,50.689418090315));
#7081=CARTESIAN_POINT('Ctrl Pts',(33.7487890684742,19.,50.6014248351199));
#7082=CARTESIAN_POINT('Ctrl Pts',(34.0000000000001,19.,50.5182586688053));
#7083=CARTESIAN_POINT('',(34.0000000000001,19.,25.5794542354794));
#7084=CARTESIAN_POINT('',(32.0000000000001,17.,25.5794542354794));
#7085=CARTESIAN_POINT('Origin',(32.0000000000001,0.,51.1589084709588));
#7086=CARTESIAN_POINT('',(32.0000000000001,-17.,51.1589084709588));
#7087=CARTESIAN_POINT('',(32.0000000000001,-17.,25.5794542354794));
#7088=CARTESIAN_POINT('',(32.0000000000001,0.,51.1589084709588));
#7089=CARTESIAN_POINT('Origin',(53.,17.,16.9675510735643));
#7090=CARTESIAN_POINT('',(53.,19.,42.1278090315473));
#7091=CARTESIAN_POINT('',(55.,17.,40.9756065632013));
#7092=CARTESIAN_POINT('Ctrl Pts',(53.,19.,42.1278090315473));
#7093=CARTESIAN_POINT('Ctrl Pts',(53.2543102892826,19.,41.9848920703607));
#7094=CARTESIAN_POINT('Ctrl Pts',(53.5269814102674,18.9488293490199,41.8301663284153));
#7095=CARTESIAN_POINT('Ctrl Pts',(54.0334709751543,18.7342384419434,41.5399774945182));
#7096=CARTESIAN_POINT('Ctrl Pts',(54.2672996977834,18.5707652446058,41.4045714975233));
#7097=CARTESIAN_POINT('Ctrl Pts',(54.6126330244691,18.2054745578695,41.2034058977572));
#7098=CARTESIAN_POINT('Ctrl Pts',(54.7563960541713,17.9907246371691,41.1190688371457));
#7099=CARTESIAN_POINT('Ctrl Pts',(54.9502201755847,17.5129362705189,41.0050463967771));
#7100=CARTESIAN_POINT('Ctrl Pts',(55.,17.2497252128705,40.9756065632013));
#7101=CARTESIAN_POINT('Ctrl Pts',(55.,17.,40.9756065632013));
#7102=CARTESIAN_POINT('',(55.,17.,16.9675510735643));
#7103=CARTESIAN_POINT('',(53.,19.,16.9675510735643));
#7104=CARTESIAN_POINT('Origin',(-96.,19.,0.));
#7105=CARTESIAN_POINT('Origin',(-8.88178419700125E-15,19.,-52.1818181818182));
#7106=CARTESIAN_POINT('Origin',(63.,17.,18.5809662478429));
#7107=CARTESIAN_POINT('',(61.,17.,37.1619324956857));
#7108=CARTESIAN_POINT('Ctrl Pts',(61.,17.,37.1619324956857));
#7109=CARTESIAN_POINT('Ctrl Pts',(61.,17.2486453568977,37.1619324956857));
#7110=CARTESIAN_POINT('Ctrl Pts',(61.0493969525033,17.5097418998726,37.128260377508));
#7111=CARTESIAN_POINT('Ctrl Pts',(61.239068719107,17.9817382137005,36.9983111252237));
#7112=CARTESIAN_POINT('Ctrl Pts',(61.3789561700873,18.1928419457602,36.9022098500329));
#7113=CARTESIAN_POINT('Ctrl Pts',(61.72276077666,18.5645321233859,36.6644563675071));
#7114=CARTESIAN_POINT('Ctrl Pts',(61.961740024158,18.731903556646,36.4982056181712));
#7115=CARTESIAN_POINT('Ctrl Pts',(62.4740950942432,18.9495891057361,36.1380056985845));
#7116=CARTESIAN_POINT('Ctrl Pts',(62.7474100915943,19.,35.9440285067038));
#7117=CARTESIAN_POINT('Ctrl Pts',(63.,19.,35.7630838030267));
#7118=CARTESIAN_POINT('',(61.,17.,18.5809662478429));
#7119=CARTESIAN_POINT('Origin',(-8.88178419700125E-15,0.,-52.1818181818182));
#7120=CARTESIAN_POINT('',(61.,-17.,37.1619324956857));
#7121=CARTESIAN_POINT('',(61.,0.,37.1619324956857));
#7122=CARTESIAN_POINT('Ctrl Pts',(63.,-19.,35.7630838030267));
#7123=CARTESIAN_POINT('Ctrl Pts',(62.7474100915944,-19.,35.9440285067038));
#7124=CARTESIAN_POINT('Ctrl Pts',(62.4740950942432,-18.9495891057361,36.1380056985845));
#7125=CARTESIAN_POINT('Ctrl Pts',(61.961740024158,-18.731903556646,36.4982056181712));
#7126=CARTESIAN_POINT('Ctrl Pts',(61.72276077666,-18.5645321233859,36.6644563675071));
#7127=CARTESIAN_POINT('Ctrl Pts',(61.3789561700873,-18.1928419457602,36.9022098500329));
#7128=CARTESIAN_POINT('Ctrl Pts',(61.239068719107,-17.9817382137005,36.9983111252237));
#7129=CARTESIAN_POINT('Ctrl Pts',(61.0493969525033,-17.5097418998726,37.128260377508));
#7130=CARTESIAN_POINT('Ctrl Pts',(61.,-17.2486453568977,37.1619324956857));
#7131=CARTESIAN_POINT('Ctrl Pts',(61.,-17.,37.1619324956857));
#7132=CARTESIAN_POINT('',(87.086164228309,0.,12.));
#7133=CARTESIAN_POINT('Origin',(61.,0.,37.1619324956857));
#7134=CARTESIAN_POINT('',(61.,-17.,18.5809662478429));
#7135=CARTESIAN_POINT('Origin',(63.,-17.,18.5809662478429));
#7136=CARTESIAN_POINT('Origin',(53.,-17.,16.9675510735643));
#7137=CARTESIAN_POINT('',(55.,-17.,40.9756065632013));
#7138=CARTESIAN_POINT('',(53.,-19.,42.1278090315473));
#7139=CARTESIAN_POINT('Ctrl Pts',(55.,-17.,40.9756065632013));
#7140=CARTESIAN_POINT('Ctrl Pts',(55.,-17.2497252128705,40.9756065632013));
#7141=CARTESIAN_POINT('Ctrl Pts',(54.9502201755847,-17.5129362705189,41.0050463967771));
#7142=CARTESIAN_POINT('Ctrl Pts',(54.7563960541713,-17.9907246371691,41.1190688371457));
#7143=CARTESIAN_POINT('Ctrl Pts',(54.6126330244691,-18.2054745578695,41.2034058977572));
#7144=CARTESIAN_POINT('Ctrl Pts',(54.2672996977834,-18.5707652446058,41.4045714975233));
#7145=CARTESIAN_POINT('Ctrl Pts',(54.0334709751543,-18.7342384419434,41.5399774945182));
#7146=CARTESIAN_POINT('Ctrl Pts',(53.5269814102674,-18.9488293490199,41.8301663284153));
#7147=CARTESIAN_POINT('Ctrl Pts',(53.2543102892826,-19.,41.9848920703607));
#7148=CARTESIAN_POINT('Ctrl Pts',(53.,-19.,42.1278090315473));
#7149=CARTESIAN_POINT('',(53.,-19.,16.9675510735643));
#7150=CARTESIAN_POINT('',(55.,-17.,16.9675510735643));
#7151=CARTESIAN_POINT('Origin',(55.,0.,33.9351021471285));
#7152=CARTESIAN_POINT('',(55.,0.,40.9756065632013));
#7153=CARTESIAN_POINT('Origin',(34.0000000000001,-17.,25.5794542354794));
#7154=CARTESIAN_POINT('',(34.0000000000001,-19.,50.5182586688053));
#7155=CARTESIAN_POINT('Ctrl Pts',(34.0000000000001,-19.,50.5182586688053));
#7156=CARTESIAN_POINT('Ctrl Pts',(33.7487890684742,-19.,50.6014248351199));
#7157=CARTESIAN_POINT('Ctrl Pts',(33.4795898529724,-18.9498410973325,50.689418090315));
#7158=CARTESIAN_POINT('Ctrl Pts',(32.9817969852153,-18.7424034149252,50.8500955949022));
#7159=CARTESIAN_POINT('Ctrl Pts',(32.7532490416401,-18.5850462584753,50.9228202525986));
#7160=CARTESIAN_POINT('Ctrl Pts',(32.4010843822964,-18.2260699691384,51.0340127524344));
#7161=CARTESIAN_POINT('Ctrl Pts',(32.2505507196521,-18.0044787105025,51.0810444354208));
#7162=CARTESIAN_POINT('Ctrl Pts',(32.0499706380212,-17.5166582902201,51.1434749447495));
#7163=CARTESIAN_POINT('Ctrl Pts',(32.0000000000001,-17.2504024140158,51.1589084709588));
#7164=CARTESIAN_POINT('Ctrl Pts',(32.0000000000001,-17.,51.1589084709588));
#7165=CARTESIAN_POINT('',(34.0000000000001,-19.,25.5794542354794));
#7166=CARTESIAN_POINT('Origin',(96.,-19.,0.));
#7167=CARTESIAN_POINT('Origin',(-8.88178419700125E-15,-19.,-52.1818181818182));
#7168=CARTESIAN_POINT('Origin',(24.,-17.,23.3184118084469));
#7169=CARTESIAN_POINT('',(26.,-17.,52.8291611733139));
#7170=CARTESIAN_POINT('',(24.,-19.,53.3042272702888));
#7171=CARTESIAN_POINT('Ctrl Pts',(25.9999999999999,-17.,52.8291611733139));
#7172=CARTESIAN_POINT('Ctrl Pts',(25.9999999999999,-17.2508516562964,52.8291611733139));
#7173=CARTESIAN_POINT('Ctrl Pts',(25.949882720001,-17.5178681027081,52.8416087657941));
#7174=CARTESIAN_POINT('Ctrl Pts',(25.7477220830335,-18.0078182086205,52.8913536010706));
#7175=CARTESIAN_POINT('Ctrl Pts',(25.5957264901766,-18.2307783871361,52.9285837244708));
#7176=CARTESIAN_POINT('Ctrl Pts',(25.2426887293911,-18.5876348917212,53.0139346171763));
#7177=CARTESIAN_POINT('Ctrl Pts',(25.016150902745,-18.7433927598353,53.0681828995361));
#7178=CARTESIAN_POINT('Ctrl Pts',(24.5207543540775,-18.9495629983009,53.1846999324321));
#7179=CARTESIAN_POINT('Ctrl Pts',(24.2518936955323,-19.,53.2469168585953));
#7180=CARTESIAN_POINT('Ctrl Pts',(24.,-19.,53.3042272702888));
#7181=CARTESIAN_POINT('',(24.,-19.,23.3184118084469));
#7182=CARTESIAN_POINT('',(26.,-17.,23.3184118084469));
#7183=CARTESIAN_POINT('Origin',(26.,0.,46.6368236168939));
#7184=CARTESIAN_POINT('',(26.,0.,52.8291611733139));
#7185=CARTESIAN_POINT('Origin',(5.00000000000001,-17.,27.9791976805871));
#7186=CARTESIAN_POINT('',(5.00000000000001,-19.,55.8843920095454));
#7187=CARTESIAN_POINT('Ctrl Pts',(5.00000000000001,-19.,55.8843920095454));
#7188=CARTESIAN_POINT('Ctrl Pts',(4.74893874031953,-19.,55.896008094686));
#7189=CARTESIAN_POINT('Ctrl Pts',(4.48107756760109,-18.9498361727385,55.907434502729));
#7190=CARTESIAN_POINT('Ctrl Pts',(3.98823373714036,-18.7457006107624,55.9267411172883));
#7191=CARTESIAN_POINT('Ctrl Pts',(3.76325420732898,-18.5917260530182,55.9346712896926));
#7192=CARTESIAN_POINT('Ctrl Pts',(3.40811917331534,-18.2365015717237,55.946448455012));
#7193=CARTESIAN_POINT('Ctrl Pts',(3.25424175474635,-18.0116450968799,55.951091307723));
#7194=CARTESIAN_POINT('Ctrl Pts',(3.05018195593271,-17.5189482161228,55.9570397467947));
#7195=CARTESIAN_POINT('Ctrl Pts',(3.00000000000001,-17.2511082397421,55.9583953611741));
#7196=CARTESIAN_POINT('Ctrl Pts',(3.00000000000001,-17.,55.9583953611741));
#7197=CARTESIAN_POINT('',(5.00000000000001,-19.,27.9791976805871));
#7198=CARTESIAN_POINT('Origin',(96.,-19.,0.));
#7199=CARTESIAN_POINT('Origin',(-8.88178419700125E-15,-19.,-52.1818181818182));
#7200=CARTESIAN_POINT('Origin',(-5.00000000000006,-17.,24.9779756799133));
#7201=CARTESIAN_POINT('',(-3.00000000000006,-17.,55.9583953611741));
#7202=CARTESIAN_POINT('',(-5.00000000000006,-19.,55.8843920095454));
#7203=CARTESIAN_POINT('Ctrl Pts',(-3.00000000000006,-17.,55.9583953611741));
#7204=CARTESIAN_POINT('Ctrl Pts',(-3.00000000000006,-17.2511082397421,55.9583953611741));
#7205=CARTESIAN_POINT('Ctrl Pts',(-3.05018195593276,-17.5189482161228,55.9570397467947));
#7206=CARTESIAN_POINT('Ctrl Pts',(-3.25424175474641,-18.0116450968799,55.951091307723));
#7207=CARTESIAN_POINT('Ctrl Pts',(-3.40811917331539,-18.2365015717237,55.946448455012));
#7208=CARTESIAN_POINT('Ctrl Pts',(-3.76325420732904,-18.5917260530182,55.9346712896926));
#7209=CARTESIAN_POINT('Ctrl Pts',(-3.98823373714042,-18.7457006107624,55.9267411172883));
#7210=CARTESIAN_POINT('Ctrl Pts',(-4.48107756760115,-18.9498361727385,55.907434502729));
#7211=CARTESIAN_POINT('Ctrl Pts',(-4.74893874031958,-19.,55.896008094686));
#7212=CARTESIAN_POINT('Ctrl Pts',(-5.00000000000006,-19.,55.8843920095454));
#7213=CARTESIAN_POINT('',(-5.00000000000006,-19.,24.9779756799133));
#7214=CARTESIAN_POINT('',(-3.00000000000006,-17.,24.9779756799133));
#7215=CARTESIAN_POINT('Origin',(-3.00000000000006,0.,49.9559513598267));
#7216=CARTESIAN_POINT('',(-3.00000000000006,0.,55.9583953611741));
#7217=CARTESIAN_POINT('Origin',(-23.9999999999999,-17.,26.414580586657));
#7218=CARTESIAN_POINT('',(-23.9999999999999,-19.,53.3042272702888));
#7219=CARTESIAN_POINT('Ctrl Pts',(-23.9999999999999,-19.,53.3042272702888));
#7220=CARTESIAN_POINT('Ctrl Pts',(-24.2518936955322,-19.,53.2469168585953));
#7221=CARTESIAN_POINT('Ctrl Pts',(-24.5207543540775,-18.9495629983009,53.1846999324321));
#7222=CARTESIAN_POINT('Ctrl Pts',(-25.0161509027449,-18.7433927598353,53.0681828995362));
#7223=CARTESIAN_POINT('Ctrl Pts',(-25.2426887293911,-18.5876348917212,53.0139346171763));
#7224=CARTESIAN_POINT('Ctrl Pts',(-25.5957264901766,-18.2307783871361,52.9285837244709));
#7225=CARTESIAN_POINT('Ctrl Pts',(-25.7477220830335,-18.0078182086205,52.8913536010706));
#7226=CARTESIAN_POINT('Ctrl Pts',(-25.949882720001,-17.5178681027081,52.8416087657941));
#7227=CARTESIAN_POINT('Ctrl Pts',(-25.9999999999999,-17.2508516562964,52.8291611733139));
#7228=CARTESIAN_POINT('Ctrl Pts',(-25.9999999999999,-17.,52.8291611733139));
#7229=CARTESIAN_POINT('',(-23.9999999999999,-19.,26.414580586657));
#7230=CARTESIAN_POINT('Origin',(96.,-19.,0.));
#7231=CARTESIAN_POINT('Origin',(-8.88178419700125E-15,-19.,-52.1818181818182));
#7232=CARTESIAN_POINT('Origin',(-63.,-17.,14.8972720316479));
#7233=CARTESIAN_POINT('',(-63.,-19.,14.8972720316479));
#7234=CARTESIAN_POINT('Origin',(-53.0000000000001,-17.,20.4878032816007));
#7235=CARTESIAN_POINT('',(-55.0000000000001,-17.,20.4878032816007));
#7236=CARTESIAN_POINT('',(-53.0000000000001,-19.,20.4878032816007));
#7237=CARTESIAN_POINT('Origin',(-55.0000000000001,0.,40.9756065632014));
#7238=CARTESIAN_POINT('Origin',(-34.,-17.,22.4300244505588));
#7239=CARTESIAN_POINT('',(-34.,-19.,22.4300244505588));
#7240=CARTESIAN_POINT('Origin',(63.,0.,33.2908588114567));
#7241=CARTESIAN_POINT('',(61.,-31.,33.2908588114567));
#7242=CARTESIAN_POINT('',(64.1866438356165,-31.,34.9007893712615));
#7243=CARTESIAN_POINT('Origin',(63.,-31.,33.2908588114567));
#7244=CARTESIAN_POINT('',(64.1866438356164,0.,34.9007893712615));
#7245=CARTESIAN_POINT('',(61.,0.,33.2908588114567));
#7246=CARTESIAN_POINT('Origin',(-8.88178419700125E-15,0.,-52.1818181818182));
#7247=CARTESIAN_POINT('',(87.086164228309,-31.,12.));
#7248=CARTESIAN_POINT('Origin',(-8.88178419700125E-15,-31.,-52.1818181818182));
#7249=CARTESIAN_POINT('',(87.086164228309,0.,12.));
#7250=CARTESIAN_POINT('Origin',(43.5,-31.,22.2603371674914));
#7251=CARTESIAN_POINT('',(96.,-31.,12.));
#7252=CARTESIAN_POINT('',(61.,-31.,8.00000000000079));
#7253=CARTESIAN_POINT('',(61.,-31.,6.00000000000001));
#7254=CARTESIAN_POINT('Origin',(63.,-31.,8.00000000000079));
#7255=CARTESIAN_POINT('Origin',(53.,0.,39.8267602899564));
#7256=CARTESIAN_POINT('',(55.,-25.,39.8267602899564));
#7257=CARTESIAN_POINT('',(53.9982876712328,-25.,41.5597985830892));
#7258=CARTESIAN_POINT('Origin',(53.,-25.,39.8267602899564));
#7259=CARTESIAN_POINT('',(53.9982876712328,-31.,41.5597985830892));
#7260=CARTESIAN_POINT('',(53.9982876712328,0.,41.5597985830892));
#7261=CARTESIAN_POINT('',(55.,-31.,39.8267602899564));
#7262=CARTESIAN_POINT('Origin',(53.,-31.,39.8267602899564));
#7263=CARTESIAN_POINT('',(55.,0.,39.8267602899564));
#7264=CARTESIAN_POINT('Origin',(43.5,-31.,22.2603371674914));
#7265=CARTESIAN_POINT('',(34.6404109589041,-31.,50.3040233462788));
#7266=CARTESIAN_POINT('Origin',(-8.88178419700125E-15,-31.,-52.1818181818182));
#7267=CARTESIAN_POINT('',(32.0000000000001,-31.,48.4093271163476));
#7268=CARTESIAN_POINT('Origin',(34.,-31.,48.4093271163476));
#7269=CARTESIAN_POINT('',(32.0000000000001,-31.,8.00000000000064));
#7270=CARTESIAN_POINT('',(32.0000000000001,-31.,26.7228214077543));
#7271=CARTESIAN_POINT('',(34.,-31.,6.));
#7272=CARTESIAN_POINT('Origin',(34.,-31.,8.00000000000064));
#7273=CARTESIAN_POINT('',(53.,-31.,6.));
#7274=CARTESIAN_POINT('',(90.,-31.,6.));
#7275=CARTESIAN_POINT('',(55.,-31.,8.00000000000074));
#7276=CARTESIAN_POINT('Origin',(53.,-31.,8.00000000000074));
#7277=CARTESIAN_POINT('',(55.,-31.,28.09771965731));
#7278=CARTESIAN_POINT('Origin',(-8.88178419700125E-15,0.,-52.1818181818182));
#7279=CARTESIAN_POINT('',(34.6404109589041,-25.,50.3040233462788));
#7280=CARTESIAN_POINT('Origin',(-8.88178419700125E-15,-25.,-52.1818181818182));
#7281=CARTESIAN_POINT('',(34.6404109589041,0.,50.3040233462788));
#7282=CARTESIAN_POINT('Origin',(34.,0.,48.4093271163476));
#7283=CARTESIAN_POINT('',(32.0000000000001,-25.,48.4093271163476));
#7284=CARTESIAN_POINT('Origin',(34.,-25.,48.4093271163476));
#7285=CARTESIAN_POINT('',(32.,0.,48.4093271163476));
#7286=CARTESIAN_POINT('Origin',(24.,0.,51.252114898176));
#7287=CARTESIAN_POINT('',(26.,-25.,51.252114898176));
#7288=CARTESIAN_POINT('',(24.4520547945205,-25.,53.2003567883813));
#7289=CARTESIAN_POINT('Origin',(24.,-25.,51.252114898176));
#7290=CARTESIAN_POINT('',(24.4520547945205,-31.,53.2003567883813));
#7291=CARTESIAN_POINT('',(24.4520547945205,0.,53.2003567883813));
#7292=CARTESIAN_POINT('',(26.,-31.,51.252114898176));
#7293=CARTESIAN_POINT('Origin',(24.,-31.,51.252114898176));
#7294=CARTESIAN_POINT('',(25.9999999999999,0.,51.252114898176));
#7295=CARTESIAN_POINT('Origin',(43.5,-31.,22.2603371674914));
#7296=CARTESIAN_POINT('',(5.09417808219178,-31.,55.8799934575898));
#7297=CARTESIAN_POINT('Origin',(-8.88178419700125E-15,-31.,-52.1818181818182));
#7298=CARTESIAN_POINT('',(3.00000000000006,-31.,53.8822120659369));
#7299=CARTESIAN_POINT('Origin',(5.,-31.,53.8822120659369));
#7300=CARTESIAN_POINT('',(3.00000000000006,-31.,8.0000000000005));
#7301=CARTESIAN_POINT('',(3.00000000000006,-31.,40.4191653375826));
#7302=CARTESIAN_POINT('',(5.00000000000002,-31.,6.));
#7303=CARTESIAN_POINT('Origin',(5.,-31.,8.00000000000049));
#7304=CARTESIAN_POINT('',(24.,-31.,6.));
#7305=CARTESIAN_POINT('',(90.,-31.,6.));
#7306=CARTESIAN_POINT('',(26.,-31.,8.00000000000059));
#7307=CARTESIAN_POINT('Origin',(24.,-31.,8.00000000000059));
#7308=CARTESIAN_POINT('',(26.,-31.,34.4485803921926));
#7309=CARTESIAN_POINT('Origin',(-8.88178419700125E-15,0.,-52.1818181818182));
#7310=CARTESIAN_POINT('',(5.09417808219178,-25.,55.8799934575898));
#7311=CARTESIAN_POINT('Origin',(-8.88178419700125E-15,-25.,-52.1818181818182));
#7312=CARTESIAN_POINT('',(5.09417808219178,0.,55.8799934575898));
#7313=CARTESIAN_POINT('Origin',(5.,0.,53.8822120659369));
#7314=CARTESIAN_POINT('',(3.,-25.,53.8822120659369));
#7315=CARTESIAN_POINT('Origin',(5.,-25.,53.8822120659369));
#7316=CARTESIAN_POINT('',(3.,0.,53.8822120659369));
#7317=CARTESIAN_POINT('Origin',(-5.00000000000004,0.,53.8822120659369));
#7318=CARTESIAN_POINT('',(-3.00000000000006,-25.,53.8822120659369));
#7319=CARTESIAN_POINT('',(-5.09417808219183,-25.,55.8799934575898));
#7320=CARTESIAN_POINT('Origin',(-5.00000000000004,-25.,53.8822120659369));
#7321=CARTESIAN_POINT('',(-5.09417808219183,-31.,55.8799934575898));
#7322=CARTESIAN_POINT('',(-5.09417808219183,0.,55.8799934575898));
#7323=CARTESIAN_POINT('',(-3.00000000000006,-31.,53.8822120659369));
#7324=CARTESIAN_POINT('Origin',(-5.00000000000004,-31.,53.8822120659369));
#7325=CARTESIAN_POINT('',(-3.00000000000006,0.,53.8822120659369));
#7326=CARTESIAN_POINT('Origin',(43.5,-31.,22.2603371674914));
#7327=CARTESIAN_POINT('',(-24.4520547945205,-31.,53.2003567883813));
#7328=CARTESIAN_POINT('Origin',(-8.88178419700125E-15,-31.,-52.1818181818182));
#7329=CARTESIAN_POINT('',(-26.,-31.,51.252114898176));
#7330=CARTESIAN_POINT('Origin',(-24.,-31.,51.252114898176));
#7331=CARTESIAN_POINT('',(-26.,-31.,8.00000000000034));
#7332=CARTESIAN_POINT('',(-26.,-31.,49.9559513598267));
#7333=CARTESIAN_POINT('',(-24.,-31.,6.));
#7334=CARTESIAN_POINT('Origin',(-24.,-31.,8.00000000000034));
#7335=CARTESIAN_POINT('',(-5.,-31.,6.));
#7336=CARTESIAN_POINT('',(90.,-31.,6.));
#7337=CARTESIAN_POINT('',(-3.00000000000006,-31.,8.00000000000044));
#7338=CARTESIAN_POINT('Origin',(-5.,-31.,8.00000000000044));
#7339=CARTESIAN_POINT('',(-3.00000000000006,-31.,36.108144263659));
#7340=CARTESIAN_POINT('Origin',(-8.88178419700125E-15,0.,-52.1818181818182));
#7341=CARTESIAN_POINT('',(-24.4520547945205,-25.,53.2003567883813));
#7342=CARTESIAN_POINT('Origin',(-8.88178419700125E-15,-25.,-52.1818181818182));
#7343=CARTESIAN_POINT('',(-24.4520547945205,0.,53.2003567883813));
#7344=CARTESIAN_POINT('Origin',(-24.,0.,51.252114898176));
#7345=CARTESIAN_POINT('',(-25.9999999999999,-25.,51.252114898176));
#7346=CARTESIAN_POINT('Origin',(-24.,-25.,51.252114898176));
#7347=CARTESIAN_POINT('',(-26.,0.,51.252114898176));
#7348=CARTESIAN_POINT('Origin',(-34.,0.,48.4093271163476));
#7349=CARTESIAN_POINT('',(-32.,-25.,48.4093271163476));
#7350=CARTESIAN_POINT('',(-34.6404109589041,-25.,50.3040233462788));
#7351=CARTESIAN_POINT('Origin',(-34.,-25.,48.4093271163476));
#7352=CARTESIAN_POINT('',(-34.6404109589041,-31.,50.3040233462788));
#7353=CARTESIAN_POINT('',(-34.6404109589041,0.,50.3040233462788));
#7354=CARTESIAN_POINT('',(-32.,-31.,48.4093271163476));
#7355=CARTESIAN_POINT('Origin',(-34.,-31.,48.4093271163476));
#7356=CARTESIAN_POINT('',(-32.,0.,48.4093271163476));
#7357=CARTESIAN_POINT('Origin',(43.5,-31.,22.2603371674914));
#7358=CARTESIAN_POINT('',(-53.9982876712329,-31.,41.5597985830891));
#7359=CARTESIAN_POINT('Origin',(-8.88178419700125E-15,-31.,-52.1818181818182));
#7360=CARTESIAN_POINT('',(-55.,-31.,39.8267602899564));
#7361=CARTESIAN_POINT('Origin',(-53.,-31.,39.8267602899564));
#7362=CARTESIAN_POINT('',(-55.,-31.,8.00000000000019));
#7363=CARTESIAN_POINT('',(-55.,-31.,44.8600489011175));
#7364=CARTESIAN_POINT('',(-53.,-31.,6.));
#7365=CARTESIAN_POINT('Origin',(-53.,-31.,8.00000000000019));
#7366=CARTESIAN_POINT('',(-34.,-31.,6.));
#7367=CARTESIAN_POINT('',(90.,-31.,6.));
#7368=CARTESIAN_POINT('',(-32.,-31.,8.00000000000029));
#7369=CARTESIAN_POINT('Origin',(-34.,-31.,8.00000000000029));
#7370=CARTESIAN_POINT('',(-32.,-31.,33.5601930343044));
#7371=CARTESIAN_POINT('Origin',(-8.88178419700125E-15,0.,-52.1818181818182));
#7372=CARTESIAN_POINT('',(-53.9982876712329,-25.,41.5597985830891));
#7373=CARTESIAN_POINT('Origin',(-8.88178419700125E-15,-25.,-52.1818181818182));
#7374=CARTESIAN_POINT('',(-53.9982876712329,0.,41.5597985830891));
#7375=CARTESIAN_POINT('Origin',(-53.,0.,39.8267602899564));
#7376=CARTESIAN_POINT('',(-55.0000000000001,-25.,39.8267602899564));
#7377=CARTESIAN_POINT('Origin',(-53.,-25.,39.8267602899564));
#7378=CARTESIAN_POINT('',(-55.,0.,39.8267602899564));
#7379=CARTESIAN_POINT('Origin',(-63.,0.,33.2908588114567));
#7380=CARTESIAN_POINT('',(-61.,-25.,33.2908588114567));
#7381=CARTESIAN_POINT('',(-64.1866438356165,-25.,34.9007893712615));
#7382=CARTESIAN_POINT('Origin',(-63.,-25.,33.2908588114567));
#7383=CARTESIAN_POINT('',(-64.1866438356165,-31.,34.9007893712615));
#7384=CARTESIAN_POINT('',(-64.1866438356165,0.,34.9007893712615));
#7385=CARTESIAN_POINT('',(-61.,-31.,33.2908588114567));
#7386=CARTESIAN_POINT('Origin',(-63.,-31.,33.2908588114567));
#7387=CARTESIAN_POINT('',(-61.,0.,33.2908588114567));
#7388=CARTESIAN_POINT('Origin',(43.5,-31.,22.2603371674914));
#7389=CARTESIAN_POINT('',(-61.,-31.,8.00000000000014));
#7390=CARTESIAN_POINT('Origin',(-63.,-31.,8.00000000000014));
#7391=CARTESIAN_POINT('',(-61.,-31.,26.0274406153936));
#7392=CARTESIAN_POINT('',(-87.086164228309,-31.,12.));
#7393=CARTESIAN_POINT('Origin',(-8.88178419700125E-15,-31.,-52.1818181818182));
#7394=CARTESIAN_POINT('',(-87.086164228309,-31.,12.));
#7395=CARTESIAN_POINT('Origin',(-8.88178419700125E-15,0.,-52.1818181818182));
#7396=CARTESIAN_POINT('',(-87.086164228309,-25.,12.));
#7397=CARTESIAN_POINT('Origin',(-8.88178419700125E-15,-25.,-52.1818181818182));
#7398=CARTESIAN_POINT('',(-87.086164228309,0.,12.));
#7399=CARTESIAN_POINT('Origin',(53.,0.,39.8267602899564));
#7400=CARTESIAN_POINT('',(55.,31.,39.8267602899564));
#7401=CARTESIAN_POINT('',(53.9982876712328,31.,41.5597985830892));
#7402=CARTESIAN_POINT('Origin',(53.,31.,39.8267602899564));
#7403=CARTESIAN_POINT('',(53.9982876712328,25.,41.5597985830892));
#7404=CARTESIAN_POINT('',(53.9982876712328,0.,41.5597985830892));
#7405=CARTESIAN_POINT('',(55.,25.,39.8267602899564));
#7406=CARTESIAN_POINT('Origin',(53.,25.,39.8267602899564));
#7407=CARTESIAN_POINT('',(55.,0.,39.8267602899564));
#7408=CARTESIAN_POINT('Origin',(-8.88178419700125E-15,0.,-52.1818181818182));
#7409=CARTESIAN_POINT('',(34.6404109589041,31.,50.3040233462788));
#7410=CARTESIAN_POINT('Origin',(-8.88178419700125E-15,31.,-52.1818181818182));
#7411=CARTESIAN_POINT('',(34.6404109589041,25.,50.3040233462788));
#7412=CARTESIAN_POINT('',(34.6404109589041,0.,50.3040233462788));
#7413=CARTESIAN_POINT('Origin',(-8.88178419700125E-15,25.,-52.1818181818182));
#7414=CARTESIAN_POINT('Origin',(-43.5,31.,22.2603371674914));
#7415=CARTESIAN_POINT('',(55.,31.,8.00000000000074));
#7416=CARTESIAN_POINT('',(55.,31.,44.8600489011175));
#7417=CARTESIAN_POINT('',(53.,31.,6.));
#7418=CARTESIAN_POINT('Origin',(53.,31.,8.00000000000074));
#7419=CARTESIAN_POINT('',(34.,31.,6.));
#7420=CARTESIAN_POINT('',(90.,31.,6.));
#7421=CARTESIAN_POINT('',(32.0000000000001,31.,8.00000000000064));
#7422=CARTESIAN_POINT('Origin',(34.,31.,8.00000000000064));
#7423=CARTESIAN_POINT('',(32.0000000000001,31.,48.4093271163476));
#7424=CARTESIAN_POINT('',(32.0000000000001,31.,36.7096228192251));
#7425=CARTESIAN_POINT('Origin',(34.,31.,48.4093271163476));
#7426=CARTESIAN_POINT('Origin',(63.,0.,33.2908588114567));
#7427=CARTESIAN_POINT('',(64.1866438356164,0.,34.9007893712615));
#7428=CARTESIAN_POINT('',(61.,0.,33.2908588114567));
#7429=CARTESIAN_POINT('Origin',(61.,0.,6.));
#7430=CARTESIAN_POINT('',(61.,0.,8.00000000000079));
#7431=CARTESIAN_POINT('Origin',(-5.00000000000004,0.,53.8822120659369));
#7432=CARTESIAN_POINT('',(-3.00000000000006,31.,53.8822120659369));
#7433=CARTESIAN_POINT('',(-5.09417808219183,31.,55.8799934575898));
#7434=CARTESIAN_POINT('Origin',(-5.00000000000004,31.,53.8822120659369));
#7435=CARTESIAN_POINT('',(-5.09417808219183,25.,55.8799934575898));
#7436=CARTESIAN_POINT('',(-5.09417808219183,0.,55.8799934575898));
#7437=CARTESIAN_POINT('',(-3.00000000000006,25.,53.8822120659369));
#7438=CARTESIAN_POINT('Origin',(-5.00000000000004,25.,53.8822120659369));
#7439=CARTESIAN_POINT('',(-3.00000000000006,0.,53.8822120659369));
#7440=CARTESIAN_POINT('Origin',(-8.88178419700125E-15,0.,-52.1818181818182));
#7441=CARTESIAN_POINT('',(-24.4520547945205,31.,53.2003567883813));
#7442=CARTESIAN_POINT('Origin',(-8.88178419700125E-15,31.,-52.1818181818182));
#7443=CARTESIAN_POINT('',(-24.4520547945205,25.,53.2003567883813));
#7444=CARTESIAN_POINT('',(-24.4520547945205,0.,53.2003567883813));
#7445=CARTESIAN_POINT('Origin',(-8.88178419700125E-15,25.,-52.1818181818182));
#7446=CARTESIAN_POINT('Origin',(-43.5,31.,22.2603371674914));
#7447=CARTESIAN_POINT('',(-3.00000000000006,31.,8.00000000000044));
#7448=CARTESIAN_POINT('',(-3.00000000000006,31.,40.4191653375827));
#7449=CARTESIAN_POINT('',(-5.,31.,6.));
#7450=CARTESIAN_POINT('Origin',(-5.,31.,8.00000000000044));
#7451=CARTESIAN_POINT('',(-24.,31.,6.));
#7452=CARTESIAN_POINT('',(90.,31.,6.));
#7453=CARTESIAN_POINT('',(-25.9999999999999,31.,8.00000000000034));
#7454=CARTESIAN_POINT('Origin',(-24.,31.,8.00000000000034));
#7455=CARTESIAN_POINT('',(-25.9999999999999,31.,51.252114898176));
#7456=CARTESIAN_POINT('',(-25.9999999999999,31.,37.5447491704027));
#7457=CARTESIAN_POINT('Origin',(-24.,31.,51.252114898176));
#7458=CARTESIAN_POINT('Origin',(5.,0.,53.8822120659369));
#7459=CARTESIAN_POINT('',(3.,25.,53.8822120659369));
#7460=CARTESIAN_POINT('',(5.09417808219178,25.,55.8799934575898));
#7461=CARTESIAN_POINT('Origin',(5.,25.,53.8822120659369));
#7462=CARTESIAN_POINT('',(5.09417808219178,31.,55.8799934575898));
#7463=CARTESIAN_POINT('',(5.09417808219178,0.,55.8799934575898));
#7464=CARTESIAN_POINT('',(3.00000000000001,31.,53.8822120659369));
#7465=CARTESIAN_POINT('Origin',(5.,31.,53.8822120659369));
#7466=CARTESIAN_POINT('',(3.,0.,53.8822120659369));
#7467=CARTESIAN_POINT('Origin',(-43.5,31.,22.2603371674914));
#7468=CARTESIAN_POINT('',(24.4520547945205,31.,53.2003567883813));
#7469=CARTESIAN_POINT('Origin',(-8.88178419700125E-15,31.,-52.1818181818182));
#7470=CARTESIAN_POINT('',(26.,31.,51.252114898176));
#7471=CARTESIAN_POINT('Origin',(24.,31.,51.252114898176));
#7472=CARTESIAN_POINT('',(26.,31.,8.00000000000059));
#7473=CARTESIAN_POINT('',(26.,31.,49.9559513598267));
#7474=CARTESIAN_POINT('',(24.,31.,6.));
#7475=CARTESIAN_POINT('Origin',(24.,31.,8.00000000000059));
#7476=CARTESIAN_POINT('',(5.00000000000002,31.,6.));
#7477=CARTESIAN_POINT('',(90.,31.,6.));
#7478=CARTESIAN_POINT('',(3.00000000000001,31.,8.00000000000049));
#7479=CARTESIAN_POINT('Origin',(5.,31.,8.00000000000049));
#7480=CARTESIAN_POINT('',(3.00000000000001,31.,39.1093662643328));
#7481=CARTESIAN_POINT('Origin',(-8.88178419700125E-15,0.,-52.1818181818182));
#7482=CARTESIAN_POINT('',(24.4520547945205,25.,53.2003567883813));
#7483=CARTESIAN_POINT('Origin',(-8.88178419700125E-15,25.,-52.1818181818182));
#7484=CARTESIAN_POINT('',(24.4520547945205,0.,53.2003567883813));
#7485=CARTESIAN_POINT('Origin',(24.,0.,51.252114898176));
#7486=CARTESIAN_POINT('',(26.,25.,51.252114898176));
#7487=CARTESIAN_POINT('Origin',(24.,25.,51.252114898176));
#7488=CARTESIAN_POINT('',(25.9999999999999,0.,51.252114898176));
#7489=CARTESIAN_POINT('Origin',(34.,0.,48.4093271163476));
#7490=CARTESIAN_POINT('',(32.0000000000001,25.,48.4093271163476));
#7491=CARTESIAN_POINT('Origin',(34.,25.,48.4093271163476));
#7492=CARTESIAN_POINT('',(32.,0.,48.4093271163476));
#7493=CARTESIAN_POINT('Origin',(32.,0.,6.));
#7494=CARTESIAN_POINT('',(32.,0.,8.00000000000064));
#7495=CARTESIAN_POINT('',(32.0000000000001,25.,25.5794542354794));
#7496=CARTESIAN_POINT('Origin',(-24.,0.,51.252114898176));
#7497=CARTESIAN_POINT('',(-25.9999999999999,25.,51.252114898176));
#7498=CARTESIAN_POINT('Origin',(-24.,25.,51.252114898176));
#7499=CARTESIAN_POINT('',(-26.,0.,51.252114898176));
#7500=CARTESIAN_POINT('Origin',(-26.,0.,6.));
#7501=CARTESIAN_POINT('',(-26.,0.,8.00000000000034));
#7502=CARTESIAN_POINT('',(-25.9999999999999,25.,26.414580586657));
#7503=CARTESIAN_POINT('Origin',(-34.,0.,48.4093271163476));
#7504=CARTESIAN_POINT('',(-32.,31.,48.4093271163476));
#7505=CARTESIAN_POINT('',(-34.6404109589041,31.,50.3040233462788));
#7506=CARTESIAN_POINT('Origin',(-34.,31.,48.4093271163476));
#7507=CARTESIAN_POINT('',(-34.6404109589041,25.,50.3040233462788));
#7508=CARTESIAN_POINT('',(-34.6404109589041,0.,50.3040233462788));
#7509=CARTESIAN_POINT('',(-32.,25.,48.4093271163476));
#7510=CARTESIAN_POINT('Origin',(-34.,25.,48.4093271163476));
#7511=CARTESIAN_POINT('',(-32.,0.,48.4093271163476));
#7512=CARTESIAN_POINT('Origin',(-8.88178419700125E-15,0.,-52.1818181818182));
#7513=CARTESIAN_POINT('',(-53.9982876712329,31.,41.5597985830891));
#7514=CARTESIAN_POINT('Origin',(-8.88178419700125E-15,31.,-52.1818181818182));
#7515=CARTESIAN_POINT('',(-53.9982876712329,25.,41.5597985830891));
#7516=CARTESIAN_POINT('',(-53.9982876712329,0.,41.5597985830891));
#7517=CARTESIAN_POINT('Origin',(-8.88178419700125E-15,25.,-52.1818181818182));
#7518=CARTESIAN_POINT('Origin',(-43.5,31.,22.2603371674914));
#7519=CARTESIAN_POINT('',(-32.,31.,8.00000000000029));
#7520=CARTESIAN_POINT('',(-32.,31.,26.7228214077544));
#7521=CARTESIAN_POINT('',(-34.,31.,6.));
#7522=CARTESIAN_POINT('Origin',(-34.,31.,8.00000000000029));
#7523=CARTESIAN_POINT('',(-53.,31.,6.));
#7524=CARTESIAN_POINT('',(90.,31.,6.));
#7525=CARTESIAN_POINT('',(-55.0000000000001,31.,8.00000000000019));
#7526=CARTESIAN_POINT('Origin',(-53.,31.,8.00000000000019));
#7527=CARTESIAN_POINT('',(-55.0000000000001,31.,39.8267602899564));
#7528=CARTESIAN_POINT('',(-55.0000000000001,31.,31.6179718653464));
#7529=CARTESIAN_POINT('Origin',(-53.,31.,39.8267602899564));
#7530=CARTESIAN_POINT('Origin',(-53.,0.,39.8267602899564));
#7531=CARTESIAN_POINT('',(-55.0000000000001,25.,39.8267602899564));
#7532=CARTESIAN_POINT('Origin',(-53.,25.,39.8267602899564));
#7533=CARTESIAN_POINT('',(-55.,0.,39.8267602899564));
#7534=CARTESIAN_POINT('Origin',(-55.,0.,6.));
#7535=CARTESIAN_POINT('',(-55.,0.,8.00000000000019));
#7536=CARTESIAN_POINT('',(-55.0000000000001,25.,20.4878032816007));
#7537=CARTESIAN_POINT('Origin',(-63.,0.,33.2908588114567));
#7538=CARTESIAN_POINT('',(-61.,31.,33.2908588114567));
#7539=CARTESIAN_POINT('',(-64.1866438356165,31.,34.9007893712615));
#7540=CARTESIAN_POINT('Origin',(-63.,31.,33.2908588114567));
#7541=CARTESIAN_POINT('',(-64.1866438356165,0.,34.9007893712615));
#7542=CARTESIAN_POINT('',(-61.,0.,33.2908588114567));
#7543=CARTESIAN_POINT('Origin',(-8.88178419700125E-15,0.,-52.1818181818182));
#7544=CARTESIAN_POINT('',(-87.086164228309,31.,12.));
#7545=CARTESIAN_POINT('Origin',(-8.88178419700125E-15,31.,-52.1818181818182));
#7546=CARTESIAN_POINT('',(-87.086164228309,0.,12.));
#7547=CARTESIAN_POINT('Origin',(-43.5,31.,22.2603371674914));
#7548=CARTESIAN_POINT('',(-87.086164228309,31.,12.));
#7549=CARTESIAN_POINT('',(-61.,31.,8.00000000000014));
#7550=CARTESIAN_POINT('',(-61.,31.,6.00000000000004));
#7551=CARTESIAN_POINT('Origin',(-63.,31.,8.00000000000014));
#7552=CARTESIAN_POINT('Origin',(-63.,0.,8.00000000000014));
#7553=CARTESIAN_POINT('',(-61.,0.,8.00000000000014));
#7554=CARTESIAN_POINT('Origin',(-53.,0.,8.00000000000019));
#7555=CARTESIAN_POINT('',(-53.,0.,6.00000000000019));
#7556=CARTESIAN_POINT('Origin',(-84.,0.,6.00000000000003));
#7557=CARTESIAN_POINT('',(-34.,0.,6.00000000000029));
#7558=CARTESIAN_POINT('Origin',(-34.,0.,8.00000000000029));
#7559=CARTESIAN_POINT('',(-32.,0.,8.00000000000029));
#7560=CARTESIAN_POINT('Origin',(-24.,0.,8.00000000000034));
#7561=CARTESIAN_POINT('',(-24.,0.,6.00000000000034));
#7562=CARTESIAN_POINT('Origin',(-84.,0.,6.00000000000003));
#7563=CARTESIAN_POINT('',(-4.99999999999999,0.,6.00000000000044));
#7564=CARTESIAN_POINT('Origin',(-5.,0.,8.00000000000044));
#7565=CARTESIAN_POINT('',(-3.,0.,8.00000000000044));
#7566=CARTESIAN_POINT('Origin',(5.,0.,8.00000000000049));
#7567=CARTESIAN_POINT('',(5.00000000000001,0.,6.00000000000049));
#7568=CARTESIAN_POINT('',(3.,0.,8.00000000000049));
#7569=CARTESIAN_POINT('Origin',(-84.,0.,6.00000000000003));
#7570=CARTESIAN_POINT('',(24.,0.,6.00000000000059));
#7571=CARTESIAN_POINT('Origin',(24.,0.,8.00000000000059));
#7572=CARTESIAN_POINT('',(26.,0.,8.00000000000059));
#7573=CARTESIAN_POINT('Origin',(34.,0.,8.00000000000064));
#7574=CARTESIAN_POINT('',(34.,0.,6.00000000000064));
#7575=CARTESIAN_POINT('Origin',(-84.,0.,6.00000000000003));
#7576=CARTESIAN_POINT('',(53.,0.,6.00000000000074));
#7577=CARTESIAN_POINT('Origin',(53.,0.,8.00000000000074));
#7578=CARTESIAN_POINT('',(55.,0.,8.00000000000074));
#7579=CARTESIAN_POINT('Origin',(63.,0.,8.00000000000079));
#7580=CARTESIAN_POINT('Origin',(63.,0.,8.00000000000079));
#7581=CARTESIAN_POINT('',(61.,0.,8.00000000000079));
#7582=CARTESIAN_POINT('Origin',(53.,0.,8.00000000000074));
#7583=CARTESIAN_POINT('',(53.,0.,6.00000000000074));
#7584=CARTESIAN_POINT('',(55.,0.,8.00000000000074));
#7585=CARTESIAN_POINT('Origin',(-84.,0.,6.00000000000003));
#7586=CARTESIAN_POINT('',(34.,0.,6.00000000000064));
#7587=CARTESIAN_POINT('Origin',(34.,0.,8.00000000000064));
#7588=CARTESIAN_POINT('',(32.,0.,8.00000000000064));
#7589=CARTESIAN_POINT('Origin',(24.,0.,8.00000000000059));
#7590=CARTESIAN_POINT('',(24.,0.,6.00000000000059));
#7591=CARTESIAN_POINT('',(26.,0.,8.00000000000059));
#7592=CARTESIAN_POINT('Origin',(-84.,0.,6.00000000000003));
#7593=CARTESIAN_POINT('',(5.00000000000001,0.,6.00000000000049));
#7594=CARTESIAN_POINT('Origin',(5.,0.,8.00000000000049));
#7595=CARTESIAN_POINT('',(3.,0.,8.00000000000049));
#7596=CARTESIAN_POINT('Origin',(-5.,0.,8.00000000000044));
#7597=CARTESIAN_POINT('',(-4.99999999999999,0.,6.00000000000044));
#7598=CARTESIAN_POINT('',(-3.,0.,8.00000000000044));
#7599=CARTESIAN_POINT('Origin',(-84.,0.,6.00000000000003));
#7600=CARTESIAN_POINT('',(-24.,0.,6.00000000000034));
#7601=CARTESIAN_POINT('Origin',(-24.,0.,8.00000000000034));
#7602=CARTESIAN_POINT('',(-26.,0.,8.00000000000034));
#7603=CARTESIAN_POINT('Origin',(-34.,0.,8.00000000000029));
#7604=CARTESIAN_POINT('',(-34.,0.,6.00000000000029));
#7605=CARTESIAN_POINT('',(-32.,0.,8.00000000000029));
#7606=CARTESIAN_POINT('Origin',(-84.,0.,6.00000000000003));
#7607=CARTESIAN_POINT('',(-53.,0.,6.00000000000019));
#7608=CARTESIAN_POINT('Origin',(-53.,0.,8.00000000000019));
#7609=CARTESIAN_POINT('',(-55.,0.,8.00000000000019));
#7610=CARTESIAN_POINT('Origin',(-63.,0.,8.00000000000014));
#7611=CARTESIAN_POINT('',(-61.,0.,8.00000000000014));
#7612=CARTESIAN_POINT('Origin',(-61.,0.,22.1817626138935));
#7613=CARTESIAN_POINT('',(-61.,-25.,14.8972720316479));
#7614=CARTESIAN_POINT('Origin',(-90.,0.,5.99999999999998));
#7615=CARTESIAN_POINT('',(-90.,19.,6.));
#7616=CARTESIAN_POINT('',(-90.,0.,5.99999999999998));
#7617=CARTESIAN_POINT('Origin',(-90.,0.,5.99999999999998));
#7618=CARTESIAN_POINT('',(5.99999999999995,-19.,6.0000000000005));
#7619=CARTESIAN_POINT('',(-90.,0.,5.99999999999998));
#7620=CARTESIAN_POINT('Origin',(-90.,0.,5.99999999999998));
#7621=CARTESIAN_POINT('',(90.,0.,5.99999999999998));
#7622=CARTESIAN_POINT('Origin',(90.,0.,5.99999999999998));
#7623=CARTESIAN_POINT('',(90.,0.,5.99999999999998));
#7624=CARTESIAN_POINT('Origin',(-90.,0.,5.99999999999998));
#7625=CARTESIAN_POINT('Origin',(-90.,0.,0.));
#7626=CARTESIAN_POINT('Origin',(-96.,0.,-6.));
#7627=CARTESIAN_POINT('Origin',(96.,0.,12.));
#7628=CARTESIAN_POINT('Origin',(-8.88178419700125E-15,0.,-52.1818181818182));
#7629=CARTESIAN_POINT('',(87.086164228309,0.,12.));
#7630=CARTESIAN_POINT('Origin',(96.,25.,0.));
#7631=CARTESIAN_POINT('',(55.,25.,16.9675510735643));
#7632=CARTESIAN_POINT('Origin',(96.,25.,0.));
#7633=CARTESIAN_POINT('',(-32.,25.,22.4300244505588));
#7634=CARTESIAN_POINT('Origin',(96.,25.,0.));
#7635=CARTESIAN_POINT('',(-3.00000000000006,25.,24.9779756799133));
#7636=CARTESIAN_POINT('Origin',(96.,25.,0.));
#7637=CARTESIAN_POINT('',(3.00000000000001,25.,27.9791976805871));
#7638=CARTESIAN_POINT('',(26.,25.,23.3184118084469));
#7639=CARTESIAN_POINT('Origin',(-96.,19.,0.));
#7640=CARTESIAN_POINT('',(-96.0000000000001,19.,12.));
#7641=CARTESIAN_POINT('Origin',(-8.88178419700125E-15,0.,-52.1818181818182));
#7642=CARTESIAN_POINT('Origin',(-8.88178419700125E-15,0.,-52.1818181818182));
#7643=CARTESIAN_POINT('Origin',(-8.88178419700125E-15,0.,-52.1818181818182));
#7644=CARTESIAN_POINT('Origin',(-96.,-25.,0.));
#7645=CARTESIAN_POINT('',(-96.0000000000001,-25.,12.));
#7646=CARTESIAN_POINT('Origin',(-96.,-25.,0.));
#7647=CARTESIAN_POINT('',(55.,-25.,16.9675510735643));
#7648=CARTESIAN_POINT('',(32.0000000000001,-25.,25.5794542354794));
#7649=CARTESIAN_POINT('Origin',(-96.,-25.,0.));
#7650=CARTESIAN_POINT('',(-32.,-25.,22.4300244505588));
#7651=CARTESIAN_POINT('',(-55.0000000000001,-25.,20.4878032816007));
#7652=CARTESIAN_POINT('Origin',(-96.,-25.,0.));
#7653=CARTESIAN_POINT('',(26.,-25.,23.3184118084469));
#7654=CARTESIAN_POINT('',(3.00000000000001,-25.,27.9791976805871));
#7655=CARTESIAN_POINT('Origin',(-96.,-25.,0.));
#7656=CARTESIAN_POINT('',(-3.00000000000006,-25.,24.9779756799133));
#7657=CARTESIAN_POINT('',(-25.9999999999999,-25.,26.414580586657));
#7658=CARTESIAN_POINT('Origin',(96.,-19.,0.));
#7659=CARTESIAN_POINT('',(-6.26017614123693E-14,-19.,12.0000000000007));
#7660=CARTESIAN_POINT('Origin',(96.,-19.,0.));
#7661=CARTESIAN_POINT('Origin',(32.,0.,6.));
#7662=CARTESIAN_POINT('Origin',(55.,0.,26.7228214077543));
#7663=CARTESIAN_POINT('Origin',(55.,0.,26.7228214077543));
#7664=CARTESIAN_POINT('Origin',(-55.,0.,6.));
#7665=CARTESIAN_POINT('Origin',(-32.,0.,38.5206743349828));
#7666=CARTESIAN_POINT('Origin',(-32.,0.,38.5206743349828));
#7667=CARTESIAN_POINT('Origin',(-26.,0.,6.));
#7668=CARTESIAN_POINT('Origin',(-3.00000000000005,0.,43.9532022257333));
#7669=CARTESIAN_POINT('Origin',(-3.00000000000005,0.,43.9532022257333));
#7670=CARTESIAN_POINT('Origin',(-96.,0.,12.));
#7671=CARTESIAN_POINT('Origin',(96.,0.,12.));
#7672=CARTESIAN_POINT('',(96.,0.,12.));
#7673=CARTESIAN_POINT('Origin',(87.086164228309,0.,12.));
#7674=CARTESIAN_POINT('Origin',(87.086164228309,0.,12.));
#7675=CARTESIAN_POINT('Origin',(-96.,0.,12.));
#7676=CARTESIAN_POINT('Origin',(87.086164228309,0.,12.));
#7677=CARTESIAN_POINT('',(96.,0.,12.));
#7678=CARTESIAN_POINT('Origin',(-96.,0.,12.));
#7679=CARTESIAN_POINT('Origin',(96.,0.,12.));
#7680=CARTESIAN_POINT('Origin',(61.,0.,6.));
#7681=CARTESIAN_POINT('Origin',(-61.,0.,22.1817626138935));
#7682=CARTESIAN_POINT('Origin',(3.,0.,6.));
#7683=CARTESIAN_POINT('Origin',(3.,0.,6.));
#7684=CARTESIAN_POINT('Origin',(26.,0.,40.4191653375826));
#7685=CARTESIAN_POINT('Origin',(26.,0.,40.4191653375826));
#7686=UNCERTAINTY_MEASURE_WITH_UNIT(LENGTH_MEASURE(0.01),#7690,
'DISTANCE_ACCURACY_VALUE',
'Maximum model space distance between geometric entities at asserted c
onnectivities');
#7687=UNCERTAINTY_MEASURE_WITH_UNIT(LENGTH_MEASURE(0.01),#7690,
'DISTANCE_ACCURACY_VALUE',
'Maximum model space distance between geometric entities at asserted c
onnectivities');
#7688=(
GEOMETRIC_REPRESENTATION_CONTEXT(3)
GLOBAL_UNCERTAINTY_ASSIGNED_CONTEXT((#7686))
GLOBAL_UNIT_ASSIGNED_CONTEXT((#7690,#7692,#7693))
REPRESENTATION_CONTEXT('','3D')
);
#7689=(
GEOMETRIC_REPRESENTATION_CONTEXT(3)
GLOBAL_UNCERTAINTY_ASSIGNED_CONTEXT((#7687))
GLOBAL_UNIT_ASSIGNED_CONTEXT((#7690,#7692,#7693))
REPRESENTATION_CONTEXT('','3D')
);
#7690=(
LENGTH_UNIT()
NAMED_UNIT(*)
SI_UNIT(.MILLI.,.METRE.)
);
#7691=(
LENGTH_UNIT()
NAMED_UNIT(*)
SI_UNIT($,.METRE.)
);
#7692=(
NAMED_UNIT(*)
PLANE_ANGLE_UNIT()
SI_UNIT($,.RADIAN.)
);
#7693=(
NAMED_UNIT(*)
SI_UNIT($,.STERADIAN.)
SOLID_ANGLE_UNIT()
);
#7694=SHAPE_DEFINITION_REPRESENTATION(#7695,#7696);
#7695=PRODUCT_DEFINITION_SHAPE('',$,#7698);
#7696=SHAPE_REPRESENTATION('',(#4246),#7688);
#7697=PRODUCT_DEFINITION_CONTEXT('part definition',#7702,'design');
#7698=PRODUCT_DEFINITION('Bridge-fix-groove','Bridge-fix-groove v6',#7699,
#7697);
#7699=PRODUCT_DEFINITION_FORMATION('',$,#7704);
#7700=PRODUCT_RELATED_PRODUCT_CATEGORY('Bridge-fix-groove v6',
'Bridge-fix-groove v6',(#7704));
#7701=APPLICATION_PROTOCOL_DEFINITION('international standard',
'automotive_design',2009,#7702);
#7702=APPLICATION_CONTEXT(
'Core Data for Automotive Mechanical Design Process');
#7703=PRODUCT_CONTEXT('part definition',#7702,'mechanical');
#7704=PRODUCT('Bridge-fix-groove','Bridge-fix-groove v6',$,(#7703));
#7705=PRESENTATION_STYLE_ASSIGNMENT((#7707));
#7706=PRESENTATION_STYLE_ASSIGNMENT((#7708));
#7707=SURFACE_STYLE_USAGE(.BOTH.,#7709);
#7708=SURFACE_STYLE_USAGE(.BOTH.,#7710);
#7709=SURFACE_SIDE_STYLE('',(#7711));
#7710=SURFACE_SIDE_STYLE('',(#7712));
#7711=SURFACE_STYLE_FILL_AREA(#7713);
#7712=SURFACE_STYLE_FILL_AREA(#7714);
#7713=FILL_AREA_STYLE('PLA',(#7715));
#7714=FILL_AREA_STYLE('Carbon Fiber - Plain',(#7716));
#7715=FILL_AREA_STYLE_COLOUR('PLA',#7717);
#7716=FILL_AREA_STYLE_COLOUR('Carbon Fiber - Plain',#7718);
#7717=COLOUR_RGB('PLA',0.941176470588235,0.917647058823529,0.854901960784314);
#7718=COLOUR_RGB('Carbon Fiber - Plain',0.0980392156862745,0.0980392156862745,
0.0980392156862745);
ENDSEC;
END-ISO-10303-21;
